solid OpenSCAD_Model
  facet normal -0.980786 -0.195087 0
    outer loop
      vertex 6.44439 0.84842 26
      vertex 6.27852 1.68232 29.99
      vertex 6.27852 1.68232 26
    endloop
  endfacet
  facet normal -0.980786 -0.195087 0
    outer loop
      vertex 6.27852 1.68232 29.99
      vertex 6.44439 0.84842 26
      vertex 6.44439 0.84842 29.99
    endloop
  endfacet
  facet normal -0.997859 -0.065405 0
    outer loop
      vertex 6.5 0 26
      vertex 6.44439 0.84842 29.99
      vertex 6.44439 0.84842 26
    endloop
  endfacet
  facet normal -0.997859 -0.065405 0
    outer loop
      vertex 6.44439 0.84842 29.99
      vertex 6.5 0 26
      vertex 6.5 0 29.99
    endloop
  endfacet
  facet normal -0.321438 -0.946931 0
    outer loop
      vertex 1.68232 6.27852 26
      vertex 2.48744 6.00522 29.99
      vertex 1.68232 6.27852 29.99
    endloop
  endfacet
  facet normal -0.321438 -0.946931 -0
    outer loop
      vertex 2.48744 6.00522 29.99
      vertex 1.68232 6.27852 26
      vertex 2.48744 6.00522 26
    endloop
  endfacet
  facet normal -0.555563 0.831474 0
    outer loop
      vertex 3.95695 -5.1568 26
      vertex 3.25 -5.62916 29.99
      vertex 3.95695 -5.1568 29.99
    endloop
  endfacet
  facet normal -0.555563 0.831474 0
    outer loop
      vertex 3.25 -5.62916 29.99
      vertex 3.95695 -5.1568 26
      vertex 3.25 -5.62916 26
    endloop
  endfacet
  facet normal -0.659354 -0.751833 0
    outer loop
      vertex 3.95695 5.1568 26
      vertex 4.59619 4.59619 29.99
      vertex 3.95695 5.1568 29.99
    endloop
  endfacet
  facet normal -0.659354 -0.751833 -0
    outer loop
      vertex 4.59619 4.59619 29.99
      vertex 3.95695 5.1568 26
      vertex 4.59619 4.59619 26
    endloop
  endfacet
  facet normal 0.195087 0.980786 -0
    outer loop
      vertex -0.84842 -6.44439 26
      vertex -1.68232 -6.27852 29.99
      vertex -0.84842 -6.44439 29.99
    endloop
  endfacet
  facet normal 0.195087 0.980786 0
    outer loop
      vertex -1.68232 -6.27852 29.99
      vertex -0.84842 -6.44439 26
      vertex -1.68232 -6.27852 26
    endloop
  endfacet
  facet normal -0.751833 0.659354 0
    outer loop
      vertex 4.59619 -4.59619 26
      vertex 5.1568 -3.95695 29.99
      vertex 5.1568 -3.95695 26
    endloop
  endfacet
  facet normal -0.751833 0.659354 0
    outer loop
      vertex 5.1568 -3.95695 29.99
      vertex 4.59619 -4.59619 26
      vertex 4.59619 -4.59619 29.99
    endloop
  endfacet
  facet normal 0.946931 -0.321438 0
    outer loop
      vertex -6.27852 1.68232 29.99
      vertex -6.00522 2.48744 26
      vertex -6.00522 2.48744 29.99
    endloop
  endfacet
  facet normal 0.946931 -0.321438 0
    outer loop
      vertex -6.00522 2.48744 26
      vertex -6.27852 1.68232 29.99
      vertex -6.27852 1.68232 26
    endloop
  endfacet
  facet normal -0.065405 -0.997859 0
    outer loop
      vertex 0 6.5 26
      vertex 0.84842 6.44439 29.99
      vertex 0 6.5 29.99
    endloop
  endfacet
  facet normal -0.065405 -0.997859 -0
    outer loop
      vertex 0.84842 6.44439 29.99
      vertex 0 6.5 26
      vertex 0.84842 6.44439 26
    endloop
  endfacet
  facet normal 0.321438 -0.946931 0
    outer loop
      vertex -2.48744 6.00522 26
      vertex -1.68232 6.27852 29.99
      vertex -2.48744 6.00522 29.99
    endloop
  endfacet
  facet normal 0.321438 -0.946931 0
    outer loop
      vertex -1.68232 6.27852 29.99
      vertex -2.48744 6.00522 26
      vertex -1.68232 6.27852 26
    endloop
  endfacet
  facet normal 0.997859 0.065405 0
    outer loop
      vertex -6.44439 -0.84842 29.99
      vertex -6.5 0 26
      vertex -6.5 0 29.99
    endloop
  endfacet
  facet normal 0.997859 0.065405 0
    outer loop
      vertex -6.5 0 26
      vertex -6.44439 -0.84842 29.99
      vertex -6.44439 -0.84842 26
    endloop
  endfacet
  facet normal 0.065405 0.997859 -0
    outer loop
      vertex 0 -6.5 26
      vertex -0.84842 -6.44439 29.99
      vertex 0 -6.5 29.99
    endloop
  endfacet
  facet normal 0.065405 0.997859 0
    outer loop
      vertex -0.84842 -6.44439 29.99
      vertex 0 -6.5 26
      vertex -0.84842 -6.44439 26
    endloop
  endfacet
  facet normal -0.997859 0.065405 0
    outer loop
      vertex 6.44439 -0.84842 26
      vertex 6.5 0 29.99
      vertex 6.5 0 26
    endloop
  endfacet
  facet normal -0.997859 0.065405 0
    outer loop
      vertex 6.5 0 29.99
      vertex 6.44439 -0.84842 26
      vertex 6.44439 -0.84842 29.99
    endloop
  endfacet
  facet normal -0.751833 -0.659354 0
    outer loop
      vertex 5.1568 3.95695 26
      vertex 4.59619 4.59619 29.99
      vertex 4.59619 4.59619 26
    endloop
  endfacet
  facet normal -0.751833 -0.659354 0
    outer loop
      vertex 4.59619 4.59619 29.99
      vertex 5.1568 3.95695 26
      vertex 5.1568 3.95695 29.99
    endloop
  endfacet
  facet normal 0.946931 0.321438 0
    outer loop
      vertex -6.00522 -2.48744 29.99
      vertex -6.27852 -1.68232 26
      vertex -6.27852 -1.68232 29.99
    endloop
  endfacet
  facet normal 0.946931 0.321438 0
    outer loop
      vertex -6.27852 -1.68232 26
      vertex -6.00522 -2.48744 29.99
      vertex -6.00522 -2.48744 26
    endloop
  endfacet
  facet normal 0.980786 0.195087 0
    outer loop
      vertex -6.27852 -1.68232 29.99
      vertex -6.44439 -0.84842 26
      vertex -6.44439 -0.84842 29.99
    endloop
  endfacet
  facet normal 0.980786 0.195087 0
    outer loop
      vertex -6.44439 -0.84842 26
      vertex -6.27852 -1.68232 29.99
      vertex -6.27852 -1.68232 26
    endloop
  endfacet
  facet normal -0.195087 -0.980786 0
    outer loop
      vertex 0.84842 6.44439 26
      vertex 1.68232 6.27852 29.99
      vertex 0.84842 6.44439 29.99
    endloop
  endfacet
  facet normal -0.195087 -0.980786 -0
    outer loop
      vertex 1.68232 6.27852 29.99
      vertex 0.84842 6.44439 26
      vertex 1.68232 6.27852 26
    endloop
  endfacet
  facet normal 0.751833 0.659354 0
    outer loop
      vertex -4.59619 -4.59619 29.99
      vertex -5.1568 -3.95695 26
      vertex -5.1568 -3.95695 29.99
    endloop
  endfacet
  facet normal 0.751833 0.659354 0
    outer loop
      vertex -5.1568 -3.95695 26
      vertex -4.59619 -4.59619 29.99
      vertex -4.59619 -4.59619 26
    endloop
  endfacet
  facet normal 0.659354 -0.751833 0
    outer loop
      vertex -4.59619 4.59619 26
      vertex -3.95695 5.1568 29.99
      vertex -4.59619 4.59619 29.99
    endloop
  endfacet
  facet normal 0.659354 -0.751833 0
    outer loop
      vertex -3.95695 5.1568 29.99
      vertex -4.59619 4.59619 26
      vertex -3.95695 5.1568 26
    endloop
  endfacet
  facet normal 0.896869 -0.442295 0
    outer loop
      vertex -6.00522 2.48744 29.99
      vertex -5.62916 3.25 26
      vertex -5.62916 3.25 29.99
    endloop
  endfacet
  facet normal 0.896869 -0.442295 0
    outer loop
      vertex -5.62916 3.25 26
      vertex -6.00522 2.48744 29.99
      vertex -6.00522 2.48744 26
    endloop
  endfacet
  facet normal -0.831474 0.555563 0
    outer loop
      vertex 5.1568 -3.95695 26
      vertex 5.62916 -3.25 29.99
      vertex 5.62916 -3.25 26
    endloop
  endfacet
  facet normal -0.831474 0.555563 0
    outer loop
      vertex 5.62916 -3.25 29.99
      vertex 5.1568 -3.95695 26
      vertex 5.1568 -3.95695 29.99
    endloop
  endfacet
  facet normal -0.831474 -0.555563 0
    outer loop
      vertex 5.62916 3.25 26
      vertex 5.1568 3.95695 29.99
      vertex 5.1568 3.95695 26
    endloop
  endfacet
  facet normal -0.831474 -0.555563 0
    outer loop
      vertex 5.1568 3.95695 29.99
      vertex 5.62916 3.25 26
      vertex 5.62916 3.25 29.99
    endloop
  endfacet
  facet normal 0.751833 -0.659354 0
    outer loop
      vertex -5.1568 3.95695 29.99
      vertex -4.59619 4.59619 26
      vertex -4.59619 4.59619 29.99
    endloop
  endfacet
  facet normal 0.751833 -0.659354 0
    outer loop
      vertex -4.59619 4.59619 26
      vertex -5.1568 3.95695 29.99
      vertex -5.1568 3.95695 26
    endloop
  endfacet
  facet normal -0.659354 0.751833 0
    outer loop
      vertex 4.59619 -4.59619 26
      vertex 3.95695 -5.1568 29.99
      vertex 4.59619 -4.59619 29.99
    endloop
  endfacet
  facet normal -0.659354 0.751833 0
    outer loop
      vertex 3.95695 -5.1568 29.99
      vertex 4.59619 -4.59619 26
      vertex 3.95695 -5.1568 26
    endloop
  endfacet
  facet normal 0.831474 0.555563 0
    outer loop
      vertex -5.1568 -3.95695 29.99
      vertex -5.62916 -3.25 26
      vertex -5.62916 -3.25 29.99
    endloop
  endfacet
  facet normal 0.831474 0.555563 0
    outer loop
      vertex -5.62916 -3.25 26
      vertex -5.1568 -3.95695 29.99
      vertex -5.1568 -3.95695 26
    endloop
  endfacet
  facet normal 0.195087 -0.980786 0
    outer loop
      vertex -1.68232 6.27852 26
      vertex -0.84842 6.44439 29.99
      vertex -1.68232 6.27852 29.99
    endloop
  endfacet
  facet normal 0.195087 -0.980786 0
    outer loop
      vertex -0.84842 6.44439 29.99
      vertex -1.68232 6.27852 26
      vertex -0.84842 6.44439 26
    endloop
  endfacet
  facet normal -0.946931 0.321438 0
    outer loop
      vertex 6.00522 -2.48744 26
      vertex 6.27852 -1.68232 29.99
      vertex 6.27852 -1.68232 26
    endloop
  endfacet
  facet normal -0.946931 0.321438 0
    outer loop
      vertex 6.27852 -1.68232 29.99
      vertex 6.00522 -2.48744 26
      vertex 6.00522 -2.48744 29.99
    endloop
  endfacet
  facet normal -0.442295 -0.896869 0
    outer loop
      vertex 2.48744 6.00522 26
      vertex 3.25 5.62916 29.99
      vertex 2.48744 6.00522 29.99
    endloop
  endfacet
  facet normal -0.442295 -0.896869 -0
    outer loop
      vertex 3.25 5.62916 29.99
      vertex 2.48744 6.00522 26
      vertex 3.25 5.62916 26
    endloop
  endfacet
  facet normal 0.065405 -0.997859 0
    outer loop
      vertex -0.84842 6.44439 26
      vertex 0 6.5 29.99
      vertex -0.84842 6.44439 29.99
    endloop
  endfacet
  facet normal 0.065405 -0.997859 0
    outer loop
      vertex 0 6.5 29.99
      vertex -0.84842 6.44439 26
      vertex 0 6.5 26
    endloop
  endfacet
  facet normal -0.065405 0.997859 0
    outer loop
      vertex 0.84842 -6.44439 26
      vertex 0 -6.5 29.99
      vertex 0.84842 -6.44439 29.99
    endloop
  endfacet
  facet normal -0.065405 0.997859 0
    outer loop
      vertex 0 -6.5 29.99
      vertex 0.84842 -6.44439 26
      vertex 0 -6.5 26
    endloop
  endfacet
  facet normal -0.555563 -0.831474 0
    outer loop
      vertex 3.25 5.62916 26
      vertex 3.95695 5.1568 29.99
      vertex 3.25 5.62916 29.99
    endloop
  endfacet
  facet normal -0.555563 -0.831474 -0
    outer loop
      vertex 3.95695 5.1568 29.99
      vertex 3.25 5.62916 26
      vertex 3.95695 5.1568 26
    endloop
  endfacet
  facet normal 0.896869 0.442295 0
    outer loop
      vertex -5.62916 -3.25 29.99
      vertex -6.00522 -2.48744 26
      vertex -6.00522 -2.48744 29.99
    endloop
  endfacet
  facet normal 0.896869 0.442295 0
    outer loop
      vertex -6.00522 -2.48744 26
      vertex -5.62916 -3.25 29.99
      vertex -5.62916 -3.25 26
    endloop
  endfacet
  facet normal 0.659354 0.751833 -0
    outer loop
      vertex -3.95695 -5.1568 26
      vertex -4.59619 -4.59619 29.99
      vertex -3.95695 -5.1568 29.99
    endloop
  endfacet
  facet normal 0.659354 0.751833 0
    outer loop
      vertex -4.59619 -4.59619 29.99
      vertex -3.95695 -5.1568 26
      vertex -4.59619 -4.59619 26
    endloop
  endfacet
  facet normal 0.980786 -0.195087 0
    outer loop
      vertex -6.44439 0.84842 29.99
      vertex -6.27852 1.68232 26
      vertex -6.27852 1.68232 29.99
    endloop
  endfacet
  facet normal 0.980786 -0.195087 0
    outer loop
      vertex -6.27852 1.68232 26
      vertex -6.44439 0.84842 29.99
      vertex -6.44439 0.84842 26
    endloop
  endfacet
  facet normal -0.896869 -0.442295 0
    outer loop
      vertex 6.00522 2.48744 26
      vertex 5.62916 3.25 29.99
      vertex 5.62916 3.25 26
    endloop
  endfacet
  facet normal -0.896869 -0.442295 0
    outer loop
      vertex 5.62916 3.25 29.99
      vertex 6.00522 2.48744 26
      vertex 6.00522 2.48744 29.99
    endloop
  endfacet
  facet normal -0.195087 0.980786 0
    outer loop
      vertex 1.68232 -6.27852 26
      vertex 0.84842 -6.44439 29.99
      vertex 1.68232 -6.27852 29.99
    endloop
  endfacet
  facet normal -0.195087 0.980786 0
    outer loop
      vertex 0.84842 -6.44439 29.99
      vertex 1.68232 -6.27852 26
      vertex 0.84842 -6.44439 26
    endloop
  endfacet
  facet normal -0.896869 0.442295 0
    outer loop
      vertex 5.62916 -3.25 26
      vertex 6.00522 -2.48744 29.99
      vertex 6.00522 -2.48744 26
    endloop
  endfacet
  facet normal -0.896869 0.442295 0
    outer loop
      vertex 6.00522 -2.48744 29.99
      vertex 5.62916 -3.25 26
      vertex 5.62916 -3.25 29.99
    endloop
  endfacet
  facet normal -0.980786 0.195087 0
    outer loop
      vertex 6.27852 -1.68232 26
      vertex 6.44439 -0.84842 29.99
      vertex 6.44439 -0.84842 26
    endloop
  endfacet
  facet normal -0.980786 0.195087 0
    outer loop
      vertex 6.44439 -0.84842 29.99
      vertex 6.27852 -1.68232 26
      vertex 6.27852 -1.68232 29.99
    endloop
  endfacet
  facet normal 0.555563 -0.831474 0
    outer loop
      vertex -3.95695 5.1568 26
      vertex -3.25 5.62916 29.99
      vertex -3.95695 5.1568 29.99
    endloop
  endfacet
  facet normal 0.555563 -0.831474 0
    outer loop
      vertex -3.25 5.62916 29.99
      vertex -3.95695 5.1568 26
      vertex -3.25 5.62916 26
    endloop
  endfacet
  facet normal -0.946931 -0.321438 0
    outer loop
      vertex 6.27852 1.68232 26
      vertex 6.00522 2.48744 29.99
      vertex 6.00522 2.48744 26
    endloop
  endfacet
  facet normal -0.946931 -0.321438 0
    outer loop
      vertex 6.00522 2.48744 29.99
      vertex 6.27852 1.68232 26
      vertex 6.27852 1.68232 29.99
    endloop
  endfacet
  facet normal -0.321438 0.946931 0
    outer loop
      vertex 2.48744 -6.00522 26
      vertex 1.68232 -6.27852 29.99
      vertex 2.48744 -6.00522 29.99
    endloop
  endfacet
  facet normal -0.321438 0.946931 0
    outer loop
      vertex 1.68232 -6.27852 29.99
      vertex 2.48744 -6.00522 26
      vertex 1.68232 -6.27852 26
    endloop
  endfacet
  facet normal -0.442295 0.896869 0
    outer loop
      vertex 3.25 -5.62916 26
      vertex 2.48744 -6.00522 29.99
      vertex 3.25 -5.62916 29.99
    endloop
  endfacet
  facet normal -0.442295 0.896869 0
    outer loop
      vertex 2.48744 -6.00522 29.99
      vertex 3.25 -5.62916 26
      vertex 2.48744 -6.00522 26
    endloop
  endfacet
  facet normal 0.997859 -0.065405 0
    outer loop
      vertex -6.5 0 29.99
      vertex -6.44439 0.84842 26
      vertex -6.44439 0.84842 29.99
    endloop
  endfacet
  facet normal 0.997859 -0.065405 0
    outer loop
      vertex -6.44439 0.84842 26
      vertex -6.5 0 29.99
      vertex -6.5 0 26
    endloop
  endfacet
  facet normal 0.321438 0.946931 -0
    outer loop
      vertex -1.68232 -6.27852 26
      vertex -2.48744 -6.00522 29.99
      vertex -1.68232 -6.27852 29.99
    endloop
  endfacet
  facet normal 0.321438 0.946931 0
    outer loop
      vertex -2.48744 -6.00522 29.99
      vertex -1.68232 -6.27852 26
      vertex -2.48744 -6.00522 26
    endloop
  endfacet
  facet normal 0.442295 -0.896869 0
    outer loop
      vertex -3.25 5.62916 26
      vertex -2.48744 6.00522 29.99
      vertex -3.25 5.62916 29.99
    endloop
  endfacet
  facet normal 0.442295 -0.896869 0
    outer loop
      vertex -2.48744 6.00522 29.99
      vertex -3.25 5.62916 26
      vertex -2.48744 6.00522 26
    endloop
  endfacet
  facet normal 0.831474 -0.555563 0
    outer loop
      vertex -5.62916 3.25 29.99
      vertex -5.1568 3.95695 26
      vertex -5.1568 3.95695 29.99
    endloop
  endfacet
  facet normal 0.831474 -0.555563 0
    outer loop
      vertex -5.1568 3.95695 26
      vertex -5.62916 3.25 29.99
      vertex -5.62916 3.25 26
    endloop
  endfacet
  facet normal 0.442295 0.896869 -0
    outer loop
      vertex -2.48744 -6.00522 26
      vertex -3.25 -5.62916 29.99
      vertex -2.48744 -6.00522 29.99
    endloop
  endfacet
  facet normal 0.442295 0.896869 0
    outer loop
      vertex -3.25 -5.62916 29.99
      vertex -2.48744 -6.00522 26
      vertex -3.25 -5.62916 26
    endloop
  endfacet
  facet normal 0.555563 0.831474 -0
    outer loop
      vertex -3.25 -5.62916 26
      vertex -3.95695 -5.1568 29.99
      vertex -3.25 -5.62916 29.99
    endloop
  endfacet
  facet normal 0.555563 0.831474 0
    outer loop
      vertex -3.95695 -5.1568 29.99
      vertex -3.25 -5.62916 26
      vertex -3.95695 -5.1568 26
    endloop
  endfacet
  facet normal 0 0 -1
    outer loop
      vertex 3.3 0 29.99
      vertex 6.5 0 29.99
      vertex 6.44439 -0.84842 29.99
    endloop
  endfacet
  facet normal 0 0 -1
    outer loop
      vertex 3.27177 -0.430736 29.99
      vertex 6.44439 -0.84842 29.99
      vertex 6.27852 -1.68232 29.99
    endloop
  endfacet
  facet normal 0 0 -1
    outer loop
      vertex 6.5 0 29.99
      vertex 3.3 0 29.99
      vertex 6.44439 0.84842 29.99
    endloop
  endfacet
  facet normal 0 0 -1
    outer loop
      vertex 3.18755 -0.854102 29.99
      vertex 6.27852 -1.68232 29.99
      vertex 6.00522 -2.48744 29.99
    endloop
  endfacet
  facet normal 0 0 -1
    outer loop
      vertex 3.27177 0.430736 29.99
      vertex 6.44439 0.84842 29.99
      vertex 3.3 0 29.99
    endloop
  endfacet
  facet normal 0 0 -1
    outer loop
      vertex 3.0488 -1.26285 29.99
      vertex 6.00522 -2.48744 29.99
      vertex 5.62916 -3.25 29.99
    endloop
  endfacet
  facet normal -0 0 -1
    outer loop
      vertex 6.44439 0.84842 29.99
      vertex 3.27177 0.430736 29.99
      vertex 6.27852 1.68232 29.99
    endloop
  endfacet
  facet normal 0 0 -1
    outer loop
      vertex 2.85788 -1.65 29.99
      vertex 5.62916 -3.25 29.99
      vertex 5.1568 -3.95695 29.99
    endloop
  endfacet
  facet normal 0 0 -1
    outer loop
      vertex 3.18755 0.854102 29.99
      vertex 6.27852 1.68232 29.99
      vertex 3.27177 0.430736 29.99
    endloop
  endfacet
  facet normal 0 0 -1
    outer loop
      vertex 2.61807 -2.00891 29.99
      vertex 5.1568 -3.95695 29.99
      vertex 4.59619 -4.59619 29.99
    endloop
  endfacet
  facet normal -0 0 -1
    outer loop
      vertex 6.27852 1.68232 29.99
      vertex 3.18755 0.854102 29.99
      vertex 6.00522 2.48744 29.99
    endloop
  endfacet
  facet normal 0 0 -1
    outer loop
      vertex 2.33345 -2.33345 29.99
      vertex 4.59619 -4.59619 29.99
      vertex 3.95695 -5.1568 29.99
    endloop
  endfacet
  facet normal 0 0 -1
    outer loop
      vertex 3.0488 1.26285 29.99
      vertex 6.00522 2.48744 29.99
      vertex 3.18755 0.854102 29.99
    endloop
  endfacet
  facet normal -0 0 -1
    outer loop
      vertex 6.00522 2.48744 29.99
      vertex 3.0488 1.26285 29.99
      vertex 5.62916 3.25 29.99
    endloop
  endfacet
  facet normal 0 0 -1
    outer loop
      vertex 6.44439 -0.84842 29.99
      vertex 3.27177 -0.430736 29.99
      vertex 3.3 0 29.99
    endloop
  endfacet
  facet normal 0 0 -1
    outer loop
      vertex 2.00891 -2.61807 29.99
      vertex 3.95695 -5.1568 29.99
      vertex 3.25 -5.62916 29.99
    endloop
  endfacet
  facet normal 0 0 -1
    outer loop
      vertex 6.27852 -1.68232 29.99
      vertex 3.18755 -0.854102 29.99
      vertex 3.27177 -0.430736 29.99
    endloop
  endfacet
  facet normal 0 0 -1
    outer loop
      vertex 6.00522 -2.48744 29.99
      vertex 3.0488 -1.26285 29.99
      vertex 3.18755 -0.854102 29.99
    endloop
  endfacet
  facet normal 0 0 -1
    outer loop
      vertex 5.62916 -3.25 29.99
      vertex 2.85788 -1.65 29.99
      vertex 3.0488 -1.26285 29.99
    endloop
  endfacet
  facet normal 0 0 -1
    outer loop
      vertex 5.1568 -3.95695 29.99
      vertex 2.61807 -2.00891 29.99
      vertex 2.85788 -1.65 29.99
    endloop
  endfacet
  facet normal 0 0 -1
    outer loop
      vertex 1.65 -2.85788 29.99
      vertex 3.25 -5.62916 29.99
      vertex 2.48744 -6.00522 29.99
    endloop
  endfacet
  facet normal 0 0 -1
    outer loop
      vertex 4.59619 -4.59619 29.99
      vertex 2.33345 -2.33345 29.99
      vertex 2.61807 -2.00891 29.99
    endloop
  endfacet
  facet normal 0 0 -1
    outer loop
      vertex 3.95695 -5.1568 29.99
      vertex 2.00891 -2.61807 29.99
      vertex 2.33345 -2.33345 29.99
    endloop
  endfacet
  facet normal 0 0 -1
    outer loop
      vertex 1.26285 -3.0488 29.99
      vertex 2.48744 -6.00522 29.99
      vertex 1.68232 -6.27852 29.99
    endloop
  endfacet
  facet normal 0 0 -1
    outer loop
      vertex 3.25 -5.62916 29.99
      vertex 1.65 -2.85788 29.99
      vertex 2.00891 -2.61807 29.99
    endloop
  endfacet
  facet normal 0 0 -1
    outer loop
      vertex 2.48744 -6.00522 29.99
      vertex 1.26285 -3.0488 29.99
      vertex 1.65 -2.85788 29.99
    endloop
  endfacet
  facet normal 0 0 -1
    outer loop
      vertex 1.68232 -6.27852 29.99
      vertex 0.854102 -3.18755 29.99
      vertex 1.26285 -3.0488 29.99
    endloop
  endfacet
  facet normal 0 0 -1
    outer loop
      vertex 0.84842 -6.44439 29.99
      vertex 0.854102 -3.18755 29.99
      vertex 1.68232 -6.27852 29.99
    endloop
  endfacet
  facet normal 0 0 -1
    outer loop
      vertex 0.84842 -6.44439 29.99
      vertex 0.430736 -3.27177 29.99
      vertex 0.854102 -3.18755 29.99
    endloop
  endfacet
  facet normal 0 0 -1
    outer loop
      vertex 0 -6.5 29.99
      vertex 0.430736 -3.27177 29.99
      vertex 0.84842 -6.44439 29.99
    endloop
  endfacet
  facet normal 0 0 -1
    outer loop
      vertex 0 -6.5 29.99
      vertex 0 -3.3 29.99
      vertex 0.430736 -3.27177 29.99
    endloop
  endfacet
  facet normal 0 0 -1
    outer loop
      vertex 0 -6.5 29.99
      vertex -0.430736 -3.27177 29.99
      vertex 0 -3.3 29.99
    endloop
  endfacet
  facet normal 0 0 -1
    outer loop
      vertex -0.84842 -6.44439 29.99
      vertex -0.430736 -3.27177 29.99
      vertex 0 -6.5 29.99
    endloop
  endfacet
  facet normal 0 0 -1
    outer loop
      vertex -0.84842 -6.44439 29.99
      vertex -0.854102 -3.18755 29.99
      vertex -0.430736 -3.27177 29.99
    endloop
  endfacet
  facet normal 0 0 -1
    outer loop
      vertex -1.68232 -6.27852 29.99
      vertex -0.854102 -3.18755 29.99
      vertex -0.84842 -6.44439 29.99
    endloop
  endfacet
  facet normal -0 0 -1
    outer loop
      vertex -0.854102 -3.18755 29.99
      vertex -1.68232 -6.27852 29.99
      vertex -1.26285 -3.0488 29.99
    endloop
  endfacet
  facet normal 0 0 -1
    outer loop
      vertex -2.48744 -6.00522 29.99
      vertex -1.26285 -3.0488 29.99
      vertex -1.68232 -6.27852 29.99
    endloop
  endfacet
  facet normal -0 0 -1
    outer loop
      vertex -1.26285 -3.0488 29.99
      vertex -2.48744 -6.00522 29.99
      vertex -1.65 -2.85788 29.99
    endloop
  endfacet
  facet normal 0 0 -1
    outer loop
      vertex -3.25 -5.62916 29.99
      vertex -1.65 -2.85788 29.99
      vertex -2.48744 -6.00522 29.99
    endloop
  endfacet
  facet normal -0 0 -1
    outer loop
      vertex -1.65 -2.85788 29.99
      vertex -3.25 -5.62916 29.99
      vertex -2.00891 -2.61807 29.99
    endloop
  endfacet
  facet normal 0 0 -1
    outer loop
      vertex -3.95695 -5.1568 29.99
      vertex -2.00891 -2.61807 29.99
      vertex -3.25 -5.62916 29.99
    endloop
  endfacet
  facet normal -0 0 -1
    outer loop
      vertex -2.00891 -2.61807 29.99
      vertex -3.95695 -5.1568 29.99
      vertex -2.33345 -2.33345 29.99
    endloop
  endfacet
  facet normal 0 0 -1
    outer loop
      vertex -4.59619 -4.59619 29.99
      vertex -2.33345 -2.33345 29.99
      vertex -3.95695 -5.1568 29.99
    endloop
  endfacet
  facet normal -0 0 -1
    outer loop
      vertex -2.33345 -2.33345 29.99
      vertex -4.59619 -4.59619 29.99
      vertex -2.61807 -2.00891 29.99
    endloop
  endfacet
  facet normal 0 0 -1
    outer loop
      vertex -5.1568 -3.95695 29.99
      vertex -2.61807 -2.00891 29.99
      vertex -4.59619 -4.59619 29.99
    endloop
  endfacet
  facet normal -0 0 -1
    outer loop
      vertex -2.61807 -2.00891 29.99
      vertex -5.1568 -3.95695 29.99
      vertex -2.85788 -1.65 29.99
    endloop
  endfacet
  facet normal 0 0 -1
    outer loop
      vertex -5.62916 -3.25 29.99
      vertex -2.85788 -1.65 29.99
      vertex -5.1568 -3.95695 29.99
    endloop
  endfacet
  facet normal -0 0 -1
    outer loop
      vertex -2.85788 -1.65 29.99
      vertex -5.62916 -3.25 29.99
      vertex -3.0488 -1.26285 29.99
    endloop
  endfacet
  facet normal 0 0 -1
    outer loop
      vertex 2.85788 1.65 29.99
      vertex 5.62916 3.25 29.99
      vertex 3.0488 1.26285 29.99
    endloop
  endfacet
  facet normal -0 0 -1
    outer loop
      vertex 5.62916 3.25 29.99
      vertex 2.85788 1.65 29.99
      vertex 5.1568 3.95695 29.99
    endloop
  endfacet
  facet normal 0 0 -1
    outer loop
      vertex 2.61807 2.00891 29.99
      vertex 5.1568 3.95695 29.99
      vertex 2.85788 1.65 29.99
    endloop
  endfacet
  facet normal -0 0 -1
    outer loop
      vertex 5.1568 3.95695 29.99
      vertex 2.61807 2.00891 29.99
      vertex 4.59619 4.59619 29.99
    endloop
  endfacet
  facet normal 0 0 -1
    outer loop
      vertex 2.33345 2.33345 29.99
      vertex 4.59619 4.59619 29.99
      vertex 2.61807 2.00891 29.99
    endloop
  endfacet
  facet normal -0 0 -1
    outer loop
      vertex 4.59619 4.59619 29.99
      vertex 2.33345 2.33345 29.99
      vertex 3.95695 5.1568 29.99
    endloop
  endfacet
  facet normal 0 0 -1
    outer loop
      vertex 2.00891 2.61807 29.99
      vertex 3.95695 5.1568 29.99
      vertex 2.33345 2.33345 29.99
    endloop
  endfacet
  facet normal -0 0 -1
    outer loop
      vertex 3.95695 5.1568 29.99
      vertex 2.00891 2.61807 29.99
      vertex 3.25 5.62916 29.99
    endloop
  endfacet
  facet normal 0 0 -1
    outer loop
      vertex 1.65 2.85788 29.99
      vertex 3.25 5.62916 29.99
      vertex 2.00891 2.61807 29.99
    endloop
  endfacet
  facet normal -0 0 -1
    outer loop
      vertex 3.25 5.62916 29.99
      vertex 1.65 2.85788 29.99
      vertex 2.48744 6.00522 29.99
    endloop
  endfacet
  facet normal 0 0 -1
    outer loop
      vertex 1.26285 3.0488 29.99
      vertex 2.48744 6.00522 29.99
      vertex 1.65 2.85788 29.99
    endloop
  endfacet
  facet normal -0 0 -1
    outer loop
      vertex 2.48744 6.00522 29.99
      vertex 1.26285 3.0488 29.99
      vertex 1.68232 6.27852 29.99
    endloop
  endfacet
  facet normal 0 0 -1
    outer loop
      vertex 0.854102 3.18755 29.99
      vertex 1.68232 6.27852 29.99
      vertex 1.26285 3.0488 29.99
    endloop
  endfacet
  facet normal 0 0 -1
    outer loop
      vertex 0.854102 3.18755 29.99
      vertex 0.84842 6.44439 29.99
      vertex 1.68232 6.27852 29.99
    endloop
  endfacet
  facet normal 0 0 -1
    outer loop
      vertex 0.430736 3.27177 29.99
      vertex 0.84842 6.44439 29.99
      vertex 0.854102 3.18755 29.99
    endloop
  endfacet
  facet normal 0 0 -1
    outer loop
      vertex 0 3.3 29.99
      vertex 0.84842 6.44439 29.99
      vertex 0.430736 3.27177 29.99
    endloop
  endfacet
  facet normal 0 0 -1
    outer loop
      vertex 0 3.3 29.99
      vertex 0 6.5 29.99
      vertex 0.84842 6.44439 29.99
    endloop
  endfacet
  facet normal 0 0 -1
    outer loop
      vertex -0.430736 3.27177 29.99
      vertex 0 6.5 29.99
      vertex 0 3.3 29.99
    endloop
  endfacet
  facet normal 0 0 -1
    outer loop
      vertex -0.430736 3.27177 29.99
      vertex -0.84842 6.44439 29.99
      vertex 0 6.5 29.99
    endloop
  endfacet
  facet normal 0 0 -1
    outer loop
      vertex -0.854102 3.18755 29.99
      vertex -0.84842 6.44439 29.99
      vertex -0.430736 3.27177 29.99
    endloop
  endfacet
  facet normal 0 0 -1
    outer loop
      vertex -1.68232 6.27852 29.99
      vertex -0.854102 3.18755 29.99
      vertex -1.26285 3.0488 29.99
    endloop
  endfacet
  facet normal 0 0 -1
    outer loop
      vertex -2.48744 6.00522 29.99
      vertex -1.26285 3.0488 29.99
      vertex -1.65 2.85788 29.99
    endloop
  endfacet
  facet normal 0 0 -1
    outer loop
      vertex -0.854102 3.18755 29.99
      vertex -1.68232 6.27852 29.99
      vertex -0.84842 6.44439 29.99
    endloop
  endfacet
  facet normal 0 0 -1
    outer loop
      vertex -3.25 5.62916 29.99
      vertex -1.65 2.85788 29.99
      vertex -2.00891 2.61807 29.99
    endloop
  endfacet
  facet normal 0 0 -1
    outer loop
      vertex -3.95695 5.1568 29.99
      vertex -2.00891 2.61807 29.99
      vertex -2.33345 2.33345 29.99
    endloop
  endfacet
  facet normal 0 0 -1
    outer loop
      vertex -1.26285 3.0488 29.99
      vertex -2.48744 6.00522 29.99
      vertex -1.68232 6.27852 29.99
    endloop
  endfacet
  facet normal 0 0 -1
    outer loop
      vertex -4.59619 4.59619 29.99
      vertex -2.33345 2.33345 29.99
      vertex -2.61807 2.00891 29.99
    endloop
  endfacet
  facet normal 0 0 -1
    outer loop
      vertex -5.1568 3.95695 29.99
      vertex -2.61807 2.00891 29.99
      vertex -2.85788 1.65 29.99
    endloop
  endfacet
  facet normal 0 0 -1
    outer loop
      vertex -5.62916 3.25 29.99
      vertex -2.85788 1.65 29.99
      vertex -3.0488 1.26285 29.99
    endloop
  endfacet
  facet normal 0 0 -1
    outer loop
      vertex -6.00522 2.48744 29.99
      vertex -3.0488 1.26285 29.99
      vertex -3.18755 0.854102 29.99
    endloop
  endfacet
  facet normal 0 0 -1
    outer loop
      vertex -1.65 2.85788 29.99
      vertex -3.25 5.62916 29.99
      vertex -2.48744 6.00522 29.99
    endloop
  endfacet
  facet normal 0 0 -1
    outer loop
      vertex -6.27852 1.68232 29.99
      vertex -3.18755 0.854102 29.99
      vertex -3.27177 0.430736 29.99
    endloop
  endfacet
  facet normal 0 0 -1
    outer loop
      vertex -6.44439 0.84842 29.99
      vertex -3.27177 0.430736 29.99
      vertex -3.3 0 29.99
    endloop
  endfacet
  facet normal 0 0 -1
    outer loop
      vertex -6.00522 -2.48744 29.99
      vertex -3.0488 -1.26285 29.99
      vertex -5.62916 -3.25 29.99
    endloop
  endfacet
  facet normal 0 0 -1
    outer loop
      vertex -2.00891 2.61807 29.99
      vertex -3.95695 5.1568 29.99
      vertex -3.25 5.62916 29.99
    endloop
  endfacet
  facet normal -0 0 -1
    outer loop
      vertex -3.0488 -1.26285 29.99
      vertex -6.00522 -2.48744 29.99
      vertex -3.18755 -0.854102 29.99
    endloop
  endfacet
  facet normal 0 0 -1
    outer loop
      vertex -2.33345 2.33345 29.99
      vertex -4.59619 4.59619 29.99
      vertex -3.95695 5.1568 29.99
    endloop
  endfacet
  facet normal 0 0 -1
    outer loop
      vertex -6.27852 -1.68232 29.99
      vertex -3.18755 -0.854102 29.99
      vertex -6.00522 -2.48744 29.99
    endloop
  endfacet
  facet normal 0 0 -1
    outer loop
      vertex -2.61807 2.00891 29.99
      vertex -5.1568 3.95695 29.99
      vertex -4.59619 4.59619 29.99
    endloop
  endfacet
  facet normal -0 0 -1
    outer loop
      vertex -3.18755 -0.854102 29.99
      vertex -6.27852 -1.68232 29.99
      vertex -3.27177 -0.430736 29.99
    endloop
  endfacet
  facet normal 0 0 -1
    outer loop
      vertex -2.85788 1.65 29.99
      vertex -5.62916 3.25 29.99
      vertex -5.1568 3.95695 29.99
    endloop
  endfacet
  facet normal 0 0 -1
    outer loop
      vertex -6.44439 -0.84842 29.99
      vertex -3.27177 -0.430736 29.99
      vertex -6.27852 -1.68232 29.99
    endloop
  endfacet
  facet normal 0 0 -1
    outer loop
      vertex -3.0488 1.26285 29.99
      vertex -6.00522 2.48744 29.99
      vertex -5.62916 3.25 29.99
    endloop
  endfacet
  facet normal -0 0 -1
    outer loop
      vertex -3.27177 -0.430736 29.99
      vertex -6.44439 -0.84842 29.99
      vertex -3.3 0 29.99
    endloop
  endfacet
  facet normal 0 0 -1
    outer loop
      vertex -3.18755 0.854102 29.99
      vertex -6.27852 1.68232 29.99
      vertex -6.00522 2.48744 29.99
    endloop
  endfacet
  facet normal 0 0 -1
    outer loop
      vertex -6.5 0 29.99
      vertex -3.3 0 29.99
      vertex -6.44439 -0.84842 29.99
    endloop
  endfacet
  facet normal 0 0 -1
    outer loop
      vertex -3.27177 0.430736 29.99
      vertex -6.44439 0.84842 29.99
      vertex -6.27852 1.68232 29.99
    endloop
  endfacet
  facet normal 0 0 -1
    outer loop
      vertex -3.3 0 29.99
      vertex -6.5 0 29.99
      vertex -6.44439 0.84842 29.99
    endloop
  endfacet
  facet normal -0.980782 -0.195107 0
    outer loop
      vertex 3.27177 0.430736 29.99
      vertex 3.18755 0.854102 32
      vertex 3.18755 0.854102 29.99
    endloop
  endfacet
  facet normal -0.980782 -0.195107 0
    outer loop
      vertex 3.18755 0.854102 32
      vertex 3.27177 0.430736 29.99
      vertex 3.27177 0.430736 32
    endloop
  endfacet
  facet normal -0.997859 -0.0653987 0
    outer loop
      vertex 3.3 0 29.99
      vertex 3.27177 0.430736 32
      vertex 3.27177 0.430736 29.99
    endloop
  endfacet
  facet normal -0.997859 -0.0653987 0
    outer loop
      vertex 3.27177 0.430736 32
      vertex 3.3 0 29.99
      vertex 3.3 0 32
    endloop
  endfacet
  facet normal -0.946931 -0.321437 0
    outer loop
      vertex 3.18755 0.854102 29.99
      vertex 3.0488 1.26285 32
      vertex 3.0488 1.26285 29.99
    endloop
  endfacet
  facet normal -0.946931 -0.321437 0
    outer loop
      vertex 3.0488 1.26285 32
      vertex 3.18755 0.854102 29.99
      vertex 3.18755 0.854102 32
    endloop
  endfacet
  facet normal -0.896874 0.442286 0
    outer loop
      vertex 2.85788 -1.65 29.99
      vertex 3.0488 -1.26285 32
      vertex 3.0488 -1.26285 29.99
    endloop
  endfacet
  facet normal -0.896874 0.442286 0
    outer loop
      vertex 3.0488 -1.26285 32
      vertex 2.85788 -1.65 29.99
      vertex 2.85788 -1.65 32
    endloop
  endfacet
  facet normal -0.0653987 -0.997859 0
    outer loop
      vertex 0 3.3 29.99
      vertex 0.430736 3.27177 32
      vertex 0 3.3 32
    endloop
  endfacet
  facet normal -0.0653987 -0.997859 -0
    outer loop
      vertex 0.430736 3.27177 32
      vertex 0 3.3 29.99
      vertex 0.430736 3.27177 29.99
    endloop
  endfacet
  facet normal 0.896874 -0.442286 0
    outer loop
      vertex -3.0488 1.26285 32
      vertex -2.85788 1.65 29.99
      vertex -2.85788 1.65 32
    endloop
  endfacet
  facet normal 0.896874 -0.442286 0
    outer loop
      vertex -2.85788 1.65 29.99
      vertex -3.0488 1.26285 32
      vertex -3.0488 1.26285 29.99
    endloop
  endfacet
  facet normal -0.321437 -0.946931 0
    outer loop
      vertex 0.854102 3.18755 29.99
      vertex 1.26285 3.0488 32
      vertex 0.854102 3.18755 32
    endloop
  endfacet
  facet normal -0.321437 -0.946931 -0
    outer loop
      vertex 1.26285 3.0488 32
      vertex 0.854102 3.18755 29.99
      vertex 1.26285 3.0488 29.99
    endloop
  endfacet
  facet normal -0.980782 0.195107 0
    outer loop
      vertex 3.18755 -0.854102 29.99
      vertex 3.27177 -0.430736 32
      vertex 3.27177 -0.430736 29.99
    endloop
  endfacet
  facet normal -0.980782 0.195107 0
    outer loop
      vertex 3.27177 -0.430736 32
      vertex 3.18755 -0.854102 29.99
      vertex 3.18755 -0.854102 32
    endloop
  endfacet
  facet normal -0.555561 -0.831476 0
    outer loop
      vertex 1.65 2.85788 29.99
      vertex 2.00891 2.61807 32
      vertex 1.65 2.85788 32
    endloop
  endfacet
  facet normal -0.555561 -0.831476 -0
    outer loop
      vertex 2.00891 2.61807 32
      vertex 1.65 2.85788 29.99
      vertex 2.00891 2.61807 29.99
    endloop
  endfacet
  facet normal 0.980782 0.195107 0
    outer loop
      vertex -3.18755 -0.854102 32
      vertex -3.27177 -0.430736 29.99
      vertex -3.27177 -0.430736 32
    endloop
  endfacet
  facet normal 0.980782 0.195107 0
    outer loop
      vertex -3.27177 -0.430736 29.99
      vertex -3.18755 -0.854102 32
      vertex -3.18755 -0.854102 29.99
    endloop
  endfacet
  facet normal 0.896874 0.442286 0
    outer loop
      vertex -2.85788 -1.65 32
      vertex -3.0488 -1.26285 29.99
      vertex -3.0488 -1.26285 32
    endloop
  endfacet
  facet normal 0.896874 0.442286 0
    outer loop
      vertex -3.0488 -1.26285 29.99
      vertex -2.85788 -1.65 32
      vertex -2.85788 -1.65 29.99
    endloop
  endfacet
  facet normal -0.321437 0.946931 0
    outer loop
      vertex 1.26285 -3.0488 29.99
      vertex 0.854102 -3.18755 32
      vertex 1.26285 -3.0488 32
    endloop
  endfacet
  facet normal -0.321437 0.946931 0
    outer loop
      vertex 0.854102 -3.18755 32
      vertex 1.26285 -3.0488 29.99
      vertex 0.854102 -3.18755 29.99
    endloop
  endfacet
  facet normal -0.896874 -0.442286 0
    outer loop
      vertex 3.0488 1.26285 29.99
      vertex 2.85788 1.65 32
      vertex 2.85788 1.65 29.99
    endloop
  endfacet
  facet normal -0.896874 -0.442286 0
    outer loop
      vertex 2.85788 1.65 32
      vertex 3.0488 1.26285 29.99
      vertex 3.0488 1.26285 32
    endloop
  endfacet
  facet normal 0.195107 -0.980782 0
    outer loop
      vertex -0.854102 3.18755 29.99
      vertex -0.430736 3.27177 32
      vertex -0.854102 3.18755 32
    endloop
  endfacet
  facet normal 0.195107 -0.980782 0
    outer loop
      vertex -0.430736 3.27177 32
      vertex -0.854102 3.18755 29.99
      vertex -0.430736 3.27177 29.99
    endloop
  endfacet
  facet normal 0.321437 0.946931 -0
    outer loop
      vertex -0.854102 -3.18755 29.99
      vertex -1.26285 -3.0488 32
      vertex -0.854102 -3.18755 32
    endloop
  endfacet
  facet normal 0.321437 0.946931 0
    outer loop
      vertex -1.26285 -3.0488 32
      vertex -0.854102 -3.18755 29.99
      vertex -1.26285 -3.0488 29.99
    endloop
  endfacet
  facet normal -0.946931 0.321437 0
    outer loop
      vertex 3.0488 -1.26285 29.99
      vertex 3.18755 -0.854102 32
      vertex 3.18755 -0.854102 29.99
    endloop
  endfacet
  facet normal -0.946931 0.321437 0
    outer loop
      vertex 3.18755 -0.854102 32
      vertex 3.0488 -1.26285 29.99
      vertex 3.0488 -1.26285 32
    endloop
  endfacet
  facet normal -0.0653987 0.997859 0
    outer loop
      vertex 0.430736 -3.27177 29.99
      vertex 0 -3.3 32
      vertex 0.430736 -3.27177 32
    endloop
  endfacet
  facet normal -0.0653987 0.997859 0
    outer loop
      vertex 0 -3.3 32
      vertex 0.430736 -3.27177 29.99
      vertex 0 -3.3 29.99
    endloop
  endfacet
  facet normal -0.555561 0.831476 0
    outer loop
      vertex 2.00891 -2.61807 29.99
      vertex 1.65 -2.85788 32
      vertex 2.00891 -2.61807 32
    endloop
  endfacet
  facet normal -0.555561 0.831476 0
    outer loop
      vertex 1.65 -2.85788 32
      vertex 2.00891 -2.61807 29.99
      vertex 1.65 -2.85788 29.99
    endloop
  endfacet
  facet normal 0.321437 -0.946931 0
    outer loop
      vertex -1.26285 3.0488 29.99
      vertex -0.854102 3.18755 32
      vertex -1.26285 3.0488 32
    endloop
  endfacet
  facet normal 0.321437 -0.946931 0
    outer loop
      vertex -0.854102 3.18755 32
      vertex -1.26285 3.0488 29.99
      vertex -0.854102 3.18755 29.99
    endloop
  endfacet
  facet normal -0.831476 -0.555561 0
    outer loop
      vertex 2.85788 1.65 29.99
      vertex 2.61807 2.00891 32
      vertex 2.61807 2.00891 29.99
    endloop
  endfacet
  facet normal -0.831476 -0.555561 0
    outer loop
      vertex 2.61807 2.00891 32
      vertex 2.85788 1.65 29.99
      vertex 2.85788 1.65 32
    endloop
  endfacet
  facet normal -0.195107 0.980782 0
    outer loop
      vertex 0.854102 -3.18755 29.99
      vertex 0.430736 -3.27177 32
      vertex 0.854102 -3.18755 32
    endloop
  endfacet
  facet normal -0.195107 0.980782 0
    outer loop
      vertex 0.430736 -3.27177 32
      vertex 0.854102 -3.18755 29.99
      vertex 0.430736 -3.27177 29.99
    endloop
  endfacet
  facet normal 0.831476 0.555561 0
    outer loop
      vertex -2.61807 -2.00891 32
      vertex -2.85788 -1.65 29.99
      vertex -2.85788 -1.65 32
    endloop
  endfacet
  facet normal 0.831476 0.555561 0
    outer loop
      vertex -2.85788 -1.65 29.99
      vertex -2.61807 -2.00891 32
      vertex -2.61807 -2.00891 29.99
    endloop
  endfacet
  facet normal -0.659354 -0.751833 0
    outer loop
      vertex 2.00891 2.61807 29.99
      vertex 2.33345 2.33345 32
      vertex 2.00891 2.61807 32
    endloop
  endfacet
  facet normal -0.659354 -0.751833 -0
    outer loop
      vertex 2.33345 2.33345 32
      vertex 2.00891 2.61807 29.99
      vertex 2.33345 2.33345 29.99
    endloop
  endfacet
  facet normal 0.946931 -0.321437 0
    outer loop
      vertex -3.18755 0.854102 32
      vertex -3.0488 1.26285 29.99
      vertex -3.0488 1.26285 32
    endloop
  endfacet
  facet normal 0.946931 -0.321437 0
    outer loop
      vertex -3.0488 1.26285 29.99
      vertex -3.18755 0.854102 32
      vertex -3.18755 0.854102 29.99
    endloop
  endfacet
  facet normal 0.442286 -0.896874 0
    outer loop
      vertex -1.65 2.85788 29.99
      vertex -1.26285 3.0488 32
      vertex -1.65 2.85788 32
    endloop
  endfacet
  facet normal 0.442286 -0.896874 0
    outer loop
      vertex -1.26285 3.0488 32
      vertex -1.65 2.85788 29.99
      vertex -1.26285 3.0488 29.99
    endloop
  endfacet
  facet normal -0.831476 0.555561 0
    outer loop
      vertex 2.61807 -2.00891 29.99
      vertex 2.85788 -1.65 32
      vertex 2.85788 -1.65 29.99
    endloop
  endfacet
  facet normal -0.831476 0.555561 0
    outer loop
      vertex 2.85788 -1.65 32
      vertex 2.61807 -2.00891 29.99
      vertex 2.61807 -2.00891 32
    endloop
  endfacet
  facet normal -0.751833 -0.659354 0
    outer loop
      vertex 2.61807 2.00891 29.99
      vertex 2.33345 2.33345 32
      vertex 2.33345 2.33345 29.99
    endloop
  endfacet
  facet normal -0.751833 -0.659354 0
    outer loop
      vertex 2.33345 2.33345 32
      vertex 2.61807 2.00891 29.99
      vertex 2.61807 2.00891 32
    endloop
  endfacet
  facet normal -0.997859 0.0653987 0
    outer loop
      vertex 3.27177 -0.430736 29.99
      vertex 3.3 0 32
      vertex 3.3 0 29.99
    endloop
  endfacet
  facet normal -0.997859 0.0653987 0
    outer loop
      vertex 3.3 0 32
      vertex 3.27177 -0.430736 29.99
      vertex 3.27177 -0.430736 32
    endloop
  endfacet
  facet normal -0.442286 0.896874 0
    outer loop
      vertex 1.65 -2.85788 29.99
      vertex 1.26285 -3.0488 32
      vertex 1.65 -2.85788 32
    endloop
  endfacet
  facet normal -0.442286 0.896874 0
    outer loop
      vertex 1.26285 -3.0488 32
      vertex 1.65 -2.85788 29.99
      vertex 1.26285 -3.0488 29.99
    endloop
  endfacet
  facet normal -0.442286 -0.896874 0
    outer loop
      vertex 1.26285 3.0488 29.99
      vertex 1.65 2.85788 32
      vertex 1.26285 3.0488 32
    endloop
  endfacet
  facet normal -0.442286 -0.896874 -0
    outer loop
      vertex 1.65 2.85788 32
      vertex 1.26285 3.0488 29.99
      vertex 1.65 2.85788 29.99
    endloop
  endfacet
  facet normal 0.997859 0.0653987 0
    outer loop
      vertex -3.27177 -0.430736 32
      vertex -3.3 0 29.99
      vertex -3.3 0 32
    endloop
  endfacet
  facet normal 0.997859 0.0653987 0
    outer loop
      vertex -3.3 0 29.99
      vertex -3.27177 -0.430736 32
      vertex -3.27177 -0.430736 29.99
    endloop
  endfacet
  facet normal 0.946931 0.321437 0
    outer loop
      vertex -3.0488 -1.26285 32
      vertex -3.18755 -0.854102 29.99
      vertex -3.18755 -0.854102 32
    endloop
  endfacet
  facet normal 0.946931 0.321437 0
    outer loop
      vertex -3.18755 -0.854102 29.99
      vertex -3.0488 -1.26285 32
      vertex -3.0488 -1.26285 29.99
    endloop
  endfacet
  facet normal -0.195107 -0.980782 0
    outer loop
      vertex 0.430736 3.27177 29.99
      vertex 0.854102 3.18755 32
      vertex 0.430736 3.27177 32
    endloop
  endfacet
  facet normal -0.195107 -0.980782 -0
    outer loop
      vertex 0.854102 3.18755 32
      vertex 0.430736 3.27177 29.99
      vertex 0.854102 3.18755 29.99
    endloop
  endfacet
  facet normal 0.997859 -0.0653987 0
    outer loop
      vertex -3.3 0 32
      vertex -3.27177 0.430736 29.99
      vertex -3.27177 0.430736 32
    endloop
  endfacet
  facet normal 0.997859 -0.0653987 0
    outer loop
      vertex -3.27177 0.430736 29.99
      vertex -3.3 0 32
      vertex -3.3 0 29.99
    endloop
  endfacet
  facet normal 0.659354 -0.751833 0
    outer loop
      vertex -2.33345 2.33345 29.99
      vertex -2.00891 2.61807 32
      vertex -2.33345 2.33345 32
    endloop
  endfacet
  facet normal 0.659354 -0.751833 0
    outer loop
      vertex -2.00891 2.61807 32
      vertex -2.33345 2.33345 29.99
      vertex -2.00891 2.61807 29.99
    endloop
  endfacet
  facet normal 0.555561 -0.831476 0
    outer loop
      vertex -2.00891 2.61807 29.99
      vertex -1.65 2.85788 32
      vertex -2.00891 2.61807 32
    endloop
  endfacet
  facet normal 0.555561 -0.831476 0
    outer loop
      vertex -1.65 2.85788 32
      vertex -2.00891 2.61807 29.99
      vertex -1.65 2.85788 29.99
    endloop
  endfacet
  facet normal 0.195107 0.980782 -0
    outer loop
      vertex -0.430736 -3.27177 29.99
      vertex -0.854102 -3.18755 32
      vertex -0.430736 -3.27177 32
    endloop
  endfacet
  facet normal 0.195107 0.980782 0
    outer loop
      vertex -0.854102 -3.18755 32
      vertex -0.430736 -3.27177 29.99
      vertex -0.854102 -3.18755 29.99
    endloop
  endfacet
  facet normal -0.659354 0.751833 0
    outer loop
      vertex 2.33345 -2.33345 29.99
      vertex 2.00891 -2.61807 32
      vertex 2.33345 -2.33345 32
    endloop
  endfacet
  facet normal -0.659354 0.751833 0
    outer loop
      vertex 2.00891 -2.61807 32
      vertex 2.33345 -2.33345 29.99
      vertex 2.00891 -2.61807 29.99
    endloop
  endfacet
  facet normal -0.751833 0.659354 0
    outer loop
      vertex 2.33345 -2.33345 29.99
      vertex 2.61807 -2.00891 32
      vertex 2.61807 -2.00891 29.99
    endloop
  endfacet
  facet normal -0.751833 0.659354 0
    outer loop
      vertex 2.61807 -2.00891 32
      vertex 2.33345 -2.33345 29.99
      vertex 2.33345 -2.33345 32
    endloop
  endfacet
  facet normal 0.442286 0.896874 -0
    outer loop
      vertex -1.26285 -3.0488 29.99
      vertex -1.65 -2.85788 32
      vertex -1.26285 -3.0488 32
    endloop
  endfacet
  facet normal 0.442286 0.896874 0
    outer loop
      vertex -1.65 -2.85788 32
      vertex -1.26285 -3.0488 29.99
      vertex -1.65 -2.85788 29.99
    endloop
  endfacet
  facet normal 0.751833 0.659354 0
    outer loop
      vertex -2.33345 -2.33345 32
      vertex -2.61807 -2.00891 29.99
      vertex -2.61807 -2.00891 32
    endloop
  endfacet
  facet normal 0.751833 0.659354 0
    outer loop
      vertex -2.61807 -2.00891 29.99
      vertex -2.33345 -2.33345 32
      vertex -2.33345 -2.33345 29.99
    endloop
  endfacet
  facet normal 0.0653987 0.997859 -0
    outer loop
      vertex 0 -3.3 29.99
      vertex -0.430736 -3.27177 32
      vertex 0 -3.3 32
    endloop
  endfacet
  facet normal 0.0653987 0.997859 0
    outer loop
      vertex -0.430736 -3.27177 32
      vertex 0 -3.3 29.99
      vertex -0.430736 -3.27177 29.99
    endloop
  endfacet
  facet normal 0.831476 -0.555561 0
    outer loop
      vertex -2.85788 1.65 32
      vertex -2.61807 2.00891 29.99
      vertex -2.61807 2.00891 32
    endloop
  endfacet
  facet normal 0.831476 -0.555561 0
    outer loop
      vertex -2.61807 2.00891 29.99
      vertex -2.85788 1.65 32
      vertex -2.85788 1.65 29.99
    endloop
  endfacet
  facet normal 0.980782 -0.195107 0
    outer loop
      vertex -3.27177 0.430736 32
      vertex -3.18755 0.854102 29.99
      vertex -3.18755 0.854102 32
    endloop
  endfacet
  facet normal 0.980782 -0.195107 0
    outer loop
      vertex -3.18755 0.854102 29.99
      vertex -3.27177 0.430736 32
      vertex -3.27177 0.430736 29.99
    endloop
  endfacet
  facet normal 0.0653987 -0.997859 0
    outer loop
      vertex -0.430736 3.27177 29.99
      vertex 0 3.3 32
      vertex -0.430736 3.27177 32
    endloop
  endfacet
  facet normal 0.0653987 -0.997859 0
    outer loop
      vertex 0 3.3 32
      vertex -0.430736 3.27177 29.99
      vertex 0 3.3 29.99
    endloop
  endfacet
  facet normal 0.659354 0.751833 -0
    outer loop
      vertex -2.00891 -2.61807 29.99
      vertex -2.33345 -2.33345 32
      vertex -2.00891 -2.61807 32
    endloop
  endfacet
  facet normal 0.659354 0.751833 0
    outer loop
      vertex -2.33345 -2.33345 32
      vertex -2.00891 -2.61807 29.99
      vertex -2.33345 -2.33345 29.99
    endloop
  endfacet
  facet normal 0.555561 0.831476 -0
    outer loop
      vertex -1.65 -2.85788 29.99
      vertex -2.00891 -2.61807 32
      vertex -1.65 -2.85788 32
    endloop
  endfacet
  facet normal 0.555561 0.831476 0
    outer loop
      vertex -2.00891 -2.61807 32
      vertex -1.65 -2.85788 29.99
      vertex -2.00891 -2.61807 29.99
    endloop
  endfacet
  facet normal 0.751833 -0.659354 0
    outer loop
      vertex -2.61807 2.00891 32
      vertex -2.33345 2.33345 29.99
      vertex -2.33345 2.33345 32
    endloop
  endfacet
  facet normal 0.751833 -0.659354 0
    outer loop
      vertex -2.33345 2.33345 29.99
      vertex -2.61807 2.00891 32
      vertex -2.61807 2.00891 29.99
    endloop
  endfacet
  facet normal 1 0 0
    outer loop
      vertex 49.5 14.5 32
      vertex 49.5 3 26
      vertex 49.5 14.5 26
    endloop
  endfacet
  facet normal 1 0 0
    outer loop
      vertex 49.5 3 26
      vertex 49.5 -3 26
      vertex 49.5 3 0
    endloop
  endfacet
  facet normal 1 0 0
    outer loop
      vertex 49.5 14.5 32
      vertex 49.5 -3 26
      vertex 49.5 3 26
    endloop
  endfacet
  facet normal 1 -0 0
    outer loop
      vertex 49.5 -14.5 32
      vertex 49.5 -3 26
      vertex 49.5 14.5 32
    endloop
  endfacet
  facet normal 1 0 0
    outer loop
      vertex 49.5 -3 26
      vertex 49.5 -14.5 32
      vertex 49.5 -14.5 26
    endloop
  endfacet
  facet normal 1 0 0
    outer loop
      vertex 49.5 3 0
      vertex 49.5 -3 26
      vertex 49.5 -3 0
    endloop
  endfacet
  facet normal 0 0 1
    outer loop
      vertex 49.5 14.5 32
      vertex 3.3 0 32
      vertex 49.5 -14.5 32
    endloop
  endfacet
  facet normal 0 0 1
    outer loop
      vertex 49.5 14.5 32
      vertex 3.27177 0.430736 32
      vertex 3.3 0 32
    endloop
  endfacet
  facet normal 0 0 1
    outer loop
      vertex 49.5 14.5 32
      vertex 3.18755 0.854102 32
      vertex 3.27177 0.430736 32
    endloop
  endfacet
  facet normal 0 0 1
    outer loop
      vertex 49.5 14.5 32
      vertex 3.0488 1.26285 32
      vertex 3.18755 0.854102 32
    endloop
  endfacet
  facet normal 0 0 1
    outer loop
      vertex 49.5 14.5 32
      vertex 2.85788 1.65 32
      vertex 3.0488 1.26285 32
    endloop
  endfacet
  facet normal 0 0 1
    outer loop
      vertex 49.5 14.5 32
      vertex 2.61807 2.00891 32
      vertex 2.85788 1.65 32
    endloop
  endfacet
  facet normal 0 0 1
    outer loop
      vertex 49.5 14.5 32
      vertex 2.33345 2.33345 32
      vertex 2.61807 2.00891 32
    endloop
  endfacet
  facet normal 0 0 1
    outer loop
      vertex 49.5 14.5 32
      vertex 2.00891 2.61807 32
      vertex 2.33345 2.33345 32
    endloop
  endfacet
  facet normal 0 0 1
    outer loop
      vertex 49.5 14.5 32
      vertex 1.65 2.85788 32
      vertex 2.00891 2.61807 32
    endloop
  endfacet
  facet normal 0 0 1
    outer loop
      vertex 49.5 14.5 32
      vertex 1.26285 3.0488 32
      vertex 1.65 2.85788 32
    endloop
  endfacet
  facet normal 0 0 1
    outer loop
      vertex 49.5 14.5 32
      vertex 0.854102 3.18755 32
      vertex 1.26285 3.0488 32
    endloop
  endfacet
  facet normal 0 0 1
    outer loop
      vertex 49.5 14.5 32
      vertex 0.430736 3.27177 32
      vertex 0.854102 3.18755 32
    endloop
  endfacet
  facet normal 0 0 1
    outer loop
      vertex 49.5 14.5 32
      vertex 0 3.3 32
      vertex 0.430736 3.27177 32
    endloop
  endfacet
  facet normal -0 0 1
    outer loop
      vertex -49.5 14.5 32
      vertex 0 3.3 32
      vertex 49.5 14.5 32
    endloop
  endfacet
  facet normal 0 0 1
    outer loop
      vertex 0 3.3 32
      vertex -49.5 14.5 32
      vertex -0.430736 3.27177 32
    endloop
  endfacet
  facet normal 0 0 1
    outer loop
      vertex -3.27177 0.430736 32
      vertex -49.5 14.5 32
      vertex -3.3 0 32
    endloop
  endfacet
  facet normal 0 0 1
    outer loop
      vertex -3.18755 0.854102 32
      vertex -49.5 14.5 32
      vertex -3.27177 0.430736 32
    endloop
  endfacet
  facet normal 0 0 1
    outer loop
      vertex -3.0488 1.26285 32
      vertex -49.5 14.5 32
      vertex -3.18755 0.854102 32
    endloop
  endfacet
  facet normal 0 0 1
    outer loop
      vertex -2.85788 1.65 32
      vertex -49.5 14.5 32
      vertex -3.0488 1.26285 32
    endloop
  endfacet
  facet normal 0 0 1
    outer loop
      vertex -2.61807 2.00891 32
      vertex -49.5 14.5 32
      vertex -2.85788 1.65 32
    endloop
  endfacet
  facet normal 0 0 1
    outer loop
      vertex -2.33345 2.33345 32
      vertex -49.5 14.5 32
      vertex -2.61807 2.00891 32
    endloop
  endfacet
  facet normal 0 0 1
    outer loop
      vertex -2.00891 2.61807 32
      vertex -49.5 14.5 32
      vertex -2.33345 2.33345 32
    endloop
  endfacet
  facet normal 0 0 1
    outer loop
      vertex -1.65 2.85788 32
      vertex -49.5 14.5 32
      vertex -2.00891 2.61807 32
    endloop
  endfacet
  facet normal 0 0 1
    outer loop
      vertex -1.26285 3.0488 32
      vertex -49.5 14.5 32
      vertex -1.65 2.85788 32
    endloop
  endfacet
  facet normal 0 0 1
    outer loop
      vertex -0.854102 3.18755 32
      vertex -49.5 14.5 32
      vertex -1.26285 3.0488 32
    endloop
  endfacet
  facet normal 0 0 1
    outer loop
      vertex -0.430736 3.27177 32
      vertex -49.5 14.5 32
      vertex -0.854102 3.18755 32
    endloop
  endfacet
  facet normal -0 0 1
    outer loop
      vertex 3.27177 -0.430736 32
      vertex 49.5 -14.5 32
      vertex 3.3 0 32
    endloop
  endfacet
  facet normal -0 0 1
    outer loop
      vertex 3.18755 -0.854102 32
      vertex 49.5 -14.5 32
      vertex 3.27177 -0.430736 32
    endloop
  endfacet
  facet normal -0 0 1
    outer loop
      vertex 3.0488 -1.26285 32
      vertex 49.5 -14.5 32
      vertex 3.18755 -0.854102 32
    endloop
  endfacet
  facet normal -0 0 1
    outer loop
      vertex 2.85788 -1.65 32
      vertex 49.5 -14.5 32
      vertex 3.0488 -1.26285 32
    endloop
  endfacet
  facet normal -0 0 1
    outer loop
      vertex 2.61807 -2.00891 32
      vertex 49.5 -14.5 32
      vertex 2.85788 -1.65 32
    endloop
  endfacet
  facet normal -0 0 1
    outer loop
      vertex 2.33345 -2.33345 32
      vertex 49.5 -14.5 32
      vertex 2.61807 -2.00891 32
    endloop
  endfacet
  facet normal -0 0 1
    outer loop
      vertex 2.00891 -2.61807 32
      vertex 49.5 -14.5 32
      vertex 2.33345 -2.33345 32
    endloop
  endfacet
  facet normal -0 0 1
    outer loop
      vertex 1.65 -2.85788 32
      vertex 49.5 -14.5 32
      vertex 2.00891 -2.61807 32
    endloop
  endfacet
  facet normal -0 0 1
    outer loop
      vertex 1.26285 -3.0488 32
      vertex 49.5 -14.5 32
      vertex 1.65 -2.85788 32
    endloop
  endfacet
  facet normal -0 0 1
    outer loop
      vertex 0.854102 -3.18755 32
      vertex 49.5 -14.5 32
      vertex 1.26285 -3.0488 32
    endloop
  endfacet
  facet normal -0 0 1
    outer loop
      vertex 0.430736 -3.27177 32
      vertex 49.5 -14.5 32
      vertex 0.854102 -3.18755 32
    endloop
  endfacet
  facet normal -0 0 1
    outer loop
      vertex 0 -3.3 32
      vertex 49.5 -14.5 32
      vertex 0.430736 -3.27177 32
    endloop
  endfacet
  facet normal 0 0 1
    outer loop
      vertex -49.5 -14.5 32
      vertex 0 -3.3 32
      vertex -0.430736 -3.27177 32
    endloop
  endfacet
  facet normal 0 0 1
    outer loop
      vertex -49.5 -14.5 32
      vertex -0.430736 -3.27177 32
      vertex -0.854102 -3.18755 32
    endloop
  endfacet
  facet normal 0 0 1
    outer loop
      vertex -49.5 -14.5 32
      vertex -3.3 0 32
      vertex -49.5 14.5 32
    endloop
  endfacet
  facet normal 0 0 1
    outer loop
      vertex -3.3 0 32
      vertex -49.5 -14.5 32
      vertex -3.27177 -0.430736 32
    endloop
  endfacet
  facet normal 0 0 1
    outer loop
      vertex -3.27177 -0.430736 32
      vertex -49.5 -14.5 32
      vertex -3.18755 -0.854102 32
    endloop
  endfacet
  facet normal 0 0 1
    outer loop
      vertex -3.18755 -0.854102 32
      vertex -49.5 -14.5 32
      vertex -3.0488 -1.26285 32
    endloop
  endfacet
  facet normal 0 0 1
    outer loop
      vertex -3.0488 -1.26285 32
      vertex -49.5 -14.5 32
      vertex -2.85788 -1.65 32
    endloop
  endfacet
  facet normal 0 0 1
    outer loop
      vertex -2.85788 -1.65 32
      vertex -49.5 -14.5 32
      vertex -2.61807 -2.00891 32
    endloop
  endfacet
  facet normal 0 0 1
    outer loop
      vertex -2.61807 -2.00891 32
      vertex -49.5 -14.5 32
      vertex -2.33345 -2.33345 32
    endloop
  endfacet
  facet normal 0 0 1
    outer loop
      vertex -2.33345 -2.33345 32
      vertex -49.5 -14.5 32
      vertex -2.00891 -2.61807 32
    endloop
  endfacet
  facet normal 0 0 1
    outer loop
      vertex -2.00891 -2.61807 32
      vertex -49.5 -14.5 32
      vertex -1.65 -2.85788 32
    endloop
  endfacet
  facet normal 0 0 1
    outer loop
      vertex 0 -3.3 32
      vertex -49.5 -14.5 32
      vertex 49.5 -14.5 32
    endloop
  endfacet
  facet normal 0 0 1
    outer loop
      vertex -1.26285 -3.0488 32
      vertex -49.5 -14.5 32
      vertex -0.854102 -3.18755 32
    endloop
  endfacet
  facet normal 0 0 1
    outer loop
      vertex -1.65 -2.85788 32
      vertex -49.5 -14.5 32
      vertex -1.26285 -3.0488 32
    endloop
  endfacet
  facet normal 0 0 -1
    outer loop
      vertex 49.5 -14.5 26
      vertex 20.5 -3 26
      vertex 49.5 -3 26
    endloop
  endfacet
  facet normal 0 0 -1
    outer loop
      vertex 20.5 -3 26
      vertex 6.5 0 26
      vertex 20.5 3 26
    endloop
  endfacet
  facet normal 0 0 -1
    outer loop
      vertex 2.48744 -6.00522 26
      vertex 20.5 -3 26
      vertex 49.5 -14.5 26
    endloop
  endfacet
  facet normal 0 0 -1
    outer loop
      vertex 20.5 -3 26
      vertex 6.44439 -0.84842 26
      vertex 6.5 0 26
    endloop
  endfacet
  facet normal 0 0 -1
    outer loop
      vertex 20.5 -3 26
      vertex 6.27852 -1.68232 26
      vertex 6.44439 -0.84842 26
    endloop
  endfacet
  facet normal 0 0 -1
    outer loop
      vertex 20.5 -3 26
      vertex 6.00522 -2.48744 26
      vertex 6.27852 -1.68232 26
    endloop
  endfacet
  facet normal -0 0 -1
    outer loop
      vertex 20.5 -3 26
      vertex 5.62916 -3.25 26
      vertex 6.00522 -2.48744 26
    endloop
  endfacet
  facet normal 0 0 -1
    outer loop
      vertex 20.5 -3 26
      vertex 5.1568 -3.95695 26
      vertex 5.62916 -3.25 26
    endloop
  endfacet
  facet normal 0 0 -1
    outer loop
      vertex 20.5 -3 26
      vertex 4.59619 -4.59619 26
      vertex 5.1568 -3.95695 26
    endloop
  endfacet
  facet normal 0 0 -1
    outer loop
      vertex 20.5 -3 26
      vertex 3.95695 -5.1568 26
      vertex 4.59619 -4.59619 26
    endloop
  endfacet
  facet normal 0 0 -1
    outer loop
      vertex 20.5 -3 26
      vertex 3.25 -5.62916 26
      vertex 3.95695 -5.1568 26
    endloop
  endfacet
  facet normal 0 0 -1
    outer loop
      vertex 20.5 -3 26
      vertex 2.48744 -6.00522 26
      vertex 3.25 -5.62916 26
    endloop
  endfacet
  facet normal 0 0 -1
    outer loop
      vertex 49.5 -14.5 26
      vertex 1.68232 -6.27852 26
      vertex 2.48744 -6.00522 26
    endloop
  endfacet
  facet normal 0 0 -1
    outer loop
      vertex 49.5 -14.5 26
      vertex 0.84842 -6.44439 26
      vertex 1.68232 -6.27852 26
    endloop
  endfacet
  facet normal 0 0 -1
    outer loop
      vertex 49.5 -14.5 26
      vertex 0 -6.5 26
      vertex 0.84842 -6.44439 26
    endloop
  endfacet
  facet normal 0 0 -1
    outer loop
      vertex -49.5 -14.5 26
      vertex 0 -6.5 26
      vertex 49.5 -14.5 26
    endloop
  endfacet
  facet normal -0 0 -1
    outer loop
      vertex -6.44439 -0.84842 26
      vertex -20.5 -3 26
      vertex -6.5 0 26
    endloop
  endfacet
  facet normal -0 0 -1
    outer loop
      vertex -6.27852 -1.68232 26
      vertex -20.5 -3 26
      vertex -6.44439 -0.84842 26
    endloop
  endfacet
  facet normal -0 0 -1
    outer loop
      vertex -6.00522 -2.48744 26
      vertex -20.5 -3 26
      vertex -6.27852 -1.68232 26
    endloop
  endfacet
  facet normal 0 0 -1
    outer loop
      vertex -5.62916 -3.25 26
      vertex -20.5 -3 26
      vertex -6.00522 -2.48744 26
    endloop
  endfacet
  facet normal 0 0 -1
    outer loop
      vertex -5.1568 -3.95695 26
      vertex -20.5 -3 26
      vertex -5.62916 -3.25 26
    endloop
  endfacet
  facet normal 0 0 -1
    outer loop
      vertex -4.59619 -4.59619 26
      vertex -20.5 -3 26
      vertex -5.1568 -3.95695 26
    endloop
  endfacet
  facet normal 0 0 -1
    outer loop
      vertex -3.95695 -5.1568 26
      vertex -20.5 -3 26
      vertex -4.59619 -4.59619 26
    endloop
  endfacet
  facet normal 0 0 -1
    outer loop
      vertex -3.25 -5.62916 26
      vertex -20.5 -3 26
      vertex -3.95695 -5.1568 26
    endloop
  endfacet
  facet normal 0 0 -1
    outer loop
      vertex -2.48744 -6.00522 26
      vertex -20.5 -3 26
      vertex -3.25 -5.62916 26
    endloop
  endfacet
  facet normal 0 0 -1
    outer loop
      vertex -49.5 -14.5 26
      vertex -2.48744 -6.00522 26
      vertex -1.68232 -6.27852 26
    endloop
  endfacet
  facet normal 0 0 -1
    outer loop
      vertex -49.5 -14.5 26
      vertex -1.68232 -6.27852 26
      vertex -0.84842 -6.44439 26
    endloop
  endfacet
  facet normal -0 0 -1
    outer loop
      vertex 0 -6.5 26
      vertex -49.5 -14.5 26
      vertex -0.84842 -6.44439 26
    endloop
  endfacet
  facet normal -0 0 -1
    outer loop
      vertex -2.48744 -6.00522 26
      vertex -49.5 -14.5 26
      vertex -20.5 -3 26
    endloop
  endfacet
  facet normal -0 0 -1
    outer loop
      vertex -20.5 -3 26
      vertex -49.5 -14.5 26
      vertex -49.5 -3 26
    endloop
  endfacet
  facet normal 0 0 -1
    outer loop
      vertex 20.5 3 26
      vertex 49.5 14.5 26
      vertex 49.5 3 26
    endloop
  endfacet
  facet normal 0 0 -1
    outer loop
      vertex 6.44439 0.84842 26
      vertex 20.5 3 26
      vertex 6.5 0 26
    endloop
  endfacet
  facet normal 0 0 -1
    outer loop
      vertex 6.27852 1.68232 26
      vertex 20.5 3 26
      vertex 6.44439 0.84842 26
    endloop
  endfacet
  facet normal 0 0 -1
    outer loop
      vertex 6.00522 2.48744 26
      vertex 20.5 3 26
      vertex 6.27852 1.68232 26
    endloop
  endfacet
  facet normal 0 0 -1
    outer loop
      vertex 5.62916 3.25 26
      vertex 20.5 3 26
      vertex 6.00522 2.48744 26
    endloop
  endfacet
  facet normal 0 0 -1
    outer loop
      vertex 5.1568 3.95695 26
      vertex 20.5 3 26
      vertex 5.62916 3.25 26
    endloop
  endfacet
  facet normal 0 0 -1
    outer loop
      vertex 4.59619 4.59619 26
      vertex 20.5 3 26
      vertex 5.1568 3.95695 26
    endloop
  endfacet
  facet normal 0 0 -1
    outer loop
      vertex 3.95695 5.1568 26
      vertex 20.5 3 26
      vertex 4.59619 4.59619 26
    endloop
  endfacet
  facet normal 0 0 -1
    outer loop
      vertex 3.25 5.62916 26
      vertex 20.5 3 26
      vertex 3.95695 5.1568 26
    endloop
  endfacet
  facet normal 0 0 -1
    outer loop
      vertex 2.48744 6.00522 26
      vertex 20.5 3 26
      vertex 3.25 5.62916 26
    endloop
  endfacet
  facet normal 0 0 -1
    outer loop
      vertex 20.5 3 26
      vertex 2.48744 6.00522 26
      vertex 49.5 14.5 26
    endloop
  endfacet
  facet normal 0 0 -1
    outer loop
      vertex 1.68232 6.27852 26
      vertex 49.5 14.5 26
      vertex 2.48744 6.00522 26
    endloop
  endfacet
  facet normal 0 0 -1
    outer loop
      vertex 0.84842 6.44439 26
      vertex 49.5 14.5 26
      vertex 1.68232 6.27852 26
    endloop
  endfacet
  facet normal 0 0 -1
    outer loop
      vertex 0 6.5 26
      vertex 49.5 14.5 26
      vertex 0.84842 6.44439 26
    endloop
  endfacet
  facet normal 0 0 -1
    outer loop
      vertex -49.5 14.5 26
      vertex 0 6.5 26
      vertex -0.84842 6.44439 26
    endloop
  endfacet
  facet normal 0 0 -1
    outer loop
      vertex -20.5 3 26
      vertex -6.5 0 26
      vertex -20.5 -3 26
    endloop
  endfacet
  facet normal 0 0 -1
    outer loop
      vertex -6.5 0 26
      vertex -20.5 3 26
      vertex -6.44439 0.84842 26
    endloop
  endfacet
  facet normal 0 0 -1
    outer loop
      vertex -6.44439 0.84842 26
      vertex -20.5 3 26
      vertex -6.27852 1.68232 26
    endloop
  endfacet
  facet normal 0 0 -1
    outer loop
      vertex -6.27852 1.68232 26
      vertex -20.5 3 26
      vertex -6.00522 2.48744 26
    endloop
  endfacet
  facet normal 0 0 -1
    outer loop
      vertex -6.00522 2.48744 26
      vertex -20.5 3 26
      vertex -5.62916 3.25 26
    endloop
  endfacet
  facet normal -0 0 -1
    outer loop
      vertex -5.62916 3.25 26
      vertex -20.5 3 26
      vertex -5.1568 3.95695 26
    endloop
  endfacet
  facet normal -0 0 -1
    outer loop
      vertex -5.1568 3.95695 26
      vertex -20.5 3 26
      vertex -4.59619 4.59619 26
    endloop
  endfacet
  facet normal -0 0 -1
    outer loop
      vertex -4.59619 4.59619 26
      vertex -20.5 3 26
      vertex -3.95695 5.1568 26
    endloop
  endfacet
  facet normal -0 0 -1
    outer loop
      vertex -3.95695 5.1568 26
      vertex -20.5 3 26
      vertex -3.25 5.62916 26
    endloop
  endfacet
  facet normal 0 0 -1
    outer loop
      vertex -20.5 3 26
      vertex -2.48744 6.00522 26
      vertex -3.25 5.62916 26
    endloop
  endfacet
  facet normal 0 0 -1
    outer loop
      vertex -49.5 14.5 26
      vertex -2.48744 6.00522 26
      vertex -20.5 3 26
    endloop
  endfacet
  facet normal 0 0 -1
    outer loop
      vertex -2.48744 6.00522 26
      vertex -49.5 14.5 26
      vertex -1.68232 6.27852 26
    endloop
  endfacet
  facet normal 0 0 -1
    outer loop
      vertex -49.5 14.5 26
      vertex -20.5 3 26
      vertex -49.5 3 26
    endloop
  endfacet
  facet normal 0 0 -1
    outer loop
      vertex -1.68232 6.27852 26
      vertex -49.5 14.5 26
      vertex -0.84842 6.44439 26
    endloop
  endfacet
  facet normal 0 0 -1
    outer loop
      vertex 0 6.5 26
      vertex -49.5 14.5 26
      vertex 49.5 14.5 26
    endloop
  endfacet
  facet normal -1 0 0
    outer loop
      vertex -49.5 3 0
      vertex -49.5 -3 0
      vertex -49.5 3 26
    endloop
  endfacet
  facet normal -1 0 0
    outer loop
      vertex -49.5 3 26
      vertex -49.5 14.5 32
      vertex -49.5 14.5 26
    endloop
  endfacet
  facet normal -1 0 0
    outer loop
      vertex -49.5 -3 26
      vertex -49.5 3 26
      vertex -49.5 -3 0
    endloop
  endfacet
  facet normal -1 0 0
    outer loop
      vertex -49.5 -3 26
      vertex -49.5 14.5 32
      vertex -49.5 3 26
    endloop
  endfacet
  facet normal -1 0 0
    outer loop
      vertex -49.5 -14.5 32
      vertex -49.5 -3 26
      vertex -49.5 -14.5 26
    endloop
  endfacet
  facet normal -1 0 0
    outer loop
      vertex -49.5 -3 26
      vertex -49.5 -14.5 32
      vertex -49.5 14.5 32
    endloop
  endfacet
  facet normal 0 1 -0
    outer loop
      vertex 49.5 14.5 26
      vertex -49.5 14.5 32
      vertex 49.5 14.5 32
    endloop
  endfacet
  facet normal 0 1 0
    outer loop
      vertex -49.5 14.5 32
      vertex 49.5 14.5 26
      vertex -49.5 14.5 26
    endloop
  endfacet
  facet normal 0 -1 0
    outer loop
      vertex -49.5 -14.5 26
      vertex 49.5 -14.5 32
      vertex -49.5 -14.5 32
    endloop
  endfacet
  facet normal 0 -1 -0
    outer loop
      vertex 49.5 -14.5 32
      vertex -49.5 -14.5 26
      vertex 49.5 -14.5 26
    endloop
  endfacet
  facet normal -0.0656309 0 -0.997844
    outer loop
      vertex -27.5 -3 14.2
      vertex -27.3434 3 14.1897
      vertex -27.3434 -3 14.1897
    endloop
  endfacet
  facet normal -0.0656309 0 -0.997844
    outer loop
      vertex -27.3434 3 14.1897
      vertex -27.5 -3 14.2
      vertex -27.5 3 14.2
    endloop
  endfacet
  facet normal -0.980825 0 0.194891
    outer loop
      vertex -26.3409 -3 12.6894
      vertex -26.3103 3 12.8434
      vertex -26.3409 3 12.6894
    endloop
  endfacet
  facet normal -0.980825 0 0.194891
    outer loop
      vertex -26.3103 3 12.8434
      vertex -26.3409 -3 12.6894
      vertex -26.3103 -3 12.8434
    endloop
  endfacet
  facet normal -0.997844 0 0.0656309
    outer loop
      vertex -26.3103 -3 12.8434
      vertex -26.3 3 13
      vertex -26.3103 3 12.8434
    endloop
  endfacet
  facet normal -0.997844 0 0.0656309
    outer loop
      vertex -26.3 3 13
      vertex -26.3103 -3 12.8434
      vertex -26.3 -3 13
    endloop
  endfacet
  facet normal -0.947013 0 0.321194
    outer loop
      vertex -26.3913 -3 12.5408
      vertex -26.3409 3 12.6894
      vertex -26.3913 3 12.5408
    endloop
  endfacet
  facet normal -0.947013 0 0.321194
    outer loop
      vertex -26.3409 3 12.6894
      vertex -26.3913 -3 12.5408
      vertex -26.3409 -3 12.6894
    endloop
  endfacet
  facet normal -0.0656309 0 0.997844
    outer loop
      vertex -27.5 3 11.8
      vertex -27.3434 -3 11.8103
      vertex -27.3434 3 11.8103
    endloop
  endfacet
  facet normal -0.0656309 0 0.997844
    outer loop
      vertex -27.3434 -3 11.8103
      vertex -27.5 3 11.8
      vertex -27.5 -3 11.8
    endloop
  endfacet
  facet normal 0.659406 0 -0.751787
    outer loop
      vertex -28.3485 -3 13.8485
      vertex -28.2305 3 13.952
      vertex -28.2305 -3 13.952
    endloop
  endfacet
  facet normal 0.659406 0 -0.751787
    outer loop
      vertex -28.2305 3 13.952
      vertex -28.3485 -3 13.8485
      vertex -28.3485 3 13.8485
    endloop
  endfacet
  facet normal 0.997844 0 -0.0656309
    outer loop
      vertex -28.6897 -3 13.1566
      vertex -28.7 3 13
      vertex -28.6897 3 13.1566
    endloop
  endfacet
  facet normal 0.997844 0 -0.0656309
    outer loop
      vertex -28.7 3 13
      vertex -28.6897 -3 13.1566
      vertex -28.7 -3 13
    endloop
  endfacet
  facet normal 0.659406 0 0.751787
    outer loop
      vertex -28.3485 3 12.1515
      vertex -28.2305 -3 12.048
      vertex -28.2305 3 12.048
    endloop
  endfacet
  facet normal 0.659406 0 0.751787
    outer loop
      vertex -28.2305 -3 12.048
      vertex -28.3485 3 12.1515
      vertex -28.3485 -3 12.1515
    endloop
  endfacet
  facet normal -0.751787 0 0.659406
    outer loop
      vertex -26.6515 -3 12.1515
      vertex -26.548 3 12.2695
      vertex -26.6515 3 12.1515
    endloop
  endfacet
  facet normal -0.751787 0 0.659406
    outer loop
      vertex -26.548 3 12.2695
      vertex -26.6515 -3 12.1515
      vertex -26.548 -3 12.2695
    endloop
  endfacet
  facet normal -0.997844 0 -0.0656309
    outer loop
      vertex -26.3 -3 13
      vertex -26.3103 3 13.1566
      vertex -26.3 3 13
    endloop
  endfacet
  facet normal -0.997844 -0 -0.0656309
    outer loop
      vertex -26.3103 3 13.1566
      vertex -26.3 -3 13
      vertex -26.3103 -3 13.1566
    endloop
  endfacet
  facet normal -0.442622 0 0.896708
    outer loop
      vertex -27.0408 3 11.8913
      vertex -26.9 -3 11.9608
      vertex -26.9 3 11.9608
    endloop
  endfacet
  facet normal -0.442622 0 0.896708
    outer loop
      vertex -26.9 -3 11.9608
      vertex -27.0408 3 11.8913
      vertex -27.0408 -3 11.8913
    endloop
  endfacet
  facet normal -0.896708 0 -0.442622
    outer loop
      vertex -26.3913 -3 13.4592
      vertex -26.4608 3 13.6
      vertex -26.3913 3 13.4592
    endloop
  endfacet
  facet normal -0.896708 -0 -0.442622
    outer loop
      vertex -26.4608 3 13.6
      vertex -26.3913 -3 13.4592
      vertex -26.4608 -3 13.6
    endloop
  endfacet
  facet normal 0.321194 0 -0.947013
    outer loop
      vertex -27.9592 -3 14.1087
      vertex -27.8106 3 14.1591
      vertex -27.8106 -3 14.1591
    endloop
  endfacet
  facet normal 0.321194 0 -0.947013
    outer loop
      vertex -27.8106 3 14.1591
      vertex -27.9592 -3 14.1087
      vertex -27.9592 3 14.1087
    endloop
  endfacet
  facet normal -0.831462 0 0.555582
    outer loop
      vertex -26.548 -3 12.2695
      vertex -26.4608 3 12.4
      vertex -26.548 3 12.2695
    endloop
  endfacet
  facet normal -0.831462 0 0.555582
    outer loop
      vertex -26.4608 3 12.4
      vertex -26.548 -3 12.2695
      vertex -26.4608 -3 12.4
    endloop
  endfacet
  facet normal -0.896708 0 0.442622
    outer loop
      vertex -26.4608 -3 12.4
      vertex -26.3913 3 12.5408
      vertex -26.4608 3 12.4
    endloop
  endfacet
  facet normal -0.896708 0 0.442622
    outer loop
      vertex -26.3913 3 12.5408
      vertex -26.4608 -3 12.4
      vertex -26.3913 -3 12.5408
    endloop
  endfacet
  facet normal 0.831462 0 -0.555582
    outer loop
      vertex -28.452 -3 13.7305
      vertex -28.5392 3 13.6
      vertex -28.452 3 13.7305
    endloop
  endfacet
  facet normal 0.831462 0 -0.555582
    outer loop
      vertex -28.5392 3 13.6
      vertex -28.452 -3 13.7305
      vertex -28.5392 -3 13.6
    endloop
  endfacet
  facet normal -0.442622 0 -0.896708
    outer loop
      vertex -27.0408 -3 14.1087
      vertex -26.9 3 14.0392
      vertex -26.9 -3 14.0392
    endloop
  endfacet
  facet normal -0.442622 0 -0.896708
    outer loop
      vertex -26.9 3 14.0392
      vertex -27.0408 -3 14.1087
      vertex -27.0408 3 14.1087
    endloop
  endfacet
  facet normal 0.997844 -0 0.0656309
    outer loop
      vertex -28.7 -3 13
      vertex -28.6897 3 12.8434
      vertex -28.7 3 13
    endloop
  endfacet
  facet normal 0.997844 0 0.0656309
    outer loop
      vertex -28.6897 3 12.8434
      vertex -28.7 -3 13
      vertex -28.6897 -3 12.8434
    endloop
  endfacet
  facet normal 0.442622 0 0.896708
    outer loop
      vertex -28.1 3 11.9608
      vertex -27.9592 -3 11.8913
      vertex -27.9592 3 11.8913
    endloop
  endfacet
  facet normal 0.442622 0 0.896708
    outer loop
      vertex -27.9592 -3 11.8913
      vertex -28.1 3 11.9608
      vertex -28.1 -3 11.9608
    endloop
  endfacet
  facet normal -0.194891 0 0.980825
    outer loop
      vertex -27.3434 3 11.8103
      vertex -27.1894 -3 11.8409
      vertex -27.1894 3 11.8409
    endloop
  endfacet
  facet normal -0.194891 0 0.980825
    outer loop
      vertex -27.1894 -3 11.8409
      vertex -27.3434 3 11.8103
      vertex -27.3434 -3 11.8103
    endloop
  endfacet
  facet normal 0.751787 -0 0.659406
    outer loop
      vertex -28.452 -3 12.2695
      vertex -28.3485 3 12.1515
      vertex -28.452 3 12.2695
    endloop
  endfacet
  facet normal 0.751787 0 0.659406
    outer loop
      vertex -28.3485 3 12.1515
      vertex -28.452 -3 12.2695
      vertex -28.3485 -3 12.1515
    endloop
  endfacet
  facet normal -0.947013 0 -0.321194
    outer loop
      vertex -26.3409 -3 13.3106
      vertex -26.3913 3 13.4592
      vertex -26.3409 3 13.3106
    endloop
  endfacet
  facet normal -0.947013 -0 -0.321194
    outer loop
      vertex -26.3913 3 13.4592
      vertex -26.3409 -3 13.3106
      vertex -26.3913 -3 13.4592
    endloop
  endfacet
  facet normal 0.980825 -0 0.194891
    outer loop
      vertex -28.6897 -3 12.8434
      vertex -28.6591 3 12.6894
      vertex -28.6897 3 12.8434
    endloop
  endfacet
  facet normal 0.980825 0 0.194891
    outer loop
      vertex -28.6591 3 12.6894
      vertex -28.6897 -3 12.8434
      vertex -28.6591 -3 12.6894
    endloop
  endfacet
  facet normal 0.442622 0 -0.896708
    outer loop
      vertex -28.1 -3 14.0392
      vertex -27.9592 3 14.1087
      vertex -27.9592 -3 14.1087
    endloop
  endfacet
  facet normal 0.442622 0 -0.896708
    outer loop
      vertex -27.9592 3 14.1087
      vertex -28.1 -3 14.0392
      vertex -28.1 3 14.0392
    endloop
  endfacet
  facet normal 0.555582 0 0.831462
    outer loop
      vertex -28.2305 3 12.048
      vertex -28.1 -3 11.9608
      vertex -28.1 3 11.9608
    endloop
  endfacet
  facet normal 0.555582 0 0.831462
    outer loop
      vertex -28.1 -3 11.9608
      vertex -28.2305 3 12.048
      vertex -28.2305 -3 12.048
    endloop
  endfacet
  facet normal -0.659406 0 -0.751787
    outer loop
      vertex -26.7695 -3 13.952
      vertex -26.6515 3 13.8485
      vertex -26.6515 -3 13.8485
    endloop
  endfacet
  facet normal -0.659406 0 -0.751787
    outer loop
      vertex -26.6515 3 13.8485
      vertex -26.7695 -3 13.952
      vertex -26.7695 3 13.952
    endloop
  endfacet
  facet normal 0.321194 0 0.947013
    outer loop
      vertex -27.9592 3 11.8913
      vertex -27.8106 -3 11.8409
      vertex -27.8106 3 11.8409
    endloop
  endfacet
  facet normal 0.321194 0 0.947013
    outer loop
      vertex -27.8106 -3 11.8409
      vertex -27.9592 3 11.8913
      vertex -27.9592 -3 11.8913
    endloop
  endfacet
  facet normal -0.831462 0 -0.555582
    outer loop
      vertex -26.4608 -3 13.6
      vertex -26.548 3 13.7305
      vertex -26.4608 3 13.6
    endloop
  endfacet
  facet normal -0.831462 -0 -0.555582
    outer loop
      vertex -26.548 3 13.7305
      vertex -26.4608 -3 13.6
      vertex -26.548 -3 13.7305
    endloop
  endfacet
  facet normal -0.555582 0 -0.831462
    outer loop
      vertex -26.9 -3 14.0392
      vertex -26.7695 3 13.952
      vertex -26.7695 -3 13.952
    endloop
  endfacet
  facet normal -0.555582 0 -0.831462
    outer loop
      vertex -26.7695 3 13.952
      vertex -26.9 -3 14.0392
      vertex -26.9 3 14.0392
    endloop
  endfacet
  facet normal -0.751787 0 -0.659406
    outer loop
      vertex -26.548 -3 13.7305
      vertex -26.6515 3 13.8485
      vertex -26.548 3 13.7305
    endloop
  endfacet
  facet normal -0.751787 -0 -0.659406
    outer loop
      vertex -26.6515 3 13.8485
      vertex -26.548 -3 13.7305
      vertex -26.6515 -3 13.8485
    endloop
  endfacet
  facet normal -0.980825 0 -0.194891
    outer loop
      vertex -26.3103 -3 13.1566
      vertex -26.3409 3 13.3106
      vertex -26.3103 3 13.1566
    endloop
  endfacet
  facet normal -0.980825 -0 -0.194891
    outer loop
      vertex -26.3409 3 13.3106
      vertex -26.3103 -3 13.1566
      vertex -26.3409 -3 13.3106
    endloop
  endfacet
  facet normal 0.0656309 0 0.997844
    outer loop
      vertex -27.6566 3 11.8103
      vertex -27.5 -3 11.8
      vertex -27.5 3 11.8
    endloop
  endfacet
  facet normal 0.0656309 0 0.997844
    outer loop
      vertex -27.5 -3 11.8
      vertex -27.6566 3 11.8103
      vertex -27.6566 -3 11.8103
    endloop
  endfacet
  facet normal 0.896708 0 -0.442622
    outer loop
      vertex -28.5392 -3 13.6
      vertex -28.6087 3 13.4592
      vertex -28.5392 3 13.6
    endloop
  endfacet
  facet normal 0.896708 0 -0.442622
    outer loop
      vertex -28.6087 3 13.4592
      vertex -28.5392 -3 13.6
      vertex -28.6087 -3 13.4592
    endloop
  endfacet
  facet normal 0.896708 -0 0.442622
    outer loop
      vertex -28.6087 -3 12.5408
      vertex -28.5392 3 12.4
      vertex -28.6087 3 12.5408
    endloop
  endfacet
  facet normal 0.896708 0 0.442622
    outer loop
      vertex -28.5392 3 12.4
      vertex -28.6087 -3 12.5408
      vertex -28.5392 -3 12.4
    endloop
  endfacet
  facet normal -0.555582 0 0.831462
    outer loop
      vertex -26.9 3 11.9608
      vertex -26.7695 -3 12.048
      vertex -26.7695 3 12.048
    endloop
  endfacet
  facet normal -0.555582 0 0.831462
    outer loop
      vertex -26.7695 -3 12.048
      vertex -26.9 3 11.9608
      vertex -26.9 -3 11.9608
    endloop
  endfacet
  facet normal 0.980825 0 -0.194891
    outer loop
      vertex -28.6591 -3 13.3106
      vertex -28.6897 3 13.1566
      vertex -28.6591 3 13.3106
    endloop
  endfacet
  facet normal 0.980825 0 -0.194891
    outer loop
      vertex -28.6897 3 13.1566
      vertex -28.6591 -3 13.3106
      vertex -28.6897 -3 13.1566
    endloop
  endfacet
  facet normal -0.321194 0 -0.947013
    outer loop
      vertex -27.1894 -3 14.1591
      vertex -27.0408 3 14.1087
      vertex -27.0408 -3 14.1087
    endloop
  endfacet
  facet normal -0.321194 0 -0.947013
    outer loop
      vertex -27.0408 3 14.1087
      vertex -27.1894 -3 14.1591
      vertex -27.1894 3 14.1591
    endloop
  endfacet
  facet normal -0.659406 0 0.751787
    outer loop
      vertex -26.7695 3 12.048
      vertex -26.6515 -3 12.1515
      vertex -26.6515 3 12.1515
    endloop
  endfacet
  facet normal -0.659406 0 0.751787
    outer loop
      vertex -26.6515 -3 12.1515
      vertex -26.7695 3 12.048
      vertex -26.7695 -3 12.048
    endloop
  endfacet
  facet normal -0.194891 0 -0.980825
    outer loop
      vertex -27.3434 -3 14.1897
      vertex -27.1894 3 14.1591
      vertex -27.1894 -3 14.1591
    endloop
  endfacet
  facet normal -0.194891 0 -0.980825
    outer loop
      vertex -27.1894 3 14.1591
      vertex -27.3434 -3 14.1897
      vertex -27.3434 3 14.1897
    endloop
  endfacet
  facet normal 0.947013 -0 0.321194
    outer loop
      vertex -28.6591 -3 12.6894
      vertex -28.6087 3 12.5408
      vertex -28.6591 3 12.6894
    endloop
  endfacet
  facet normal 0.947013 0 0.321194
    outer loop
      vertex -28.6087 3 12.5408
      vertex -28.6591 -3 12.6894
      vertex -28.6087 -3 12.5408
    endloop
  endfacet
  facet normal 0.194891 0 0.980825
    outer loop
      vertex -27.8106 3 11.8409
      vertex -27.6566 -3 11.8103
      vertex -27.6566 3 11.8103
    endloop
  endfacet
  facet normal 0.194891 0 0.980825
    outer loop
      vertex -27.6566 -3 11.8103
      vertex -27.8106 3 11.8409
      vertex -27.8106 -3 11.8409
    endloop
  endfacet
  facet normal 0.0656309 0 -0.997844
    outer loop
      vertex -27.6566 -3 14.1897
      vertex -27.5 3 14.2
      vertex -27.5 -3 14.2
    endloop
  endfacet
  facet normal 0.0656309 0 -0.997844
    outer loop
      vertex -27.5 3 14.2
      vertex -27.6566 -3 14.1897
      vertex -27.6566 3 14.1897
    endloop
  endfacet
  facet normal 0.947013 0 -0.321194
    outer loop
      vertex -28.6087 -3 13.4592
      vertex -28.6591 3 13.3106
      vertex -28.6087 3 13.4592
    endloop
  endfacet
  facet normal 0.947013 0 -0.321194
    outer loop
      vertex -28.6591 3 13.3106
      vertex -28.6087 -3 13.4592
      vertex -28.6591 -3 13.3106
    endloop
  endfacet
  facet normal 0.751787 0 -0.659406
    outer loop
      vertex -28.3485 -3 13.8485
      vertex -28.452 3 13.7305
      vertex -28.3485 3 13.8485
    endloop
  endfacet
  facet normal 0.751787 0 -0.659406
    outer loop
      vertex -28.452 3 13.7305
      vertex -28.3485 -3 13.8485
      vertex -28.452 -3 13.7305
    endloop
  endfacet
  facet normal 0.194891 0 -0.980825
    outer loop
      vertex -27.8106 -3 14.1591
      vertex -27.6566 3 14.1897
      vertex -27.6566 -3 14.1897
    endloop
  endfacet
  facet normal 0.194891 0 -0.980825
    outer loop
      vertex -27.6566 3 14.1897
      vertex -27.8106 -3 14.1591
      vertex -27.8106 3 14.1591
    endloop
  endfacet
  facet normal 0.555582 0 -0.831462
    outer loop
      vertex -28.2305 -3 13.952
      vertex -28.1 3 14.0392
      vertex -28.1 -3 14.0392
    endloop
  endfacet
  facet normal 0.555582 0 -0.831462
    outer loop
      vertex -28.1 3 14.0392
      vertex -28.2305 -3 13.952
      vertex -28.2305 3 13.952
    endloop
  endfacet
  facet normal -0.321194 0 0.947013
    outer loop
      vertex -27.1894 3 11.8409
      vertex -27.0408 -3 11.8913
      vertex -27.0408 3 11.8913
    endloop
  endfacet
  facet normal -0.321194 0 0.947013
    outer loop
      vertex -27.0408 -3 11.8913
      vertex -27.1894 3 11.8409
      vertex -27.1894 -3 11.8409
    endloop
  endfacet
  facet normal 0.831462 -0 0.555582
    outer loop
      vertex -28.5392 -3 12.4
      vertex -28.452 3 12.2695
      vertex -28.5392 3 12.4
    endloop
  endfacet
  facet normal 0.831462 0 0.555582
    outer loop
      vertex -28.452 3 12.2695
      vertex -28.5392 -3 12.4
      vertex -28.452 -3 12.2695
    endloop
  endfacet
  facet normal 0.195014 0 0.980801
    outer loop
      vertex -35.3106 3 4.34089
      vertex -35.1566 -3 4.31027
      vertex -35.1566 3 4.31027
    endloop
  endfacet
  facet normal 0.195014 0 0.980801
    outer loop
      vertex -35.1566 -3 4.31027
      vertex -35.3106 3 4.34089
      vertex -35.3106 -3 4.34089
    endloop
  endfacet
  facet normal 0.0654405 0 0.997856
    outer loop
      vertex -35.1566 3 4.31027
      vertex -35 -3 4.3
      vertex -35 3 4.3
    endloop
  endfacet
  facet normal 0.0654405 0 0.997856
    outer loop
      vertex -35 -3 4.3
      vertex -35.1566 3 4.31027
      vertex -35.1566 -3 4.31027
    endloop
  endfacet
  facet normal 0.321537 0 0.946897
    outer loop
      vertex -35.4592 3 4.39135
      vertex -35.3106 -3 4.34089
      vertex -35.3106 3 4.34089
    endloop
  endfacet
  facet normal 0.321537 0 0.946897
    outer loop
      vertex -35.3106 -3 4.34089
      vertex -35.4592 3 4.39135
      vertex -35.4592 -3 4.39135
    endloop
  endfacet
  facet normal 0.94704 -0 0.321117
    outer loop
      vertex -36.1591 -3 5.18942
      vertex -36.1087 3 5.04078
      vertex -36.1591 3 5.18942
    endloop
  endfacet
  facet normal 0.94704 0 0.321117
    outer loop
      vertex -36.1087 3 5.04078
      vertex -36.1591 -3 5.18942
      vertex -36.1087 -3 5.04078
    endloop
  endfacet
  facet normal 0.997845 -0 0.0656183
    outer loop
      vertex -36.2 -3 5.5
      vertex -36.1897 3 5.34337
      vertex -36.2 3 5.5
    endloop
  endfacet
  facet normal 0.997845 0 0.0656183
    outer loop
      vertex -36.1897 3 5.34337
      vertex -36.2 -3 5.5
      vertex -36.1897 -3 5.34337
    endloop
  endfacet
  facet normal -0.751842 0 -0.659343
    outer loop
      vertex -34.048 -3 6.23051
      vertex -34.1515 3 6.34853
      vertex -34.048 3 6.23051
    endloop
  endfacet
  facet normal -0.751842 -0 -0.659343
    outer loop
      vertex -34.1515 3 6.34853
      vertex -34.048 -3 6.23051
      vertex -34.1515 -3 6.34853
    endloop
  endfacet
  facet normal -0.0654405 0 -0.997856
    outer loop
      vertex -35 -3 6.7
      vertex -34.8434 3 6.68973
      vertex -34.8434 -3 6.68973
    endloop
  endfacet
  facet normal -0.0654405 0 -0.997856
    outer loop
      vertex -34.8434 3 6.68973
      vertex -35 -3 6.7
      vertex -35 3 6.7
    endloop
  endfacet
  facet normal 0.65937 0 0.751818
    outer loop
      vertex -35.8485 3 4.65147
      vertex -35.7305 -3 4.54798
      vertex -35.7305 3 4.54798
    endloop
  endfacet
  facet normal 0.65937 0 0.751818
    outer loop
      vertex -35.7305 -3 4.54798
      vertex -35.8485 3 4.65147
      vertex -35.8485 -3 4.65147
    endloop
  endfacet
  facet normal 0.94704 0 -0.321117
    outer loop
      vertex -36.1087 -3 5.95922
      vertex -36.1591 3 5.81058
      vertex -36.1087 3 5.95922
    endloop
  endfacet
  facet normal 0.94704 0 -0.321117
    outer loop
      vertex -36.1591 3 5.81058
      vertex -36.1087 -3 5.95922
      vertex -36.1591 -3 5.81058
    endloop
  endfacet
  facet normal -0.0654405 0 0.997856
    outer loop
      vertex -35 3 4.3
      vertex -34.8434 -3 4.31027
      vertex -34.8434 3 4.31027
    endloop
  endfacet
  facet normal -0.0654405 0 0.997856
    outer loop
      vertex -34.8434 -3 4.31027
      vertex -35 3 4.3
      vertex -35 -3 4.3
    endloop
  endfacet
  facet normal 0.896683 -0 0.442673
    outer loop
      vertex -36.1087 -3 5.04078
      vertex -36.0392 3 4.9
      vertex -36.1087 3 5.04078
    endloop
  endfacet
  facet normal 0.896683 0 0.442673
    outer loop
      vertex -36.0392 3 4.9
      vertex -36.1087 -3 5.04078
      vertex -36.0392 -3 4.9
    endloop
  endfacet
  facet normal -0.442212 0 0.89691
    outer loop
      vertex -34.5408 3 4.39135
      vertex -34.4 -3 4.46077
      vertex -34.4 3 4.46077
    endloop
  endfacet
  facet normal -0.442212 0 0.89691
    outer loop
      vertex -34.4 -3 4.46077
      vertex -34.5408 3 4.39135
      vertex -34.5408 -3 4.39135
    endloop
  endfacet
  facet normal -0.94704 0 -0.321117
    outer loop
      vertex -33.8409 -3 5.81058
      vertex -33.8913 3 5.95922
      vertex -33.8409 3 5.81058
    endloop
  endfacet
  facet normal -0.94704 -0 -0.321117
    outer loop
      vertex -33.8913 3 5.95922
      vertex -33.8409 -3 5.81058
      vertex -33.8913 -3 5.95922
    endloop
  endfacet
  facet normal 0.555626 0 0.831432
    outer loop
      vertex -35.7305 3 4.54798
      vertex -35.6 -3 4.46077
      vertex -35.6 3 4.46077
    endloop
  endfacet
  facet normal 0.555626 0 0.831432
    outer loop
      vertex -35.6 -3 4.46077
      vertex -35.7305 3 4.54798
      vertex -35.7305 -3 4.54798
    endloop
  endfacet
  facet normal 0.442212 0 0.89691
    outer loop
      vertex -35.6 3 4.46077
      vertex -35.4592 -3 4.39135
      vertex -35.4592 3 4.39135
    endloop
  endfacet
  facet normal 0.442212 0 0.89691
    outer loop
      vertex -35.4592 -3 4.39135
      vertex -35.6 3 4.46077
      vertex -35.6 -3 4.46077
    endloop
  endfacet
  facet normal -0.555626 0 -0.831432
    outer loop
      vertex -34.4 -3 6.53923
      vertex -34.2695 3 6.45202
      vertex -34.2695 -3 6.45202
    endloop
  endfacet
  facet normal -0.555626 0 -0.831432
    outer loop
      vertex -34.2695 3 6.45202
      vertex -34.4 -3 6.53923
      vertex -34.4 3 6.53923
    endloop
  endfacet
  facet normal -0.896683 0 0.442673
    outer loop
      vertex -33.9608 -3 4.9
      vertex -33.8913 3 5.04078
      vertex -33.9608 3 4.9
    endloop
  endfacet
  facet normal -0.896683 0 0.442673
    outer loop
      vertex -33.8913 3 5.04078
      vertex -33.9608 -3 4.9
      vertex -33.8913 -3 5.04078
    endloop
  endfacet
  facet normal 0.555626 0 -0.831432
    outer loop
      vertex -35.7305 -3 6.45202
      vertex -35.6 3 6.53923
      vertex -35.6 -3 6.53923
    endloop
  endfacet
  facet normal 0.555626 0 -0.831432
    outer loop
      vertex -35.6 3 6.53923
      vertex -35.7305 -3 6.45202
      vertex -35.7305 3 6.45202
    endloop
  endfacet
  facet normal 0.751842 0 -0.659343
    outer loop
      vertex -35.8485 -3 6.34853
      vertex -35.952 3 6.23051
      vertex -35.8485 3 6.34853
    endloop
  endfacet
  facet normal 0.751842 0 -0.659343
    outer loop
      vertex -35.952 3 6.23051
      vertex -35.8485 -3 6.34853
      vertex -35.952 -3 6.23051
    endloop
  endfacet
  facet normal -0.195014 0 0.980801
    outer loop
      vertex -34.8434 3 4.31027
      vertex -34.6894 -3 4.34089
      vertex -34.6894 3 4.34089
    endloop
  endfacet
  facet normal -0.195014 0 0.980801
    outer loop
      vertex -34.6894 -3 4.34089
      vertex -34.8434 3 4.31027
      vertex -34.8434 -3 4.31027
    endloop
  endfacet
  facet normal -0.997845 0 0.0656183
    outer loop
      vertex -33.8103 -3 5.34337
      vertex -33.8 3 5.5
      vertex -33.8103 3 5.34337
    endloop
  endfacet
  facet normal -0.997845 0 0.0656183
    outer loop
      vertex -33.8 3 5.5
      vertex -33.8103 -3 5.34337
      vertex -33.8 -3 5.5
    endloop
  endfacet
  facet normal 0.896683 0 -0.442673
    outer loop
      vertex -36.0392 -3 6.1
      vertex -36.1087 3 5.95922
      vertex -36.0392 3 6.1
    endloop
  endfacet
  facet normal 0.896683 0 -0.442673
    outer loop
      vertex -36.1087 3 5.95922
      vertex -36.0392 -3 6.1
      vertex -36.1087 -3 5.95922
    endloop
  endfacet
  facet normal 0.0654405 0 -0.997856
    outer loop
      vertex -35.1566 -3 6.68973
      vertex -35 3 6.7
      vertex -35 -3 6.7
    endloop
  endfacet
  facet normal 0.0654405 0 -0.997856
    outer loop
      vertex -35 3 6.7
      vertex -35.1566 -3 6.68973
      vertex -35.1566 3 6.68973
    endloop
  endfacet
  facet normal 0.980813 -0 0.194952
    outer loop
      vertex -36.1897 -3 5.34337
      vertex -36.1591 3 5.18942
      vertex -36.1897 3 5.34337
    endloop
  endfacet
  facet normal 0.980813 0 0.194952
    outer loop
      vertex -36.1591 3 5.18942
      vertex -36.1897 -3 5.34337
      vertex -36.1591 -3 5.18942
    endloop
  endfacet
  facet normal 0.65937 0 -0.751818
    outer loop
      vertex -35.8485 -3 6.34853
      vertex -35.7305 3 6.45202
      vertex -35.7305 -3 6.45202
    endloop
  endfacet
  facet normal 0.65937 0 -0.751818
    outer loop
      vertex -35.7305 3 6.45202
      vertex -35.8485 -3 6.34853
      vertex -35.8485 3 6.34853
    endloop
  endfacet
  facet normal -0.32148 0 -0.946916
    outer loop
      vertex -34.6894 -3 6.65911
      vertex -34.5408 3 6.60866
      vertex -34.5408 -3 6.60866
    endloop
  endfacet
  facet normal -0.32148 0 -0.946916
    outer loop
      vertex -34.5408 3 6.60866
      vertex -34.6894 -3 6.65911
      vertex -34.6894 3 6.65911
    endloop
  endfacet
  facet normal -0.321537 0 0.946897
    outer loop
      vertex -34.6894 3 4.34089
      vertex -34.5408 -3 4.39135
      vertex -34.5408 3 4.39135
    endloop
  endfacet
  facet normal -0.321537 0 0.946897
    outer loop
      vertex -34.5408 -3 4.39135
      vertex -34.6894 3 4.34089
      vertex -34.6894 -3 4.34089
    endloop
  endfacet
  facet normal 0.195014 0 -0.980801
    outer loop
      vertex -35.3106 -3 6.65911
      vertex -35.1566 3 6.68973
      vertex -35.1566 -3 6.68973
    endloop
  endfacet
  facet normal 0.195014 0 -0.980801
    outer loop
      vertex -35.1566 3 6.68973
      vertex -35.3106 -3 6.65911
      vertex -35.3106 3 6.65911
    endloop
  endfacet
  facet normal -0.896683 0 -0.442673
    outer loop
      vertex -33.8913 -3 5.95922
      vertex -33.9608 3 6.1
      vertex -33.8913 3 5.95922
    endloop
  endfacet
  facet normal -0.896683 -0 -0.442673
    outer loop
      vertex -33.9608 3 6.1
      vertex -33.8913 -3 5.95922
      vertex -33.9608 -3 6.1
    endloop
  endfacet
  facet normal 0.831481 0 -0.555553
    outer loop
      vertex -35.952 -3 6.23051
      vertex -36.0392 3 6.1
      vertex -35.952 3 6.23051
    endloop
  endfacet
  facet normal 0.831481 0 -0.555553
    outer loop
      vertex -36.0392 3 6.1
      vertex -35.952 -3 6.23051
      vertex -36.0392 -3 6.1
    endloop
  endfacet
  facet normal -0.751842 0 0.659343
    outer loop
      vertex -34.1515 -3 4.65147
      vertex -34.048 3 4.76949
      vertex -34.1515 3 4.65147
    endloop
  endfacet
  facet normal -0.751842 0 0.659343
    outer loop
      vertex -34.048 3 4.76949
      vertex -34.1515 -3 4.65147
      vertex -34.048 -3 4.76949
    endloop
  endfacet
  facet normal -0.65937 0 0.751818
    outer loop
      vertex -34.2695 3 4.54798
      vertex -34.1515 -3 4.65147
      vertex -34.1515 3 4.65147
    endloop
  endfacet
  facet normal -0.65937 0 0.751818
    outer loop
      vertex -34.1515 -3 4.65147
      vertex -34.2695 3 4.54798
      vertex -34.2695 -3 4.54798
    endloop
  endfacet
  facet normal -0.555626 0 0.831432
    outer loop
      vertex -34.4 3 4.46077
      vertex -34.2695 -3 4.54798
      vertex -34.2695 3 4.54798
    endloop
  endfacet
  facet normal -0.555626 0 0.831432
    outer loop
      vertex -34.2695 -3 4.54798
      vertex -34.4 3 4.46077
      vertex -34.4 -3 4.46077
    endloop
  endfacet
  facet normal 0.997845 0 -0.0656183
    outer loop
      vertex -36.1897 -3 5.65663
      vertex -36.2 3 5.5
      vertex -36.1897 3 5.65663
    endloop
  endfacet
  facet normal 0.997845 0 -0.0656183
    outer loop
      vertex -36.2 3 5.5
      vertex -36.1897 -3 5.65663
      vertex -36.2 -3 5.5
    endloop
  endfacet
  facet normal -0.442264 0 -0.896885
    outer loop
      vertex -34.5408 -3 6.60866
      vertex -34.4 3 6.53923
      vertex -34.4 -3 6.53923
    endloop
  endfacet
  facet normal -0.442264 0 -0.896885
    outer loop
      vertex -34.4 3 6.53923
      vertex -34.5408 -3 6.60866
      vertex -34.5408 3 6.60866
    endloop
  endfacet
  facet normal -0.831481 0 -0.555553
    outer loop
      vertex -33.9608 -3 6.1
      vertex -34.048 3 6.23051
      vertex -33.9608 3 6.1
    endloop
  endfacet
  facet normal -0.831481 -0 -0.555553
    outer loop
      vertex -34.048 3 6.23051
      vertex -33.9608 -3 6.1
      vertex -34.048 -3 6.23051
    endloop
  endfacet
  facet normal 0.442264 0 -0.896885
    outer loop
      vertex -35.6 -3 6.53923
      vertex -35.4592 3 6.60866
      vertex -35.4592 -3 6.60866
    endloop
  endfacet
  facet normal 0.442264 0 -0.896885
    outer loop
      vertex -35.4592 3 6.60866
      vertex -35.6 -3 6.53923
      vertex -35.6 3 6.53923
    endloop
  endfacet
  facet normal 0.831481 -0 0.555553
    outer loop
      vertex -36.0392 -3 4.9
      vertex -35.952 3 4.76949
      vertex -36.0392 3 4.9
    endloop
  endfacet
  facet normal 0.831481 0 0.555553
    outer loop
      vertex -35.952 3 4.76949
      vertex -36.0392 -3 4.9
      vertex -35.952 -3 4.76949
    endloop
  endfacet
  facet normal -0.195014 0 -0.980801
    outer loop
      vertex -34.8434 -3 6.68973
      vertex -34.6894 3 6.65911
      vertex -34.6894 -3 6.65911
    endloop
  endfacet
  facet normal -0.195014 0 -0.980801
    outer loop
      vertex -34.6894 3 6.65911
      vertex -34.8434 -3 6.68973
      vertex -34.8434 3 6.68973
    endloop
  endfacet
  facet normal 0.751842 -0 0.659343
    outer loop
      vertex -35.952 -3 4.76949
      vertex -35.8485 3 4.65147
      vertex -35.952 3 4.76949
    endloop
  endfacet
  facet normal 0.751842 0 0.659343
    outer loop
      vertex -35.8485 3 4.65147
      vertex -35.952 -3 4.76949
      vertex -35.8485 -3 4.65147
    endloop
  endfacet
  facet normal -0.831481 0 0.555553
    outer loop
      vertex -34.048 -3 4.76949
      vertex -33.9608 3 4.9
      vertex -34.048 3 4.76949
    endloop
  endfacet
  facet normal -0.831481 0 0.555553
    outer loop
      vertex -33.9608 3 4.9
      vertex -34.048 -3 4.76949
      vertex -33.9608 -3 4.9
    endloop
  endfacet
  facet normal -0.980813 0 0.194952
    outer loop
      vertex -33.8409 -3 5.18942
      vertex -33.8103 3 5.34337
      vertex -33.8409 3 5.18942
    endloop
  endfacet
  facet normal -0.980813 0 0.194952
    outer loop
      vertex -33.8103 3 5.34337
      vertex -33.8409 -3 5.18942
      vertex -33.8103 -3 5.34337
    endloop
  endfacet
  facet normal 0.32148 0 -0.946916
    outer loop
      vertex -35.4592 -3 6.60866
      vertex -35.3106 3 6.65911
      vertex -35.3106 -3 6.65911
    endloop
  endfacet
  facet normal 0.32148 0 -0.946916
    outer loop
      vertex -35.3106 3 6.65911
      vertex -35.4592 -3 6.60866
      vertex -35.4592 3 6.60866
    endloop
  endfacet
  facet normal 0.980813 0 -0.194952
    outer loop
      vertex -36.1591 -3 5.81058
      vertex -36.1897 3 5.65663
      vertex -36.1591 3 5.81058
    endloop
  endfacet
  facet normal 0.980813 0 -0.194952
    outer loop
      vertex -36.1897 3 5.65663
      vertex -36.1591 -3 5.81058
      vertex -36.1897 -3 5.65663
    endloop
  endfacet
  facet normal -0.997845 0 -0.0656183
    outer loop
      vertex -33.8 -3 5.5
      vertex -33.8103 3 5.65663
      vertex -33.8 3 5.5
    endloop
  endfacet
  facet normal -0.997845 -0 -0.0656183
    outer loop
      vertex -33.8103 3 5.65663
      vertex -33.8 -3 5.5
      vertex -33.8103 -3 5.65663
    endloop
  endfacet
  facet normal -0.94704 0 0.321117
    outer loop
      vertex -33.8913 -3 5.04078
      vertex -33.8409 3 5.18942
      vertex -33.8913 3 5.04078
    endloop
  endfacet
  facet normal -0.94704 0 0.321117
    outer loop
      vertex -33.8409 3 5.18942
      vertex -33.8913 -3 5.04078
      vertex -33.8409 -3 5.18942
    endloop
  endfacet
  facet normal -0.65937 0 -0.751818
    outer loop
      vertex -34.2695 -3 6.45202
      vertex -34.1515 3 6.34853
      vertex -34.1515 -3 6.34853
    endloop
  endfacet
  facet normal -0.65937 0 -0.751818
    outer loop
      vertex -34.1515 3 6.34853
      vertex -34.2695 -3 6.45202
      vertex -34.2695 3 6.45202
    endloop
  endfacet
  facet normal -0.980813 0 -0.194952
    outer loop
      vertex -33.8103 -3 5.65663
      vertex -33.8409 3 5.81058
      vertex -33.8103 3 5.65663
    endloop
  endfacet
  facet normal -0.980813 -0 -0.194952
    outer loop
      vertex -33.8409 3 5.81058
      vertex -33.8103 -3 5.65663
      vertex -33.8409 -3 5.81058
    endloop
  endfacet
  facet normal 0.947013 0 -0.321194
    outer loop
      vertex -43.6087 -3 13.4592
      vertex -43.6591 3 13.3106
      vertex -43.6087 3 13.4592
    endloop
  endfacet
  facet normal 0.947013 0 -0.321194
    outer loop
      vertex -43.6591 3 13.3106
      vertex -43.6087 -3 13.4592
      vertex -43.6591 -3 13.3106
    endloop
  endfacet
  facet normal 0.0656309 0 -0.997844
    outer loop
      vertex -42.6566 -3 14.1897
      vertex -42.5 3 14.2
      vertex -42.5 -3 14.2
    endloop
  endfacet
  facet normal 0.0656309 0 -0.997844
    outer loop
      vertex -42.5 3 14.2
      vertex -42.6566 -3 14.1897
      vertex -42.6566 3 14.1897
    endloop
  endfacet
  facet normal -0.659406 0 0.751787
    outer loop
      vertex -41.7695 3 12.048
      vertex -41.6515 -3 12.1515
      vertex -41.6515 3 12.1515
    endloop
  endfacet
  facet normal -0.659406 0 0.751787
    outer loop
      vertex -41.6515 -3 12.1515
      vertex -41.7695 3 12.048
      vertex -41.7695 -3 12.048
    endloop
  endfacet
  facet normal -0.997844 0 0.0656309
    outer loop
      vertex -41.3103 -3 12.8434
      vertex -41.3 3 13
      vertex -41.3103 3 12.8434
    endloop
  endfacet
  facet normal -0.997844 0 0.0656309
    outer loop
      vertex -41.3 3 13
      vertex -41.3103 -3 12.8434
      vertex -41.3 -3 13
    endloop
  endfacet
  facet normal 0.997844 0 -0.0656309
    outer loop
      vertex -43.6897 -3 13.1566
      vertex -43.7 3 13
      vertex -43.6897 3 13.1566
    endloop
  endfacet
  facet normal 0.997844 0 -0.0656309
    outer loop
      vertex -43.7 3 13
      vertex -43.6897 -3 13.1566
      vertex -43.7 -3 13
    endloop
  endfacet
  facet normal -0.321194 0 -0.947013
    outer loop
      vertex -42.1894 -3 14.1591
      vertex -42.0408 3 14.1087
      vertex -42.0408 -3 14.1087
    endloop
  endfacet
  facet normal -0.321194 0 -0.947013
    outer loop
      vertex -42.0408 3 14.1087
      vertex -42.1894 -3 14.1591
      vertex -42.1894 3 14.1591
    endloop
  endfacet
  facet normal 0.997844 -0 0.0656309
    outer loop
      vertex -43.7 -3 13
      vertex -43.6897 3 12.8434
      vertex -43.7 3 13
    endloop
  endfacet
  facet normal 0.997844 0 0.0656309
    outer loop
      vertex -43.6897 3 12.8434
      vertex -43.7 -3 13
      vertex -43.6897 -3 12.8434
    endloop
  endfacet
  facet normal 0.751787 0 -0.659406
    outer loop
      vertex -43.3485 -3 13.8485
      vertex -43.452 3 13.7305
      vertex -43.3485 3 13.8485
    endloop
  endfacet
  facet normal 0.751787 0 -0.659406
    outer loop
      vertex -43.452 3 13.7305
      vertex -43.3485 -3 13.8485
      vertex -43.452 -3 13.7305
    endloop
  endfacet
  facet normal 0.896708 -0 0.442622
    outer loop
      vertex -43.6087 -3 12.5408
      vertex -43.5392 3 12.4
      vertex -43.6087 3 12.5408
    endloop
  endfacet
  facet normal 0.896708 0 0.442622
    outer loop
      vertex -43.5392 3 12.4
      vertex -43.6087 -3 12.5408
      vertex -43.5392 -3 12.4
    endloop
  endfacet
  facet normal 0.831462 0 -0.555582
    outer loop
      vertex -43.452 -3 13.7305
      vertex -43.5392 3 13.6
      vertex -43.452 3 13.7305
    endloop
  endfacet
  facet normal 0.831462 0 -0.555582
    outer loop
      vertex -43.5392 3 13.6
      vertex -43.452 -3 13.7305
      vertex -43.5392 -3 13.6
    endloop
  endfacet
  facet normal 0.896708 0 -0.442622
    outer loop
      vertex -43.5392 -3 13.6
      vertex -43.6087 3 13.4592
      vertex -43.5392 3 13.6
    endloop
  endfacet
  facet normal 0.896708 0 -0.442622
    outer loop
      vertex -43.6087 3 13.4592
      vertex -43.5392 -3 13.6
      vertex -43.6087 -3 13.4592
    endloop
  endfacet
  facet normal -0.831462 0 0.555582
    outer loop
      vertex -41.548 -3 12.2695
      vertex -41.4608 3 12.4
      vertex -41.548 3 12.2695
    endloop
  endfacet
  facet normal -0.831462 0 0.555582
    outer loop
      vertex -41.4608 3 12.4
      vertex -41.548 -3 12.2695
      vertex -41.4608 -3 12.4
    endloop
  endfacet
  facet normal 0.442622 0 0.896708
    outer loop
      vertex -43.1 3 11.9608
      vertex -42.9592 -3 11.8913
      vertex -42.9592 3 11.8913
    endloop
  endfacet
  facet normal 0.442622 0 0.896708
    outer loop
      vertex -42.9592 -3 11.8913
      vertex -43.1 3 11.9608
      vertex -43.1 -3 11.9608
    endloop
  endfacet
  facet normal -0.831462 0 -0.555582
    outer loop
      vertex -41.4608 -3 13.6
      vertex -41.548 3 13.7305
      vertex -41.4608 3 13.6
    endloop
  endfacet
  facet normal -0.831462 -0 -0.555582
    outer loop
      vertex -41.548 3 13.7305
      vertex -41.4608 -3 13.6
      vertex -41.548 -3 13.7305
    endloop
  endfacet
  facet normal 0.194891 0 -0.980825
    outer loop
      vertex -42.8106 -3 14.1591
      vertex -42.6566 3 14.1897
      vertex -42.6566 -3 14.1897
    endloop
  endfacet
  facet normal 0.194891 0 -0.980825
    outer loop
      vertex -42.6566 3 14.1897
      vertex -42.8106 -3 14.1591
      vertex -42.8106 3 14.1591
    endloop
  endfacet
  facet normal -0.659406 0 -0.751787
    outer loop
      vertex -41.7695 -3 13.952
      vertex -41.6515 3 13.8485
      vertex -41.6515 -3 13.8485
    endloop
  endfacet
  facet normal -0.659406 0 -0.751787
    outer loop
      vertex -41.6515 3 13.8485
      vertex -41.7695 -3 13.952
      vertex -41.7695 3 13.952
    endloop
  endfacet
  facet normal 0.980825 -0 0.194891
    outer loop
      vertex -43.6897 -3 12.8434
      vertex -43.6591 3 12.6894
      vertex -43.6897 3 12.8434
    endloop
  endfacet
  facet normal 0.980825 0 0.194891
    outer loop
      vertex -43.6591 3 12.6894
      vertex -43.6897 -3 12.8434
      vertex -43.6591 -3 12.6894
    endloop
  endfacet
  facet normal 0.0656309 0 0.997844
    outer loop
      vertex -42.6566 3 11.8103
      vertex -42.5 -3 11.8
      vertex -42.5 3 11.8
    endloop
  endfacet
  facet normal 0.0656309 0 0.997844
    outer loop
      vertex -42.5 -3 11.8
      vertex -42.6566 3 11.8103
      vertex -42.6566 -3 11.8103
    endloop
  endfacet
  facet normal 0.442622 0 -0.896708
    outer loop
      vertex -43.1 -3 14.0392
      vertex -42.9592 3 14.1087
      vertex -42.9592 -3 14.1087
    endloop
  endfacet
  facet normal 0.442622 0 -0.896708
    outer loop
      vertex -42.9592 3 14.1087
      vertex -43.1 -3 14.0392
      vertex -43.1 3 14.0392
    endloop
  endfacet
  facet normal -0.442622 0 -0.896708
    outer loop
      vertex -42.0408 -3 14.1087
      vertex -41.9 3 14.0392
      vertex -41.9 -3 14.0392
    endloop
  endfacet
  facet normal -0.442622 0 -0.896708
    outer loop
      vertex -41.9 3 14.0392
      vertex -42.0408 -3 14.1087
      vertex -42.0408 3 14.1087
    endloop
  endfacet
  facet normal -0.997844 0 -0.0656309
    outer loop
      vertex -41.3 -3 13
      vertex -41.3103 3 13.1566
      vertex -41.3 3 13
    endloop
  endfacet
  facet normal -0.997844 -0 -0.0656309
    outer loop
      vertex -41.3103 3 13.1566
      vertex -41.3 -3 13
      vertex -41.3103 -3 13.1566
    endloop
  endfacet
  facet normal -0.751787 0 -0.659406
    outer loop
      vertex -41.548 -3 13.7305
      vertex -41.6515 3 13.8485
      vertex -41.548 3 13.7305
    endloop
  endfacet
  facet normal -0.751787 -0 -0.659406
    outer loop
      vertex -41.6515 3 13.8485
      vertex -41.548 -3 13.7305
      vertex -41.6515 -3 13.8485
    endloop
  endfacet
  facet normal 0.947013 -0 0.321194
    outer loop
      vertex -43.6591 -3 12.6894
      vertex -43.6087 3 12.5408
      vertex -43.6591 3 12.6894
    endloop
  endfacet
  facet normal 0.947013 0 0.321194
    outer loop
      vertex -43.6087 3 12.5408
      vertex -43.6591 -3 12.6894
      vertex -43.6087 -3 12.5408
    endloop
  endfacet
  facet normal -0.980825 0 -0.194891
    outer loop
      vertex -41.3103 -3 13.1566
      vertex -41.3409 3 13.3106
      vertex -41.3103 3 13.1566
    endloop
  endfacet
  facet normal -0.980825 -0 -0.194891
    outer loop
      vertex -41.3409 3 13.3106
      vertex -41.3103 -3 13.1566
      vertex -41.3409 -3 13.3106
    endloop
  endfacet
  facet normal -0.555582 0 -0.831462
    outer loop
      vertex -41.9 -3 14.0392
      vertex -41.7695 3 13.952
      vertex -41.7695 -3 13.952
    endloop
  endfacet
  facet normal -0.555582 0 -0.831462
    outer loop
      vertex -41.7695 3 13.952
      vertex -41.9 -3 14.0392
      vertex -41.9 3 14.0392
    endloop
  endfacet
  facet normal 0.659406 0 0.751787
    outer loop
      vertex -43.3485 3 12.1515
      vertex -43.2305 -3 12.048
      vertex -43.2305 3 12.048
    endloop
  endfacet
  facet normal 0.659406 0 0.751787
    outer loop
      vertex -43.2305 -3 12.048
      vertex -43.3485 3 12.1515
      vertex -43.3485 -3 12.1515
    endloop
  endfacet
  facet normal 0.751787 -0 0.659406
    outer loop
      vertex -43.452 -3 12.2695
      vertex -43.3485 3 12.1515
      vertex -43.452 3 12.2695
    endloop
  endfacet
  facet normal 0.751787 0 0.659406
    outer loop
      vertex -43.3485 3 12.1515
      vertex -43.452 -3 12.2695
      vertex -43.3485 -3 12.1515
    endloop
  endfacet
  facet normal 0.831462 -0 0.555582
    outer loop
      vertex -43.5392 -3 12.4
      vertex -43.452 3 12.2695
      vertex -43.5392 3 12.4
    endloop
  endfacet
  facet normal 0.831462 0 0.555582
    outer loop
      vertex -43.452 3 12.2695
      vertex -43.5392 -3 12.4
      vertex -43.452 -3 12.2695
    endloop
  endfacet
  facet normal 0.980825 0 -0.194891
    outer loop
      vertex -43.6591 -3 13.3106
      vertex -43.6897 3 13.1566
      vertex -43.6591 3 13.3106
    endloop
  endfacet
  facet normal 0.980825 0 -0.194891
    outer loop
      vertex -43.6897 3 13.1566
      vertex -43.6591 -3 13.3106
      vertex -43.6897 -3 13.1566
    endloop
  endfacet
  facet normal -0.0656309 0 -0.997844
    outer loop
      vertex -42.5 -3 14.2
      vertex -42.3434 3 14.1897
      vertex -42.3434 -3 14.1897
    endloop
  endfacet
  facet normal -0.0656309 0 -0.997844
    outer loop
      vertex -42.3434 3 14.1897
      vertex -42.5 -3 14.2
      vertex -42.5 3 14.2
    endloop
  endfacet
  facet normal -0.896708 0 0.442622
    outer loop
      vertex -41.4608 -3 12.4
      vertex -41.3913 3 12.5408
      vertex -41.4608 3 12.4
    endloop
  endfacet
  facet normal -0.896708 0 0.442622
    outer loop
      vertex -41.3913 3 12.5408
      vertex -41.4608 -3 12.4
      vertex -41.3913 -3 12.5408
    endloop
  endfacet
  facet normal -0.555582 0 0.831462
    outer loop
      vertex -41.9 3 11.9608
      vertex -41.7695 -3 12.048
      vertex -41.7695 3 12.048
    endloop
  endfacet
  facet normal -0.555582 0 0.831462
    outer loop
      vertex -41.7695 -3 12.048
      vertex -41.9 3 11.9608
      vertex -41.9 -3 11.9608
    endloop
  endfacet
  facet normal -0.442622 0 0.896708
    outer loop
      vertex -42.0408 3 11.8913
      vertex -41.9 -3 11.9608
      vertex -41.9 3 11.9608
    endloop
  endfacet
  facet normal -0.442622 0 0.896708
    outer loop
      vertex -41.9 -3 11.9608
      vertex -42.0408 3 11.8913
      vertex -42.0408 -3 11.8913
    endloop
  endfacet
  facet normal 0.555582 0 -0.831462
    outer loop
      vertex -43.2305 -3 13.952
      vertex -43.1 3 14.0392
      vertex -43.1 -3 14.0392
    endloop
  endfacet
  facet normal 0.555582 0 -0.831462
    outer loop
      vertex -43.1 3 14.0392
      vertex -43.2305 -3 13.952
      vertex -43.2305 3 13.952
    endloop
  endfacet
  facet normal -0.321194 0 0.947013
    outer loop
      vertex -42.1894 3 11.8409
      vertex -42.0408 -3 11.8913
      vertex -42.0408 3 11.8913
    endloop
  endfacet
  facet normal -0.321194 0 0.947013
    outer loop
      vertex -42.0408 -3 11.8913
      vertex -42.1894 3 11.8409
      vertex -42.1894 -3 11.8409
    endloop
  endfacet
  facet normal -0.980825 0 0.194891
    outer loop
      vertex -41.3409 -3 12.6894
      vertex -41.3103 3 12.8434
      vertex -41.3409 3 12.6894
    endloop
  endfacet
  facet normal -0.980825 0 0.194891
    outer loop
      vertex -41.3103 3 12.8434
      vertex -41.3409 -3 12.6894
      vertex -41.3103 -3 12.8434
    endloop
  endfacet
  facet normal 0.659406 0 -0.751787
    outer loop
      vertex -43.3485 -3 13.8485
      vertex -43.2305 3 13.952
      vertex -43.2305 -3 13.952
    endloop
  endfacet
  facet normal 0.659406 0 -0.751787
    outer loop
      vertex -43.2305 3 13.952
      vertex -43.3485 -3 13.8485
      vertex -43.3485 3 13.8485
    endloop
  endfacet
  facet normal 0.555582 0 0.831462
    outer loop
      vertex -43.2305 3 12.048
      vertex -43.1 -3 11.9608
      vertex -43.1 3 11.9608
    endloop
  endfacet
  facet normal 0.555582 0 0.831462
    outer loop
      vertex -43.1 -3 11.9608
      vertex -43.2305 3 12.048
      vertex -43.2305 -3 12.048
    endloop
  endfacet
  facet normal 0.194891 0 0.980825
    outer loop
      vertex -42.8106 3 11.8409
      vertex -42.6566 -3 11.8103
      vertex -42.6566 3 11.8103
    endloop
  endfacet
  facet normal 0.194891 0 0.980825
    outer loop
      vertex -42.6566 -3 11.8103
      vertex -42.8106 3 11.8409
      vertex -42.8106 -3 11.8409
    endloop
  endfacet
  facet normal -0.947013 0 -0.321194
    outer loop
      vertex -41.3409 -3 13.3106
      vertex -41.3913 3 13.4592
      vertex -41.3409 3 13.3106
    endloop
  endfacet
  facet normal -0.947013 -0 -0.321194
    outer loop
      vertex -41.3913 3 13.4592
      vertex -41.3409 -3 13.3106
      vertex -41.3913 -3 13.4592
    endloop
  endfacet
  facet normal -0.194891 0 -0.980825
    outer loop
      vertex -42.3434 -3 14.1897
      vertex -42.1894 3 14.1591
      vertex -42.1894 -3 14.1591
    endloop
  endfacet
  facet normal -0.194891 0 -0.980825
    outer loop
      vertex -42.1894 3 14.1591
      vertex -42.3434 -3 14.1897
      vertex -42.3434 3 14.1897
    endloop
  endfacet
  facet normal -0.0656309 0 0.997844
    outer loop
      vertex -42.5 3 11.8
      vertex -42.3434 -3 11.8103
      vertex -42.3434 3 11.8103
    endloop
  endfacet
  facet normal -0.0656309 0 0.997844
    outer loop
      vertex -42.3434 -3 11.8103
      vertex -42.5 3 11.8
      vertex -42.5 -3 11.8
    endloop
  endfacet
  facet normal 0.321194 0 0.947013
    outer loop
      vertex -42.9592 3 11.8913
      vertex -42.8106 -3 11.8409
      vertex -42.8106 3 11.8409
    endloop
  endfacet
  facet normal 0.321194 0 0.947013
    outer loop
      vertex -42.8106 -3 11.8409
      vertex -42.9592 3 11.8913
      vertex -42.9592 -3 11.8913
    endloop
  endfacet
  facet normal -0.947013 0 0.321194
    outer loop
      vertex -41.3913 -3 12.5408
      vertex -41.3409 3 12.6894
      vertex -41.3913 3 12.5408
    endloop
  endfacet
  facet normal -0.947013 0 0.321194
    outer loop
      vertex -41.3409 3 12.6894
      vertex -41.3913 -3 12.5408
      vertex -41.3409 -3 12.6894
    endloop
  endfacet
  facet normal -0.751787 0 0.659406
    outer loop
      vertex -41.6515 -3 12.1515
      vertex -41.548 3 12.2695
      vertex -41.6515 3 12.1515
    endloop
  endfacet
  facet normal -0.751787 0 0.659406
    outer loop
      vertex -41.548 3 12.2695
      vertex -41.6515 -3 12.1515
      vertex -41.548 -3 12.2695
    endloop
  endfacet
  facet normal -0.194891 0 0.980825
    outer loop
      vertex -42.3434 3 11.8103
      vertex -42.1894 -3 11.8409
      vertex -42.1894 3 11.8409
    endloop
  endfacet
  facet normal -0.194891 0 0.980825
    outer loop
      vertex -42.1894 -3 11.8409
      vertex -42.3434 3 11.8103
      vertex -42.3434 -3 11.8103
    endloop
  endfacet
  facet normal -0.896708 0 -0.442622
    outer loop
      vertex -41.3913 -3 13.4592
      vertex -41.4608 3 13.6
      vertex -41.3913 3 13.4592
    endloop
  endfacet
  facet normal -0.896708 -0 -0.442622
    outer loop
      vertex -41.4608 3 13.6
      vertex -41.3913 -3 13.4592
      vertex -41.4608 -3 13.6
    endloop
  endfacet
  facet normal 0.321194 0 -0.947013
    outer loop
      vertex -42.9592 -3 14.1087
      vertex -42.8106 3 14.1591
      vertex -42.8106 -3 14.1591
    endloop
  endfacet
  facet normal 0.321194 0 -0.947013
    outer loop
      vertex -42.8106 3 14.1591
      vertex -42.9592 -3 14.1087
      vertex -42.9592 3 14.1087
    endloop
  endfacet
  facet normal 0.997844 0 -0.0656309
    outer loop
      vertex -36.1897 -3 20.6566
      vertex -36.2 3 20.5
      vertex -36.1897 3 20.6566
    endloop
  endfacet
  facet normal 0.997844 0 -0.0656309
    outer loop
      vertex -36.2 3 20.5
      vertex -36.1897 -3 20.6566
      vertex -36.2 -3 20.5
    endloop
  endfacet
  facet normal -0.194891 0 -0.980825
    outer loop
      vertex -34.8434 -3 21.6897
      vertex -34.6894 3 21.6591
      vertex -34.6894 -3 21.6591
    endloop
  endfacet
  facet normal -0.194891 0 -0.980825
    outer loop
      vertex -34.6894 3 21.6591
      vertex -34.8434 -3 21.6897
      vertex -34.8434 3 21.6897
    endloop
  endfacet
  facet normal -0.321194 0 -0.947013
    outer loop
      vertex -34.6894 -3 21.6591
      vertex -34.5408 3 21.6087
      vertex -34.5408 -3 21.6087
    endloop
  endfacet
  facet normal -0.321194 0 -0.947013
    outer loop
      vertex -34.5408 3 21.6087
      vertex -34.6894 -3 21.6591
      vertex -34.6894 3 21.6591
    endloop
  endfacet
  facet normal -0.997844 0 -0.0656309
    outer loop
      vertex -33.8 -3 20.5
      vertex -33.8103 3 20.6566
      vertex -33.8 3 20.5
    endloop
  endfacet
  facet normal -0.997844 -0 -0.0656309
    outer loop
      vertex -33.8103 3 20.6566
      vertex -33.8 -3 20.5
      vertex -33.8103 -3 20.6566
    endloop
  endfacet
  facet normal 0.751787 -0 0.659406
    outer loop
      vertex -35.952 -3 19.7695
      vertex -35.8485 3 19.6515
      vertex -35.952 3 19.7695
    endloop
  endfacet
  facet normal 0.751787 0 0.659406
    outer loop
      vertex -35.8485 3 19.6515
      vertex -35.952 -3 19.7695
      vertex -35.8485 -3 19.6515
    endloop
  endfacet
  facet normal 0.0656309 0 0.997844
    outer loop
      vertex -35.1566 3 19.3103
      vertex -35 -3 19.3
      vertex -35 3 19.3
    endloop
  endfacet
  facet normal 0.0656309 0 0.997844
    outer loop
      vertex -35 -3 19.3
      vertex -35.1566 3 19.3103
      vertex -35.1566 -3 19.3103
    endloop
  endfacet
  facet normal -0.0656309 0 -0.997844
    outer loop
      vertex -35 -3 21.7
      vertex -34.8434 3 21.6897
      vertex -34.8434 -3 21.6897
    endloop
  endfacet
  facet normal -0.0656309 0 -0.997844
    outer loop
      vertex -34.8434 3 21.6897
      vertex -35 -3 21.7
      vertex -35 3 21.7
    endloop
  endfacet
  facet normal -0.751787 0 0.659406
    outer loop
      vertex -34.1515 -3 19.6515
      vertex -34.048 3 19.7695
      vertex -34.1515 3 19.6515
    endloop
  endfacet
  facet normal -0.751787 0 0.659406
    outer loop
      vertex -34.048 3 19.7695
      vertex -34.1515 -3 19.6515
      vertex -34.048 -3 19.7695
    endloop
  endfacet
  facet normal 0.0656309 0 -0.997844
    outer loop
      vertex -35.1566 -3 21.6897
      vertex -35 3 21.7
      vertex -35 -3 21.7
    endloop
  endfacet
  facet normal 0.0656309 0 -0.997844
    outer loop
      vertex -35 3 21.7
      vertex -35.1566 -3 21.6897
      vertex -35.1566 3 21.6897
    endloop
  endfacet
  facet normal -0.659406 0 -0.751787
    outer loop
      vertex -34.2695 -3 21.452
      vertex -34.1515 3 21.3485
      vertex -34.1515 -3 21.3485
    endloop
  endfacet
  facet normal -0.659406 0 -0.751787
    outer loop
      vertex -34.1515 3 21.3485
      vertex -34.2695 -3 21.452
      vertex -34.2695 3 21.452
    endloop
  endfacet
  facet normal 0.442622 0 -0.896708
    outer loop
      vertex -35.6 -3 21.5392
      vertex -35.4592 3 21.6087
      vertex -35.4592 -3 21.6087
    endloop
  endfacet
  facet normal 0.442622 0 -0.896708
    outer loop
      vertex -35.4592 3 21.6087
      vertex -35.6 -3 21.5392
      vertex -35.6 3 21.5392
    endloop
  endfacet
  facet normal -0.555582 0 -0.831462
    outer loop
      vertex -34.4 -3 21.5392
      vertex -34.2695 3 21.452
      vertex -34.2695 -3 21.452
    endloop
  endfacet
  facet normal -0.555582 0 -0.831462
    outer loop
      vertex -34.2695 3 21.452
      vertex -34.4 -3 21.5392
      vertex -34.4 3 21.5392
    endloop
  endfacet
  facet normal -0.442622 0 -0.896708
    outer loop
      vertex -34.5408 -3 21.6087
      vertex -34.4 3 21.5392
      vertex -34.4 -3 21.5392
    endloop
  endfacet
  facet normal -0.442622 0 -0.896708
    outer loop
      vertex -34.4 3 21.5392
      vertex -34.5408 -3 21.6087
      vertex -34.5408 3 21.6087
    endloop
  endfacet
  facet normal 0.555582 0 0.831462
    outer loop
      vertex -35.7305 3 19.548
      vertex -35.6 -3 19.4608
      vertex -35.6 3 19.4608
    endloop
  endfacet
  facet normal 0.555582 0 0.831462
    outer loop
      vertex -35.6 -3 19.4608
      vertex -35.7305 3 19.548
      vertex -35.7305 -3 19.548
    endloop
  endfacet
  facet normal 0.896708 0 -0.442622
    outer loop
      vertex -36.0392 -3 21.1
      vertex -36.1087 3 20.9592
      vertex -36.0392 3 21.1
    endloop
  endfacet
  facet normal 0.896708 0 -0.442622
    outer loop
      vertex -36.1087 3 20.9592
      vertex -36.0392 -3 21.1
      vertex -36.1087 -3 20.9592
    endloop
  endfacet
  facet normal -0.980825 0 -0.194891
    outer loop
      vertex -33.8103 -3 20.6566
      vertex -33.8409 3 20.8106
      vertex -33.8103 3 20.6566
    endloop
  endfacet
  facet normal -0.980825 -0 -0.194891
    outer loop
      vertex -33.8409 3 20.8106
      vertex -33.8103 -3 20.6566
      vertex -33.8409 -3 20.8106
    endloop
  endfacet
  facet normal -0.0656309 0 0.997844
    outer loop
      vertex -35 3 19.3
      vertex -34.8434 -3 19.3103
      vertex -34.8434 3 19.3103
    endloop
  endfacet
  facet normal -0.0656309 0 0.997844
    outer loop
      vertex -34.8434 -3 19.3103
      vertex -35 3 19.3
      vertex -35 -3 19.3
    endloop
  endfacet
  facet normal -0.896708 0 -0.442622
    outer loop
      vertex -33.8913 -3 20.9592
      vertex -33.9608 3 21.1
      vertex -33.8913 3 20.9592
    endloop
  endfacet
  facet normal -0.896708 -0 -0.442622
    outer loop
      vertex -33.9608 3 21.1
      vertex -33.8913 -3 20.9592
      vertex -33.9608 -3 21.1
    endloop
  endfacet
  facet normal -0.896708 0 0.442622
    outer loop
      vertex -33.9608 -3 19.9
      vertex -33.8913 3 20.0408
      vertex -33.9608 3 19.9
    endloop
  endfacet
  facet normal -0.896708 0 0.442622
    outer loop
      vertex -33.8913 3 20.0408
      vertex -33.9608 -3 19.9
      vertex -33.8913 -3 20.0408
    endloop
  endfacet
  facet normal -0.659406 0 0.751787
    outer loop
      vertex -34.2695 3 19.548
      vertex -34.1515 -3 19.6515
      vertex -34.1515 3 19.6515
    endloop
  endfacet
  facet normal -0.659406 0 0.751787
    outer loop
      vertex -34.1515 -3 19.6515
      vertex -34.2695 3 19.548
      vertex -34.2695 -3 19.548
    endloop
  endfacet
  facet normal 0.321194 0 -0.947013
    outer loop
      vertex -35.4592 -3 21.6087
      vertex -35.3106 3 21.6591
      vertex -35.3106 -3 21.6591
    endloop
  endfacet
  facet normal 0.321194 0 -0.947013
    outer loop
      vertex -35.3106 3 21.6591
      vertex -35.4592 -3 21.6087
      vertex -35.4592 3 21.6087
    endloop
  endfacet
  facet normal -0.194891 0 0.980825
    outer loop
      vertex -34.8434 3 19.3103
      vertex -34.6894 -3 19.3409
      vertex -34.6894 3 19.3409
    endloop
  endfacet
  facet normal -0.194891 0 0.980825
    outer loop
      vertex -34.6894 -3 19.3409
      vertex -34.8434 3 19.3103
      vertex -34.8434 -3 19.3103
    endloop
  endfacet
  facet normal -0.831462 0 0.555582
    outer loop
      vertex -34.048 -3 19.7695
      vertex -33.9608 3 19.9
      vertex -34.048 3 19.7695
    endloop
  endfacet
  facet normal -0.831462 0 0.555582
    outer loop
      vertex -33.9608 3 19.9
      vertex -34.048 -3 19.7695
      vertex -33.9608 -3 19.9
    endloop
  endfacet
  facet normal 0.751787 0 -0.659406
    outer loop
      vertex -35.8485 -3 21.3485
      vertex -35.952 3 21.2305
      vertex -35.8485 3 21.3485
    endloop
  endfacet
  facet normal 0.751787 0 -0.659406
    outer loop
      vertex -35.952 3 21.2305
      vertex -35.8485 -3 21.3485
      vertex -35.952 -3 21.2305
    endloop
  endfacet
  facet normal -0.947013 0 0.321194
    outer loop
      vertex -33.8913 -3 20.0408
      vertex -33.8409 3 20.1894
      vertex -33.8913 3 20.0408
    endloop
  endfacet
  facet normal -0.947013 0 0.321194
    outer loop
      vertex -33.8409 3 20.1894
      vertex -33.8913 -3 20.0408
      vertex -33.8409 -3 20.1894
    endloop
  endfacet
  facet normal 0.555582 0 -0.831462
    outer loop
      vertex -35.7305 -3 21.452
      vertex -35.6 3 21.5392
      vertex -35.6 -3 21.5392
    endloop
  endfacet
  facet normal 0.555582 0 -0.831462
    outer loop
      vertex -35.6 3 21.5392
      vertex -35.7305 -3 21.452
      vertex -35.7305 3 21.452
    endloop
  endfacet
  facet normal 0.831462 0 -0.555582
    outer loop
      vertex -35.952 -3 21.2305
      vertex -36.0392 3 21.1
      vertex -35.952 3 21.2305
    endloop
  endfacet
  facet normal 0.831462 0 -0.555582
    outer loop
      vertex -36.0392 3 21.1
      vertex -35.952 -3 21.2305
      vertex -36.0392 -3 21.1
    endloop
  endfacet
  facet normal 0.659406 0 -0.751787
    outer loop
      vertex -35.8485 -3 21.3485
      vertex -35.7305 3 21.452
      vertex -35.7305 -3 21.452
    endloop
  endfacet
  facet normal 0.659406 0 -0.751787
    outer loop
      vertex -35.7305 3 21.452
      vertex -35.8485 -3 21.3485
      vertex -35.8485 3 21.3485
    endloop
  endfacet
  facet normal 0.194891 0 -0.980825
    outer loop
      vertex -35.3106 -3 21.6591
      vertex -35.1566 3 21.6897
      vertex -35.1566 -3 21.6897
    endloop
  endfacet
  facet normal 0.194891 0 -0.980825
    outer loop
      vertex -35.1566 3 21.6897
      vertex -35.3106 -3 21.6591
      vertex -35.3106 3 21.6591
    endloop
  endfacet
  facet normal -0.997844 0 0.0656309
    outer loop
      vertex -33.8103 -3 20.3434
      vertex -33.8 3 20.5
      vertex -33.8103 3 20.3434
    endloop
  endfacet
  facet normal -0.997844 0 0.0656309
    outer loop
      vertex -33.8 3 20.5
      vertex -33.8103 -3 20.3434
      vertex -33.8 -3 20.5
    endloop
  endfacet
  facet normal 0.442622 0 0.896708
    outer loop
      vertex -35.6 3 19.4608
      vertex -35.4592 -3 19.3913
      vertex -35.4592 3 19.3913
    endloop
  endfacet
  facet normal 0.442622 0 0.896708
    outer loop
      vertex -35.4592 -3 19.3913
      vertex -35.6 3 19.4608
      vertex -35.6 -3 19.4608
    endloop
  endfacet
  facet normal 0.831462 -0 0.555582
    outer loop
      vertex -36.0392 -3 19.9
      vertex -35.952 3 19.7695
      vertex -36.0392 3 19.9
    endloop
  endfacet
  facet normal 0.831462 0 0.555582
    outer loop
      vertex -35.952 3 19.7695
      vertex -36.0392 -3 19.9
      vertex -35.952 -3 19.7695
    endloop
  endfacet
  facet normal -0.442622 0 0.896708
    outer loop
      vertex -34.5408 3 19.3913
      vertex -34.4 -3 19.4608
      vertex -34.4 3 19.4608
    endloop
  endfacet
  facet normal -0.442622 0 0.896708
    outer loop
      vertex -34.4 -3 19.4608
      vertex -34.5408 3 19.3913
      vertex -34.5408 -3 19.3913
    endloop
  endfacet
  facet normal 0.896708 -0 0.442622
    outer loop
      vertex -36.1087 -3 20.0408
      vertex -36.0392 3 19.9
      vertex -36.1087 3 20.0408
    endloop
  endfacet
  facet normal 0.896708 0 0.442622
    outer loop
      vertex -36.0392 3 19.9
      vertex -36.1087 -3 20.0408
      vertex -36.0392 -3 19.9
    endloop
  endfacet
  facet normal -0.831462 0 -0.555582
    outer loop
      vertex -33.9608 -3 21.1
      vertex -34.048 3 21.2305
      vertex -33.9608 3 21.1
    endloop
  endfacet
  facet normal -0.831462 -0 -0.555582
    outer loop
      vertex -34.048 3 21.2305
      vertex -33.9608 -3 21.1
      vertex -34.048 -3 21.2305
    endloop
  endfacet
  facet normal 0.947013 -0 0.321194
    outer loop
      vertex -36.1591 -3 20.1894
      vertex -36.1087 3 20.0408
      vertex -36.1591 3 20.1894
    endloop
  endfacet
  facet normal 0.947013 0 0.321194
    outer loop
      vertex -36.1087 3 20.0408
      vertex -36.1591 -3 20.1894
      vertex -36.1087 -3 20.0408
    endloop
  endfacet
  facet normal 0.194891 0 0.980825
    outer loop
      vertex -35.3106 3 19.3409
      vertex -35.1566 -3 19.3103
      vertex -35.1566 3 19.3103
    endloop
  endfacet
  facet normal 0.194891 0 0.980825
    outer loop
      vertex -35.1566 -3 19.3103
      vertex -35.3106 3 19.3409
      vertex -35.3106 -3 19.3409
    endloop
  endfacet
  facet normal 0.947013 0 -0.321194
    outer loop
      vertex -36.1087 -3 20.9592
      vertex -36.1591 3 20.8106
      vertex -36.1087 3 20.9592
    endloop
  endfacet
  facet normal 0.947013 0 -0.321194
    outer loop
      vertex -36.1591 3 20.8106
      vertex -36.1087 -3 20.9592
      vertex -36.1591 -3 20.8106
    endloop
  endfacet
  facet normal -0.751787 0 -0.659406
    outer loop
      vertex -34.048 -3 21.2305
      vertex -34.1515 3 21.3485
      vertex -34.048 3 21.2305
    endloop
  endfacet
  facet normal -0.751787 -0 -0.659406
    outer loop
      vertex -34.1515 3 21.3485
      vertex -34.048 -3 21.2305
      vertex -34.1515 -3 21.3485
    endloop
  endfacet
  facet normal 0.980825 0 -0.194891
    outer loop
      vertex -36.1591 -3 20.8106
      vertex -36.1897 3 20.6566
      vertex -36.1591 3 20.8106
    endloop
  endfacet
  facet normal 0.980825 0 -0.194891
    outer loop
      vertex -36.1897 3 20.6566
      vertex -36.1591 -3 20.8106
      vertex -36.1897 -3 20.6566
    endloop
  endfacet
  facet normal -0.321194 0 0.947013
    outer loop
      vertex -34.6894 3 19.3409
      vertex -34.5408 -3 19.3913
      vertex -34.5408 3 19.3913
    endloop
  endfacet
  facet normal -0.321194 0 0.947013
    outer loop
      vertex -34.5408 -3 19.3913
      vertex -34.6894 3 19.3409
      vertex -34.6894 -3 19.3409
    endloop
  endfacet
  facet normal -0.980825 0 0.194891
    outer loop
      vertex -33.8409 -3 20.1894
      vertex -33.8103 3 20.3434
      vertex -33.8409 3 20.1894
    endloop
  endfacet
  facet normal -0.980825 0 0.194891
    outer loop
      vertex -33.8103 3 20.3434
      vertex -33.8409 -3 20.1894
      vertex -33.8103 -3 20.3434
    endloop
  endfacet
  facet normal 0.997844 -0 0.0656309
    outer loop
      vertex -36.2 -3 20.5
      vertex -36.1897 3 20.3434
      vertex -36.2 3 20.5
    endloop
  endfacet
  facet normal 0.997844 0 0.0656309
    outer loop
      vertex -36.1897 3 20.3434
      vertex -36.2 -3 20.5
      vertex -36.1897 -3 20.3434
    endloop
  endfacet
  facet normal 0.321194 0 0.947013
    outer loop
      vertex -35.4592 3 19.3913
      vertex -35.3106 -3 19.3409
      vertex -35.3106 3 19.3409
    endloop
  endfacet
  facet normal 0.321194 0 0.947013
    outer loop
      vertex -35.3106 -3 19.3409
      vertex -35.4592 3 19.3913
      vertex -35.4592 -3 19.3913
    endloop
  endfacet
  facet normal 0.659406 0 0.751787
    outer loop
      vertex -35.8485 3 19.6515
      vertex -35.7305 -3 19.548
      vertex -35.7305 3 19.548
    endloop
  endfacet
  facet normal 0.659406 0 0.751787
    outer loop
      vertex -35.7305 -3 19.548
      vertex -35.8485 3 19.6515
      vertex -35.8485 -3 19.6515
    endloop
  endfacet
  facet normal 0.980825 -0 0.194891
    outer loop
      vertex -36.1897 -3 20.3434
      vertex -36.1591 3 20.1894
      vertex -36.1897 3 20.3434
    endloop
  endfacet
  facet normal 0.980825 0 0.194891
    outer loop
      vertex -36.1591 3 20.1894
      vertex -36.1897 -3 20.3434
      vertex -36.1591 -3 20.1894
    endloop
  endfacet
  facet normal -0.947013 0 -0.321194
    outer loop
      vertex -33.8409 -3 20.8106
      vertex -33.8913 3 20.9592
      vertex -33.8409 3 20.8106
    endloop
  endfacet
  facet normal -0.947013 -0 -0.321194
    outer loop
      vertex -33.8913 3 20.9592
      vertex -33.8409 -3 20.8106
      vertex -33.8913 -3 20.9592
    endloop
  endfacet
  facet normal -0.555582 0 0.831462
    outer loop
      vertex -34.4 3 19.4608
      vertex -34.2695 -3 19.548
      vertex -34.2695 3 19.548
    endloop
  endfacet
  facet normal -0.555582 0 0.831462
    outer loop
      vertex -34.2695 -3 19.548
      vertex -34.4 3 19.4608
      vertex -34.4 -3 19.4608
    endloop
  endfacet
  facet normal -0.980796 0 0.195038
    outer loop
      vertex -30.6533 -3 11.8353
      vertex -30.5385 3 12.4126
      vertex -30.6533 3 11.8353
    endloop
  endfacet
  facet normal -0.980796 0 0.195038
    outer loop
      vertex -30.5385 3 12.4126
      vertex -30.6533 -3 11.8353
      vertex -30.5385 -3 12.4126
    endloop
  endfacet
  facet normal -0.997859 0 0.0654027
    outer loop
      vertex -30.5385 -3 12.4126
      vertex -30.5 3 13
      vertex -30.5385 3 12.4126
    endloop
  endfacet
  facet normal -0.997859 0 0.0654027
    outer loop
      vertex -30.5 3 13
      vertex -30.5385 -3 12.4126
      vertex -30.5 -3 13
    endloop
  endfacet
  facet normal -0.980796 0 -0.195038
    outer loop
      vertex -30.5385 -3 13.5874
      vertex -30.6533 3 14.1647
      vertex -30.5385 3 13.5874
    endloop
  endfacet
  facet normal -0.980796 -0 -0.195038
    outer loop
      vertex -30.6533 3 14.1647
      vertex -30.5385 -3 13.5874
      vertex -30.6533 -3 14.1647
    endloop
  endfacet
  facet normal 0.751882 0 -0.659298
    outer loop
      vertex -38.182 -3 16.182
      vertex -38.5701 3 15.7394
      vertex -38.182 3 16.182
    endloop
  endfacet
  facet normal 0.751882 0 -0.659298
    outer loop
      vertex -38.5701 3 15.7394
      vertex -38.182 -3 16.182
      vertex -38.5701 -3 15.7394
    endloop
  endfacet
  facet normal -0.831475 0 0.555562
    outer loop
      vertex -31.4299 -3 10.2606
      vertex -31.1029 3 10.75
      vertex -31.4299 3 10.2606
    endloop
  endfacet
  facet normal -0.831475 0 0.555562
    outer loop
      vertex -31.1029 3 10.75
      vertex -31.4299 -3 10.2606
      vertex -31.1029 -3 10.75
    endloop
  endfacet
  facet normal -0.555586 0 0.831459
    outer loop
      vertex -32.75 3 9.10289
      vertex -32.2606 -3 9.42991
      vertex -32.2606 3 9.42991
    endloop
  endfacet
  facet normal -0.555586 0 0.831459
    outer loop
      vertex -32.2606 -3 9.42991
      vertex -32.75 3 9.10289
      vertex -32.75 -3 9.10289
    endloop
  endfacet
  facet normal -0.896827 0 -0.442382
    outer loop
      vertex -30.8425 -3 14.7221
      vertex -31.1029 3 15.25
      vertex -30.8425 3 14.7221
    endloop
  endfacet
  facet normal -0.896827 -0 -0.442382
    outer loop
      vertex -31.1029 3 15.25
      vertex -30.8425 -3 14.7221
      vertex -31.1029 -3 15.25
    endloop
  endfacet
  facet normal -0.997859 0 -0.0654027
    outer loop
      vertex -30.5 -3 13
      vertex -30.5385 3 13.5874
      vertex -30.5 3 13
    endloop
  endfacet
  facet normal -0.997859 -0 -0.0654027
    outer loop
      vertex -30.5385 3 13.5874
      vertex -30.5 -3 13
      vertex -30.5385 -3 13.5874
    endloop
  endfacet
  facet normal -0.321437 0 0.946931
    outer loop
      vertex -33.8353 3 8.65333
      vertex -33.2779 -3 8.84254
      vertex -33.2779 3 8.84254
    endloop
  endfacet
  facet normal -0.321437 0 0.946931
    outer loop
      vertex -33.2779 -3 8.84254
      vertex -33.8353 3 8.65333
      vertex -33.8353 -3 8.65333
    endloop
  endfacet
  facet normal 0.896827 -0 0.442382
    outer loop
      vertex -39.1575 -3 11.2779
      vertex -38.8971 3 10.75
      vertex -39.1575 3 11.2779
    endloop
  endfacet
  facet normal 0.896827 0 0.442382
    outer loop
      vertex -38.8971 3 10.75
      vertex -39.1575 -3 11.2779
      vertex -38.8971 -3 10.75
    endloop
  endfacet
  facet normal 0.659308 0 0.751873
    outer loop
      vertex -38.182 3 9.81802
      vertex -37.7394 -3 9.42991
      vertex -37.7394 3 9.42991
    endloop
  endfacet
  facet normal 0.659308 0 0.751873
    outer loop
      vertex -37.7394 -3 9.42991
      vertex -38.182 3 9.81802
      vertex -38.182 -3 9.81802
    endloop
  endfacet
  facet normal -0.321421 0 -0.946936
    outer loop
      vertex -33.8353 -3 17.3467
      vertex -33.2779 3 17.1575
      vertex -33.2779 -3 17.1575
    endloop
  endfacet
  facet normal -0.321421 0 -0.946936
    outer loop
      vertex -33.2779 3 17.1575
      vertex -33.8353 -3 17.3467
      vertex -33.8353 3 17.3467
    endloop
  endfacet
  facet normal 0.997859 0 -0.0654027
    outer loop
      vertex -39.4615 -3 13.5874
      vertex -39.5 3 13
      vertex -39.4615 3 13.5874
    endloop
  endfacet
  facet normal 0.997859 0 -0.0654027
    outer loop
      vertex -39.5 3 13
      vertex -39.4615 -3 13.5874
      vertex -39.5 -3 13
    endloop
  endfacet
  facet normal 0.659298 0 -0.751882
    outer loop
      vertex -38.182 -3 16.182
      vertex -37.7394 3 16.5701
      vertex -37.7394 -3 16.5701
    endloop
  endfacet
  facet normal 0.659298 0 -0.751882
    outer loop
      vertex -37.7394 3 16.5701
      vertex -38.182 -3 16.182
      vertex -38.182 3 16.182
    endloop
  endfacet
  facet normal 0.321437 0 0.946931
    outer loop
      vertex -36.7221 3 8.84254
      vertex -36.1647 -3 8.65333
      vertex -36.1647 3 8.65333
    endloop
  endfacet
  facet normal 0.321437 0 0.946931
    outer loop
      vertex -36.1647 -3 8.65333
      vertex -36.7221 3 8.84254
      vertex -36.7221 -3 8.84254
    endloop
  endfacet
  facet normal 0.831475 0 -0.555562
    outer loop
      vertex -38.5701 -3 15.7394
      vertex -38.8971 3 15.25
      vertex -38.5701 3 15.7394
    endloop
  endfacet
  facet normal 0.831475 0 -0.555562
    outer loop
      vertex -38.8971 3 15.25
      vertex -38.5701 -3 15.7394
      vertex -38.8971 -3 15.25
    endloop
  endfacet
  facet normal 0.555586 0 0.831459
    outer loop
      vertex -37.7394 3 9.42991
      vertex -37.25 -3 9.10289
      vertex -37.25 3 9.10289
    endloop
  endfacet
  facet normal 0.555586 0 0.831459
    outer loop
      vertex -37.25 -3 9.10289
      vertex -37.7394 3 9.42991
      vertex -37.7394 -3 9.42991
    endloop
  endfacet
  facet normal 0.997859 -0 0.0654027
    outer loop
      vertex -39.5 -3 13
      vertex -39.4615 3 12.4126
      vertex -39.5 3 13
    endloop
  endfacet
  facet normal 0.997859 0 0.0654027
    outer loop
      vertex -39.4615 3 12.4126
      vertex -39.5 -3 13
      vertex -39.4615 -3 12.4126
    endloop
  endfacet
  facet normal -0.195087 0 0.980786
    outer loop
      vertex -34.4126 3 8.5385
      vertex -33.8353 -3 8.65333
      vertex -33.8353 3 8.65333
    endloop
  endfacet
  facet normal -0.195087 0 0.980786
    outer loop
      vertex -33.8353 -3 8.65333
      vertex -34.4126 3 8.5385
      vertex -34.4126 -3 8.5385
    endloop
  endfacet
  facet normal 0.442314 0 0.89686
    outer loop
      vertex -37.25 3 9.10289
      vertex -36.7221 -3 8.84254
      vertex -36.7221 3 8.84254
    endloop
  endfacet
  facet normal 0.442314 0 0.89686
    outer loop
      vertex -36.7221 -3 8.84254
      vertex -37.25 3 9.10289
      vertex -37.25 -3 9.10289
    endloop
  endfacet
  facet normal -0.0654027 0 -0.997859
    outer loop
      vertex -35 -3 17.5
      vertex -34.4126 3 17.4615
      vertex -34.4126 -3 17.4615
    endloop
  endfacet
  facet normal -0.0654027 0 -0.997859
    outer loop
      vertex -34.4126 3 17.4615
      vertex -35 -3 17.5
      vertex -35 3 17.5
    endloop
  endfacet
  facet normal -0.659298 0 -0.751882
    outer loop
      vertex -32.2606 -3 16.5701
      vertex -31.818 3 16.182
      vertex -31.818 -3 16.182
    endloop
  endfacet
  facet normal -0.659298 0 -0.751882
    outer loop
      vertex -31.818 3 16.182
      vertex -32.2606 -3 16.5701
      vertex -32.2606 3 16.5701
    endloop
  endfacet
  facet normal 0.946936 0 -0.321421
    outer loop
      vertex -39.1575 -3 14.7221
      vertex -39.3467 3 14.1647
      vertex -39.1575 3 14.7221
    endloop
  endfacet
  facet normal 0.946936 0 -0.321421
    outer loop
      vertex -39.3467 3 14.1647
      vertex -39.1575 -3 14.7221
      vertex -39.3467 -3 14.1647
    endloop
  endfacet
  facet normal -0.946936 0 -0.321421
    outer loop
      vertex -30.6533 -3 14.1647
      vertex -30.8425 3 14.7221
      vertex -30.6533 3 14.1647
    endloop
  endfacet
  facet normal -0.946936 -0 -0.321421
    outer loop
      vertex -30.8425 3 14.7221
      vertex -30.6533 -3 14.1647
      vertex -30.8425 -3 14.7221
    endloop
  endfacet
  facet normal -0.442314 0 0.89686
    outer loop
      vertex -33.2779 3 8.84254
      vertex -32.75 -3 9.10289
      vertex -32.75 3 9.10289
    endloop
  endfacet
  facet normal -0.442314 0 0.89686
    outer loop
      vertex -32.75 -3 9.10289
      vertex -33.2779 3 8.84254
      vertex -33.2779 -3 8.84254
    endloop
  endfacet
  facet normal 0.195087 0 0.980786
    outer loop
      vertex -36.1647 3 8.65333
      vertex -35.5874 -3 8.5385
      vertex -35.5874 3 8.5385
    endloop
  endfacet
  facet normal 0.195087 0 0.980786
    outer loop
      vertex -35.5874 -3 8.5385
      vertex -36.1647 3 8.65333
      vertex -36.1647 -3 8.65333
    endloop
  endfacet
  facet normal -0.751867 0 0.659315
    outer loop
      vertex -31.818 -3 9.81802
      vertex -31.4299 3 10.2606
      vertex -31.818 3 9.81802
    endloop
  endfacet
  facet normal -0.751867 0 0.659315
    outer loop
      vertex -31.4299 3 10.2606
      vertex -31.818 -3 9.81802
      vertex -31.4299 -3 10.2606
    endloop
  endfacet
  facet normal -0.751882 0 -0.659298
    outer loop
      vertex -31.4299 -3 15.7394
      vertex -31.818 3 16.182
      vertex -31.4299 3 15.7394
    endloop
  endfacet
  facet normal -0.751882 -0 -0.659298
    outer loop
      vertex -31.818 3 16.182
      vertex -31.4299 -3 15.7394
      vertex -31.818 -3 16.182
    endloop
  endfacet
  facet normal 0.442382 0 -0.896827
    outer loop
      vertex -37.25 -3 16.8971
      vertex -36.7221 3 17.1575
      vertex -36.7221 -3 17.1575
    endloop
  endfacet
  facet normal 0.442382 0 -0.896827
    outer loop
      vertex -36.7221 3 17.1575
      vertex -37.25 -3 16.8971
      vertex -37.25 3 16.8971
    endloop
  endfacet
  facet normal 0.946936 -0 0.321421
    outer loop
      vertex -39.3467 -3 11.8353
      vertex -39.1575 3 11.2779
      vertex -39.3467 3 11.8353
    endloop
  endfacet
  facet normal 0.946936 0 0.321421
    outer loop
      vertex -39.1575 3 11.2779
      vertex -39.3467 -3 11.8353
      vertex -39.1575 -3 11.2779
    endloop
  endfacet
  facet normal -0.195038 0 -0.980796
    outer loop
      vertex -34.4126 -3 17.4615
      vertex -33.8353 3 17.3467
      vertex -33.8353 -3 17.3467
    endloop
  endfacet
  facet normal -0.195038 0 -0.980796
    outer loop
      vertex -33.8353 3 17.3467
      vertex -34.4126 -3 17.4615
      vertex -34.4126 3 17.4615
    endloop
  endfacet
  facet normal -0.442382 0 -0.896827
    outer loop
      vertex -33.2779 -3 17.1575
      vertex -32.75 3 16.8971
      vertex -32.75 -3 16.8971
    endloop
  endfacet
  facet normal -0.442382 0 -0.896827
    outer loop
      vertex -32.75 3 16.8971
      vertex -33.2779 -3 17.1575
      vertex -33.2779 3 17.1575
    endloop
  endfacet
  facet normal 0.751867 -0 0.659315
    outer loop
      vertex -38.5701 -3 10.2606
      vertex -38.182 3 9.81802
      vertex -38.5701 3 10.2606
    endloop
  endfacet
  facet normal 0.751867 0 0.659315
    outer loop
      vertex -38.182 3 9.81802
      vertex -38.5701 -3 10.2606
      vertex -38.182 -3 9.81802
    endloop
  endfacet
  facet normal -0.659308 0 0.751873
    outer loop
      vertex -32.2606 3 9.42991
      vertex -31.818 -3 9.81802
      vertex -31.818 3 9.81802
    endloop
  endfacet
  facet normal -0.659308 0 0.751873
    outer loop
      vertex -31.818 -3 9.81802
      vertex -32.2606 3 9.42991
      vertex -32.2606 -3 9.42991
    endloop
  endfacet
  facet normal 0.896827 0 -0.442382
    outer loop
      vertex -38.8971 -3 15.25
      vertex -39.1575 3 14.7221
      vertex -38.8971 3 15.25
    endloop
  endfacet
  facet normal 0.896827 0 -0.442382
    outer loop
      vertex -39.1575 3 14.7221
      vertex -38.8971 -3 15.25
      vertex -39.1575 -3 14.7221
    endloop
  endfacet
  facet normal -0.831475 0 -0.555562
    outer loop
      vertex -31.1029 -3 15.25
      vertex -31.4299 3 15.7394
      vertex -31.1029 3 15.25
    endloop
  endfacet
  facet normal -0.831475 -0 -0.555562
    outer loop
      vertex -31.4299 3 15.7394
      vertex -31.1029 -3 15.25
      vertex -31.4299 -3 15.7394
    endloop
  endfacet
  facet normal -0.896827 0 0.442382
    outer loop
      vertex -31.1029 -3 10.75
      vertex -30.8425 3 11.2779
      vertex -31.1029 3 10.75
    endloop
  endfacet
  facet normal -0.896827 0 0.442382
    outer loop
      vertex -30.8425 3 11.2779
      vertex -31.1029 -3 10.75
      vertex -30.8425 -3 11.2779
    endloop
  endfacet
  facet normal 0.0654027 0 -0.997859
    outer loop
      vertex -35.5874 -3 17.4615
      vertex -35 3 17.5
      vertex -35 -3 17.5
    endloop
  endfacet
  facet normal 0.0654027 0 -0.997859
    outer loop
      vertex -35 3 17.5
      vertex -35.5874 -3 17.4615
      vertex -35.5874 3 17.4615
    endloop
  endfacet
  facet normal -0.0654027 0 0.997859
    outer loop
      vertex -35 3 8.5
      vertex -34.4126 -3 8.5385
      vertex -34.4126 3 8.5385
    endloop
  endfacet
  facet normal -0.0654027 0 0.997859
    outer loop
      vertex -34.4126 -3 8.5385
      vertex -35 3 8.5
      vertex -35 -3 8.5
    endloop
  endfacet
  facet normal 0.555562 0 -0.831475
    outer loop
      vertex -37.7394 -3 16.5701
      vertex -37.25 3 16.8971
      vertex -37.25 -3 16.8971
    endloop
  endfacet
  facet normal 0.555562 0 -0.831475
    outer loop
      vertex -37.25 3 16.8971
      vertex -37.7394 -3 16.5701
      vertex -37.7394 3 16.5701
    endloop
  endfacet
  facet normal -0.555562 0 -0.831475
    outer loop
      vertex -32.75 -3 16.8971
      vertex -32.2606 3 16.5701
      vertex -32.2606 -3 16.5701
    endloop
  endfacet
  facet normal -0.555562 0 -0.831475
    outer loop
      vertex -32.2606 3 16.5701
      vertex -32.75 -3 16.8971
      vertex -32.75 3 16.8971
    endloop
  endfacet
  facet normal -0.946936 0 0.321421
    outer loop
      vertex -30.8425 -3 11.2779
      vertex -30.6533 3 11.8353
      vertex -30.8425 3 11.2779
    endloop
  endfacet
  facet normal -0.946936 0 0.321421
    outer loop
      vertex -30.6533 3 11.8353
      vertex -30.8425 -3 11.2779
      vertex -30.6533 -3 11.8353
    endloop
  endfacet
  facet normal 0.980796 -0 0.195038
    outer loop
      vertex -39.4615 -3 12.4126
      vertex -39.3467 3 11.8353
      vertex -39.4615 3 12.4126
    endloop
  endfacet
  facet normal 0.980796 0 0.195038
    outer loop
      vertex -39.3467 3 11.8353
      vertex -39.4615 -3 12.4126
      vertex -39.3467 -3 11.8353
    endloop
  endfacet
  facet normal 0.0654027 0 0.997859
    outer loop
      vertex -35.5874 3 8.5385
      vertex -35 -3 8.5
      vertex -35 3 8.5
    endloop
  endfacet
  facet normal 0.0654027 0 0.997859
    outer loop
      vertex -35 -3 8.5
      vertex -35.5874 3 8.5385
      vertex -35.5874 -3 8.5385
    endloop
  endfacet
  facet normal 0.321421 0 -0.946936
    outer loop
      vertex -36.7221 -3 17.1575
      vertex -36.1647 3 17.3467
      vertex -36.1647 -3 17.3467
    endloop
  endfacet
  facet normal 0.321421 0 -0.946936
    outer loop
      vertex -36.1647 3 17.3467
      vertex -36.7221 -3 17.1575
      vertex -36.7221 3 17.1575
    endloop
  endfacet
  facet normal 0.980796 0 -0.195038
    outer loop
      vertex -39.3467 -3 14.1647
      vertex -39.4615 3 13.5874
      vertex -39.3467 3 14.1647
    endloop
  endfacet
  facet normal 0.980796 0 -0.195038
    outer loop
      vertex -39.4615 3 13.5874
      vertex -39.3467 -3 14.1647
      vertex -39.4615 -3 13.5874
    endloop
  endfacet
  facet normal 0.195038 0 -0.980796
    outer loop
      vertex -36.1647 -3 17.3467
      vertex -35.5874 3 17.4615
      vertex -35.5874 -3 17.4615
    endloop
  endfacet
  facet normal 0.195038 0 -0.980796
    outer loop
      vertex -35.5874 3 17.4615
      vertex -36.1647 -3 17.3467
      vertex -36.1647 3 17.3467
    endloop
  endfacet
  facet normal 0.831475 -0 0.555562
    outer loop
      vertex -38.8971 -3 10.75
      vertex -38.5701 3 10.2606
      vertex -38.8971 3 10.75
    endloop
  endfacet
  facet normal 0.831475 0 0.555562
    outer loop
      vertex -38.5701 3 10.2606
      vertex -38.8971 -3 10.75
      vertex -38.5701 -3 10.2606
    endloop
  endfacet
  facet normal 1 -0 0
    outer loop
      vertex -20.5 -3 26
      vertex -20.5 3 0
      vertex -20.5 3 26
    endloop
  endfacet
  facet normal 1 0 0
    outer loop
      vertex -20.5 3 0
      vertex -20.5 -3 26
      vertex -20.5 -3 0
    endloop
  endfacet
  facet normal 0 0 -1
    outer loop
      vertex -49.5 -3 0
      vertex -20.5 3 0
      vertex -20.5 -3 0
    endloop
  endfacet
  facet normal -0 0 -1
    outer loop
      vertex -20.5 3 0
      vertex -49.5 -3 0
      vertex -49.5 3 0
    endloop
  endfacet
  facet normal 0 1 0
    outer loop
      vertex -38.5701 3 15.7394
      vertex -42.3434 3 14.1897
      vertex -42.5 3 14.2
    endloop
  endfacet
  facet normal 0 1 0
    outer loop
      vertex -41.6515 3 13.8485
      vertex -39.1575 3 14.7221
      vertex -39.3467 3 14.1647
    endloop
  endfacet
  facet normal 0 1 0
    outer loop
      vertex -38.8971 3 15.25
      vertex -42.1894 3 14.1591
      vertex -42.3434 3 14.1897
    endloop
  endfacet
  facet normal 0 1 0
    outer loop
      vertex -38.8971 3 15.25
      vertex -42.0408 3 14.1087
      vertex -42.1894 3 14.1591
    endloop
  endfacet
  facet normal 0 1 0
    outer loop
      vertex -38.8971 3 15.25
      vertex -41.9 3 14.0392
      vertex -42.0408 3 14.1087
    endloop
  endfacet
  facet normal 0 1 0
    outer loop
      vertex -39.1575 3 14.7221
      vertex -41.7695 3 13.952
      vertex -41.9 3 14.0392
    endloop
  endfacet
  facet normal 0 1 0
    outer loop
      vertex -39.1575 3 14.7221
      vertex -41.6515 3 13.8485
      vertex -41.7695 3 13.952
    endloop
  endfacet
  facet normal 0 1 0
    outer loop
      vertex -39.3467 3 14.1647
      vertex -41.548 3 13.7305
      vertex -41.6515 3 13.8485
    endloop
  endfacet
  facet normal 0 1 0
    outer loop
      vertex -39.3467 3 14.1647
      vertex -41.4608 3 13.6
      vertex -41.548 3 13.7305
    endloop
  endfacet
  facet normal 0 1 -0
    outer loop
      vertex -39.4615 3 13.5874
      vertex -41.4608 3 13.6
      vertex -39.3467 3 14.1647
    endloop
  endfacet
  facet normal 0 1 0
    outer loop
      vertex -39.4615 3 13.5874
      vertex -41.3913 3 13.4592
      vertex -41.4608 3 13.6
    endloop
  endfacet
  facet normal 0 1 0
    outer loop
      vertex -39.4615 3 13.5874
      vertex -41.3409 3 13.3106
      vertex -41.3913 3 13.4592
    endloop
  endfacet
  facet normal 0 1 0
    outer loop
      vertex -39.4615 3 13.5874
      vertex -41.3103 3 13.1566
      vertex -41.3409 3 13.3106
    endloop
  endfacet
  facet normal 0 1 -0
    outer loop
      vertex -39.5 3 13
      vertex -41.3103 3 13.1566
      vertex -39.4615 3 13.5874
    endloop
  endfacet
  facet normal 0 1 0
    outer loop
      vertex -39.5 3 13
      vertex -41.3 3 13
      vertex -41.3103 3 13.1566
    endloop
  endfacet
  facet normal 0 1 0
    outer loop
      vertex -39.5 3 13
      vertex -41.3103 3 12.8434
      vertex -41.3 3 13
    endloop
  endfacet
  facet normal 0 1 0
    outer loop
      vertex -39.4615 3 12.4126
      vertex -41.3103 3 12.8434
      vertex -39.5 3 13
    endloop
  endfacet
  facet normal 0 1 0
    outer loop
      vertex -41.3103 3 12.8434
      vertex -39.4615 3 12.4126
      vertex -41.3409 3 12.6894
    endloop
  endfacet
  facet normal 0 1 0
    outer loop
      vertex -41.3409 3 12.6894
      vertex -39.4615 3 12.4126
      vertex -41.3913 3 12.5408
    endloop
  endfacet
  facet normal 0 1 0
    outer loop
      vertex -39.4615 3 12.4126
      vertex -41.4608 3 12.4
      vertex -41.3913 3 12.5408
    endloop
  endfacet
  facet normal 0 1 0
    outer loop
      vertex -39.3467 3 11.8353
      vertex -41.4608 3 12.4
      vertex -39.4615 3 12.4126
    endloop
  endfacet
  facet normal 0 1 0
    outer loop
      vertex -41.4608 3 12.4
      vertex -39.3467 3 11.8353
      vertex -41.548 3 12.2695
    endloop
  endfacet
  facet normal 0 1 0
    outer loop
      vertex -41.548 3 12.2695
      vertex -39.3467 3 11.8353
      vertex -41.6515 3 12.1515
    endloop
  endfacet
  facet normal 0 1 0
    outer loop
      vertex -39.1575 3 11.2779
      vertex -41.6515 3 12.1515
      vertex -39.3467 3 11.8353
    endloop
  endfacet
  facet normal 0 1 0
    outer loop
      vertex -41.6515 3 12.1515
      vertex -39.1575 3 11.2779
      vertex -41.7695 3 12.048
    endloop
  endfacet
  facet normal 0 1 0
    outer loop
      vertex -41.7695 3 12.048
      vertex -39.1575 3 11.2779
      vertex -41.9 3 11.9608
    endloop
  endfacet
  facet normal 0 1 0
    outer loop
      vertex -38.8971 3 10.75
      vertex -41.9 3 11.9608
      vertex -39.1575 3 11.2779
    endloop
  endfacet
  facet normal 0 1 0
    outer loop
      vertex -41.9 3 11.9608
      vertex -38.8971 3 10.75
      vertex -42.0408 3 11.8913
    endloop
  endfacet
  facet normal 0 1 0
    outer loop
      vertex -42.0408 3 11.8913
      vertex -38.8971 3 10.75
      vertex -42.1894 3 11.8409
    endloop
  endfacet
  facet normal 0 1 0
    outer loop
      vertex -38.5701 3 10.2606
      vertex -42.1894 3 11.8409
      vertex -38.8971 3 10.75
    endloop
  endfacet
  facet normal 0 1 0
    outer loop
      vertex -20.5 3 26
      vertex -35 3 21.7
      vertex -49.5 3 26
    endloop
  endfacet
  facet normal 0 1 0
    outer loop
      vertex -20.5 3 26
      vertex -34.8434 3 21.6897
      vertex -35 3 21.7
    endloop
  endfacet
  facet normal 0 1 0
    outer loop
      vertex -20.5 3 26
      vertex -34.6894 3 21.6591
      vertex -34.8434 3 21.6897
    endloop
  endfacet
  facet normal 0 1 0
    outer loop
      vertex -20.5 3 26
      vertex -34.5408 3 21.6087
      vertex -34.6894 3 21.6591
    endloop
  endfacet
  facet normal 0 1 0
    outer loop
      vertex -20.5 3 26
      vertex -34.4 3 21.5392
      vertex -34.5408 3 21.6087
    endloop
  endfacet
  facet normal 0 1 0
    outer loop
      vertex -20.5 3 26
      vertex -34.2695 3 21.452
      vertex -34.4 3 21.5392
    endloop
  endfacet
  facet normal 0 1 0
    outer loop
      vertex -20.5 3 26
      vertex -34.1515 3 21.3485
      vertex -34.2695 3 21.452
    endloop
  endfacet
  facet normal 0 1 0
    outer loop
      vertex -20.5 3 26
      vertex -34.048 3 21.2305
      vertex -34.1515 3 21.3485
    endloop
  endfacet
  facet normal 0 1 0
    outer loop
      vertex -20.5 3 26
      vertex -33.9608 3 21.1
      vertex -34.048 3 21.2305
    endloop
  endfacet
  facet normal 0 1 0
    outer loop
      vertex -20.5 3 26
      vertex -33.8913 3 20.9592
      vertex -33.9608 3 21.1
    endloop
  endfacet
  facet normal 0 1 0
    outer loop
      vertex -20.5 3 26
      vertex -33.8409 3 20.8106
      vertex -33.8913 3 20.9592
    endloop
  endfacet
  facet normal 0 1 0
    outer loop
      vertex -20.5 3 26
      vertex -33.8103 3 20.6566
      vertex -33.8409 3 20.8106
    endloop
  endfacet
  facet normal 0 1 -0
    outer loop
      vertex -27.3434 3 14.1897
      vertex -33.8103 3 20.6566
      vertex -20.5 3 26
    endloop
  endfacet
  facet normal 0 1 0
    outer loop
      vertex -33.8103 3 20.6566
      vertex -27.3434 3 14.1897
      vertex -33.8 3 20.5
    endloop
  endfacet
  facet normal -0 1 -0
    outer loop
      vertex -31.818 3 16.182
      vertex -33.8 3 20.5
      vertex -27.3434 3 14.1897
    endloop
  endfacet
  facet normal -0 1 -0
    outer loop
      vertex -32.2606 3 16.5701
      vertex -33.8 3 20.5
      vertex -31.818 3 16.182
    endloop
  endfacet
  facet normal 0 1 0
    outer loop
      vertex -33.8 3 20.5
      vertex -32.2606 3 16.5701
      vertex -33.8103 3 20.3434
    endloop
  endfacet
  facet normal -0 1 -0
    outer loop
      vertex -32.75 3 16.8971
      vertex -33.8409 3 20.1894
      vertex -32.2606 3 16.5701
    endloop
  endfacet
  facet normal 0 1 0
    outer loop
      vertex -33.8409 3 20.1894
      vertex -32.75 3 16.8971
      vertex -33.8913 3 20.0408
    endloop
  endfacet
  facet normal 0 1 0
    outer loop
      vertex -33.8913 3 20.0408
      vertex -32.75 3 16.8971
      vertex -33.9608 3 19.9
    endloop
  endfacet
  facet normal 0 1 0
    outer loop
      vertex -33.9608 3 19.9
      vertex -33.2779 3 17.1575
      vertex -34.048 3 19.7695
    endloop
  endfacet
  facet normal 0 1 0
    outer loop
      vertex -34.048 3 19.7695
      vertex -33.2779 3 17.1575
      vertex -34.1515 3 19.6515
    endloop
  endfacet
  facet normal 0 1 0
    outer loop
      vertex -34.8434 3 19.3103
      vertex -35 3 17.5
      vertex -35 3 19.3
    endloop
  endfacet
  facet normal 0 1 0
    outer loop
      vertex -34.4126 3 17.4615
      vertex -34.8434 3 19.3103
      vertex -34.6894 3 19.3409
    endloop
  endfacet
  facet normal 0 1 0
    outer loop
      vertex -34.4126 3 17.4615
      vertex -34.6894 3 19.3409
      vertex -34.5408 3 19.3913
    endloop
  endfacet
  facet normal -0 1 -0
    outer loop
      vertex -33.8353 3 17.3467
      vertex -34.1515 3 19.6515
      vertex -33.2779 3 17.1575
    endloop
  endfacet
  facet normal 0 1 0
    outer loop
      vertex -34.8434 3 19.3103
      vertex -34.4126 3 17.4615
      vertex -35 3 17.5
    endloop
  endfacet
  facet normal 0 1 0
    outer loop
      vertex -34.4 3 19.4608
      vertex -34.4126 3 17.4615
      vertex -34.5408 3 19.3913
    endloop
  endfacet
  facet normal -0 1 0
    outer loop
      vertex -34.4126 3 17.4615
      vertex -34.4 3 19.4608
      vertex -33.8353 3 17.3467
    endloop
  endfacet
  facet normal 0 1 0
    outer loop
      vertex -34.2695 3 19.548
      vertex -33.8353 3 17.3467
      vertex -34.4 3 19.4608
    endloop
  endfacet
  facet normal 0 1 0
    outer loop
      vertex -34.1515 3 19.6515
      vertex -33.8353 3 17.3467
      vertex -34.2695 3 19.548
    endloop
  endfacet
  facet normal -0 1 -0
    outer loop
      vertex -33.2779 3 17.1575
      vertex -33.9608 3 19.9
      vertex -32.75 3 16.8971
    endloop
  endfacet
  facet normal 0 1 0
    outer loop
      vertex -33.8103 3 20.3434
      vertex -32.2606 3 16.5701
      vertex -33.8409 3 20.1894
    endloop
  endfacet
  facet normal -0 1 -0
    outer loop
      vertex -27.5 3 14.2
      vertex -31.818 3 16.182
      vertex -27.3434 3 14.1897
    endloop
  endfacet
  facet normal 0 1 -0
    outer loop
      vertex -27.6566 3 14.1897
      vertex -31.4299 3 15.7394
      vertex -27.5 3 14.2
    endloop
  endfacet
  facet normal 0 1 -0
    outer loop
      vertex -27.8106 3 14.1591
      vertex -31.4299 3 15.7394
      vertex -27.6566 3 14.1897
    endloop
  endfacet
  facet normal 0 1 0
    outer loop
      vertex -31.818 3 16.182
      vertex -27.5 3 14.2
      vertex -31.4299 3 15.7394
    endloop
  endfacet
  facet normal 0 1 0
    outer loop
      vertex -20.5 3 26
      vertex -27.1894 3 14.1591
      vertex -27.3434 3 14.1897
    endloop
  endfacet
  facet normal 0 1 0
    outer loop
      vertex -20.5 3 26
      vertex -27.0408 3 14.1087
      vertex -27.1894 3 14.1591
    endloop
  endfacet
  facet normal 0 1 0
    outer loop
      vertex -20.5 3 26
      vertex -26.9 3 14.0392
      vertex -27.0408 3 14.1087
    endloop
  endfacet
  facet normal 0 1 0
    outer loop
      vertex -20.5 3 26
      vertex -26.7695 3 13.952
      vertex -26.9 3 14.0392
    endloop
  endfacet
  facet normal 0 1 0
    outer loop
      vertex -20.5 3 26
      vertex -26.6515 3 13.8485
      vertex -26.7695 3 13.952
    endloop
  endfacet
  facet normal 0 1 0
    outer loop
      vertex -20.5 3 26
      vertex -26.548 3 13.7305
      vertex -26.6515 3 13.8485
    endloop
  endfacet
  facet normal 0 1 0
    outer loop
      vertex -20.5 3 26
      vertex -26.4608 3 13.6
      vertex -26.548 3 13.7305
    endloop
  endfacet
  facet normal 0 1 0
    outer loop
      vertex -20.5 3 26
      vertex -26.3913 3 13.4592
      vertex -26.4608 3 13.6
    endloop
  endfacet
  facet normal 0 1 0
    outer loop
      vertex -20.5 3 26
      vertex -26.3409 3 13.3106
      vertex -26.3913 3 13.4592
    endloop
  endfacet
  facet normal 0 1 0
    outer loop
      vertex -20.5 3 26
      vertex -26.3103 3 13.1566
      vertex -26.3409 3 13.3106
    endloop
  endfacet
  facet normal 0 1 0
    outer loop
      vertex -20.5 3 26
      vertex -26.3 3 13
      vertex -26.3103 3 13.1566
    endloop
  endfacet
  facet normal 0 1 -0
    outer loop
      vertex -20.5 3 0
      vertex -26.3 3 13
      vertex -20.5 3 26
    endloop
  endfacet
  facet normal 0 1 0
    outer loop
      vertex -26.3 3 13
      vertex -20.5 3 0
      vertex -26.3103 3 12.8434
    endloop
  endfacet
  facet normal 0 1 0
    outer loop
      vertex -26.3103 3 12.8434
      vertex -20.5 3 0
      vertex -26.3409 3 12.6894
    endloop
  endfacet
  facet normal 0 1 0
    outer loop
      vertex -31.818 3 9.81802
      vertex -27.5 3 11.8
      vertex -27.3434 3 11.8103
    endloop
  endfacet
  facet normal 0 1 0
    outer loop
      vertex -27.5 3 11.8
      vertex -31.1029 3 10.75
      vertex -30.8425 3 11.2779
    endloop
  endfacet
  facet normal 0 1 0
    outer loop
      vertex -20.5 3 0
      vertex -27.3434 3 11.8103
      vertex -27.1894 3 11.8409
    endloop
  endfacet
  facet normal 0 1 0
    outer loop
      vertex -27.5 3 11.8
      vertex -31.4299 3 10.2606
      vertex -31.1029 3 10.75
    endloop
  endfacet
  facet normal 0 1 0
    outer loop
      vertex -20.5 3 0
      vertex -27.1894 3 11.8409
      vertex -27.0408 3 11.8913
    endloop
  endfacet
  facet normal 0 1 0
    outer loop
      vertex -27.5 3 11.8
      vertex -31.818 3 9.81802
      vertex -31.4299 3 10.2606
    endloop
  endfacet
  facet normal 0 1 0
    outer loop
      vertex -27.3434 3 11.8103
      vertex -33.8 3 5.5
      vertex -31.818 3 9.81802
    endloop
  endfacet
  facet normal 0 1 0
    outer loop
      vertex -31.818 3 9.81802
      vertex -33.8 3 5.5
      vertex -32.2606 3 9.42991
    endloop
  endfacet
  facet normal -0 1 0
    outer loop
      vertex -33.8103 3 5.65663
      vertex -32.2606 3 9.42991
      vertex -33.8 3 5.5
    endloop
  endfacet
  facet normal 0 1 -0
    outer loop
      vertex -34.8434 3 6.68973
      vertex -35 3 8.5
      vertex -34.4126 3 8.5385
    endloop
  endfacet
  facet normal 0 1 -0
    outer loop
      vertex -34.4 3 6.53923
      vertex -34.4126 3 8.5385
      vertex -33.8353 3 8.65333
    endloop
  endfacet
  facet normal 0 1 0
    outer loop
      vertex -34.1515 3 6.34853
      vertex -33.8353 3 8.65333
      vertex -33.2779 3 8.84254
    endloop
  endfacet
  facet normal 0 1 0
    outer loop
      vertex -32.2606 3 9.42991
      vertex -33.8409 3 5.81058
      vertex -32.75 3 9.10289
    endloop
  endfacet
  facet normal 0 1 0
    outer loop
      vertex -20.5 3 0
      vertex -27.0408 3 11.8913
      vertex -26.9 3 11.9608
    endloop
  endfacet
  facet normal 0 1 0
    outer loop
      vertex -35 3 8.5
      vertex -34.8434 3 6.68973
      vertex -35 3 6.7
    endloop
  endfacet
  facet normal 0 1 0
    outer loop
      vertex -34.4126 3 8.5385
      vertex -34.6894 3 6.65911
      vertex -34.8434 3 6.68973
    endloop
  endfacet
  facet normal 0 1 0
    outer loop
      vertex -20.5 3 0
      vertex -26.9 3 11.9608
      vertex -26.7695 3 12.048
    endloop
  endfacet
  facet normal 0 1 0
    outer loop
      vertex -34.4126 3 8.5385
      vertex -34.5408 3 6.60866
      vertex -34.6894 3 6.65911
    endloop
  endfacet
  facet normal 0 1 0
    outer loop
      vertex -34.4126 3 8.5385
      vertex -34.4 3 6.53923
      vertex -34.5408 3 6.60866
    endloop
  endfacet
  facet normal 0 1 0
    outer loop
      vertex -33.8353 3 8.65333
      vertex -34.2695 3 6.45202
      vertex -34.4 3 6.53923
    endloop
  endfacet
  facet normal 0 1 0
    outer loop
      vertex -33.8353 3 8.65333
      vertex -34.1515 3 6.34853
      vertex -34.2695 3 6.45202
    endloop
  endfacet
  facet normal 0 1 0
    outer loop
      vertex -33.2779 3 8.84254
      vertex -34.048 3 6.23051
      vertex -34.1515 3 6.34853
    endloop
  endfacet
  facet normal 0 1 0
    outer loop
      vertex -33.2779 3 8.84254
      vertex -33.9608 3 6.1
      vertex -34.048 3 6.23051
    endloop
  endfacet
  facet normal 0 1 0
    outer loop
      vertex -32.75 3 9.10289
      vertex -33.9608 3 6.1
      vertex -33.2779 3 8.84254
    endloop
  endfacet
  facet normal -0 1 0
    outer loop
      vertex -33.9608 3 6.1
      vertex -32.75 3 9.10289
      vertex -33.8913 3 5.95922
    endloop
  endfacet
  facet normal 0 1 0
    outer loop
      vertex -20.5 3 0
      vertex -26.7695 3 12.048
      vertex -26.6515 3 12.1515
    endloop
  endfacet
  facet normal -0 1 0
    outer loop
      vertex -33.8913 3 5.95922
      vertex -32.75 3 9.10289
      vertex -33.8409 3 5.81058
    endloop
  endfacet
  facet normal -0 1 0
    outer loop
      vertex -33.8409 3 5.81058
      vertex -32.2606 3 9.42991
      vertex -33.8103 3 5.65663
    endloop
  endfacet
  facet normal 0 1 0
    outer loop
      vertex -27.3434 3 11.8103
      vertex -33.8103 3 5.34337
      vertex -33.8 3 5.5
    endloop
  endfacet
  facet normal 0 1 0
    outer loop
      vertex -27.3434 3 11.8103
      vertex -20.5 3 0
      vertex -33.8103 3 5.34337
    endloop
  endfacet
  facet normal 0 1 0
    outer loop
      vertex -33.8103 3 5.34337
      vertex -20.5 3 0
      vertex -33.8409 3 5.18942
    endloop
  endfacet
  facet normal 0 1 0
    outer loop
      vertex -33.8409 3 5.18942
      vertex -20.5 3 0
      vertex -33.8913 3 5.04078
    endloop
  endfacet
  facet normal 0 1 0
    outer loop
      vertex -33.8913 3 5.04078
      vertex -20.5 3 0
      vertex -33.9608 3 4.9
    endloop
  endfacet
  facet normal 0 1 0
    outer loop
      vertex -33.9608 3 4.9
      vertex -20.5 3 0
      vertex -34.048 3 4.76949
    endloop
  endfacet
  facet normal 0 1 0
    outer loop
      vertex -34.8434 3 4.31027
      vertex -20.5 3 0
      vertex -35 3 4.3
    endloop
  endfacet
  facet normal 0 1 0
    outer loop
      vertex -34.6894 3 4.34089
      vertex -20.5 3 0
      vertex -34.8434 3 4.31027
    endloop
  endfacet
  facet normal 0 1 0
    outer loop
      vertex -34.5408 3 4.39135
      vertex -20.5 3 0
      vertex -34.6894 3 4.34089
    endloop
  endfacet
  facet normal 0 1 0
    outer loop
      vertex -34.4 3 4.46077
      vertex -20.5 3 0
      vertex -34.5408 3 4.39135
    endloop
  endfacet
  facet normal 0 1 0
    outer loop
      vertex -34.2695 3 4.54798
      vertex -20.5 3 0
      vertex -34.4 3 4.46077
    endloop
  endfacet
  facet normal 0 1 0
    outer loop
      vertex -34.1515 3 4.65147
      vertex -20.5 3 0
      vertex -34.2695 3 4.54798
    endloop
  endfacet
  facet normal 0 1 0
    outer loop
      vertex -34.048 3 4.76949
      vertex -20.5 3 0
      vertex -34.1515 3 4.65147
    endloop
  endfacet
  facet normal 0 1 0
    outer loop
      vertex -26.548 3 12.2695
      vertex -20.5 3 0
      vertex -26.6515 3 12.1515
    endloop
  endfacet
  facet normal 0 1 0
    outer loop
      vertex -26.4608 3 12.4
      vertex -20.5 3 0
      vertex -26.548 3 12.2695
    endloop
  endfacet
  facet normal 0 1 0
    outer loop
      vertex -26.3913 3 12.5408
      vertex -20.5 3 0
      vertex -26.4608 3 12.4
    endloop
  endfacet
  facet normal 0 1 0
    outer loop
      vertex -26.3409 3 12.6894
      vertex -20.5 3 0
      vertex -26.3913 3 12.5408
    endloop
  endfacet
  facet normal 0 1 -0
    outer loop
      vertex -35.1566 3 21.6897
      vertex -49.5 3 26
      vertex -35 3 21.7
    endloop
  endfacet
  facet normal 0 1 -0
    outer loop
      vertex -35.3106 3 21.6591
      vertex -49.5 3 26
      vertex -35.1566 3 21.6897
    endloop
  endfacet
  facet normal 0 1 -0
    outer loop
      vertex -35.4592 3 21.6087
      vertex -49.5 3 26
      vertex -35.3106 3 21.6591
    endloop
  endfacet
  facet normal 0 1 -0
    outer loop
      vertex -35.6 3 21.5392
      vertex -49.5 3 26
      vertex -35.4592 3 21.6087
    endloop
  endfacet
  facet normal 0 1 -0
    outer loop
      vertex -35.7305 3 21.452
      vertex -49.5 3 26
      vertex -35.6 3 21.5392
    endloop
  endfacet
  facet normal 0 1 -0
    outer loop
      vertex -35.8485 3 21.3485
      vertex -49.5 3 26
      vertex -35.7305 3 21.452
    endloop
  endfacet
  facet normal 0 1 -0
    outer loop
      vertex -35.952 3 21.2305
      vertex -49.5 3 26
      vertex -35.8485 3 21.3485
    endloop
  endfacet
  facet normal 0 1 -0
    outer loop
      vertex -36.0392 3 21.1
      vertex -49.5 3 26
      vertex -35.952 3 21.2305
    endloop
  endfacet
  facet normal 0 1 -0
    outer loop
      vertex -36.1087 3 20.9592
      vertex -49.5 3 26
      vertex -36.0392 3 21.1
    endloop
  endfacet
  facet normal 0 1 -0
    outer loop
      vertex -36.1591 3 20.8106
      vertex -49.5 3 26
      vertex -36.1087 3 20.9592
    endloop
  endfacet
  facet normal 0 1 -0
    outer loop
      vertex -36.1897 3 20.6566
      vertex -49.5 3 26
      vertex -36.1591 3 20.8106
    endloop
  endfacet
  facet normal 0 1 0
    outer loop
      vertex -42.6566 3 14.1897
      vertex -36.1897 3 20.6566
      vertex -36.2 3 20.5
    endloop
  endfacet
  facet normal 0 1 0
    outer loop
      vertex -37.7394 3 16.5701
      vertex -36.2 3 20.5
      vertex -36.1897 3 20.3434
    endloop
  endfacet
  facet normal 0 1 0
    outer loop
      vertex -37.7394 3 16.5701
      vertex -36.1897 3 20.3434
      vertex -36.1591 3 20.1894
    endloop
  endfacet
  facet normal 0 1 0
    outer loop
      vertex -37.25 3 16.8971
      vertex -36.1591 3 20.1894
      vertex -36.1087 3 20.0408
    endloop
  endfacet
  facet normal 0 1 0
    outer loop
      vertex -37.25 3 16.8971
      vertex -36.1087 3 20.0408
      vertex -36.0392 3 19.9
    endloop
  endfacet
  facet normal 0 1 0
    outer loop
      vertex -36.7221 3 17.1575
      vertex -36.0392 3 19.9
      vertex -35.952 3 19.7695
    endloop
  endfacet
  facet normal 0 1 0
    outer loop
      vertex -36.7221 3 17.1575
      vertex -35.952 3 19.7695
      vertex -35.8485 3 19.6515
    endloop
  endfacet
  facet normal 0 1 0
    outer loop
      vertex -36.1647 3 17.3467
      vertex -35.8485 3 19.6515
      vertex -35.7305 3 19.548
    endloop
  endfacet
  facet normal 0 1 0
    outer loop
      vertex -36.1647 3 17.3467
      vertex -35.7305 3 19.548
      vertex -35.6 3 19.4608
    endloop
  endfacet
  facet normal 0 1 -0
    outer loop
      vertex -35.5874 3 17.4615
      vertex -35.6 3 19.4608
      vertex -35.4592 3 19.3913
    endloop
  endfacet
  facet normal 0 1 -0
    outer loop
      vertex -35 3 17.5
      vertex -35.1566 3 19.3103
      vertex -35 3 19.3
    endloop
  endfacet
  facet normal 0 1 0
    outer loop
      vertex -35.5874 3 17.4615
      vertex -35.1566 3 19.3103
      vertex -35 3 17.5
    endloop
  endfacet
  facet normal 0 1 0
    outer loop
      vertex -35.1566 3 19.3103
      vertex -35.5874 3 17.4615
      vertex -35.3106 3 19.3409
    endloop
  endfacet
  facet normal 0 1 0
    outer loop
      vertex -35.3106 3 19.3409
      vertex -35.5874 3 17.4615
      vertex -35.4592 3 19.3913
    endloop
  endfacet
  facet normal 0 1 0
    outer loop
      vertex -35.6 3 19.4608
      vertex -35.5874 3 17.4615
      vertex -36.1647 3 17.3467
    endloop
  endfacet
  facet normal 0 1 0
    outer loop
      vertex -35.8485 3 19.6515
      vertex -36.1647 3 17.3467
      vertex -36.7221 3 17.1575
    endloop
  endfacet
  facet normal 0 1 0
    outer loop
      vertex -36.0392 3 19.9
      vertex -36.7221 3 17.1575
      vertex -37.25 3 16.8971
    endloop
  endfacet
  facet normal 0 1 0
    outer loop
      vertex -36.1591 3 20.1894
      vertex -37.25 3 16.8971
      vertex -37.7394 3 16.5701
    endloop
  endfacet
  facet normal 0 1 0
    outer loop
      vertex -36.2 3 20.5
      vertex -37.7394 3 16.5701
      vertex -38.182 3 16.182
    endloop
  endfacet
  facet normal 0 1 0
    outer loop
      vertex -36.2 3 20.5
      vertex -38.182 3 16.182
      vertex -42.6566 3 14.1897
    endloop
  endfacet
  facet normal 0 1 0
    outer loop
      vertex -42.5 3 14.2
      vertex -38.182 3 16.182
      vertex -38.5701 3 15.7394
    endloop
  endfacet
  facet normal 0 1 0
    outer loop
      vertex -42.3434 3 14.1897
      vertex -38.5701 3 15.7394
      vertex -38.8971 3 15.25
    endloop
  endfacet
  facet normal 0 1 0
    outer loop
      vertex -41.9 3 14.0392
      vertex -38.8971 3 15.25
      vertex -39.1575 3 14.7221
    endloop
  endfacet
  facet normal 0 1 0
    outer loop
      vertex -38.182 3 16.182
      vertex -42.5 3 14.2
      vertex -42.6566 3 14.1897
    endloop
  endfacet
  facet normal 0 1 0
    outer loop
      vertex -36.1897 3 20.6566
      vertex -42.6566 3 14.1897
      vertex -49.5 3 26
    endloop
  endfacet
  facet normal 0 1 -0
    outer loop
      vertex -42.8106 3 14.1591
      vertex -49.5 3 26
      vertex -42.6566 3 14.1897
    endloop
  endfacet
  facet normal 0 1 -0
    outer loop
      vertex -42.9592 3 14.1087
      vertex -49.5 3 26
      vertex -42.8106 3 14.1591
    endloop
  endfacet
  facet normal 0 1 -0
    outer loop
      vertex -43.1 3 14.0392
      vertex -49.5 3 26
      vertex -42.9592 3 14.1087
    endloop
  endfacet
  facet normal 0 1 -0
    outer loop
      vertex -43.2305 3 13.952
      vertex -49.5 3 26
      vertex -43.1 3 14.0392
    endloop
  endfacet
  facet normal 0 1 -0
    outer loop
      vertex -43.3485 3 13.8485
      vertex -49.5 3 26
      vertex -43.2305 3 13.952
    endloop
  endfacet
  facet normal 0 1 -0
    outer loop
      vertex -43.452 3 13.7305
      vertex -49.5 3 26
      vertex -43.3485 3 13.8485
    endloop
  endfacet
  facet normal 0 1 -0
    outer loop
      vertex -43.5392 3 13.6
      vertex -49.5 3 26
      vertex -43.452 3 13.7305
    endloop
  endfacet
  facet normal 0 1 -0
    outer loop
      vertex -43.6087 3 13.4592
      vertex -49.5 3 26
      vertex -43.5392 3 13.6
    endloop
  endfacet
  facet normal 0 1 -0
    outer loop
      vertex -43.6591 3 13.3106
      vertex -49.5 3 26
      vertex -43.6087 3 13.4592
    endloop
  endfacet
  facet normal 0 1 -0
    outer loop
      vertex -43.6897 3 13.1566
      vertex -49.5 3 26
      vertex -43.6591 3 13.3106
    endloop
  endfacet
  facet normal 0 1 -0
    outer loop
      vertex -43.7 3 13
      vertex -49.5 3 26
      vertex -43.6897 3 13.1566
    endloop
  endfacet
  facet normal 0 1 0
    outer loop
      vertex -49.5 3 0
      vertex -43.7 3 13
      vertex -43.6897 3 12.8434
    endloop
  endfacet
  facet normal 0 1 0
    outer loop
      vertex -49.5 3 0
      vertex -43.6897 3 12.8434
      vertex -43.6591 3 12.6894
    endloop
  endfacet
  facet normal 0 1 0
    outer loop
      vertex -49.5 3 0
      vertex -43.6591 3 12.6894
      vertex -43.6087 3 12.5408
    endloop
  endfacet
  facet normal 0 1 0
    outer loop
      vertex -42.1894 3 11.8409
      vertex -38.5701 3 10.2606
      vertex -42.3434 3 11.8103
    endloop
  endfacet
  facet normal 0 1 0
    outer loop
      vertex -42.3434 3 11.8103
      vertex -38.5701 3 10.2606
      vertex -42.5 3 11.8
    endloop
  endfacet
  facet normal 0 1 0
    outer loop
      vertex -38.182 3 9.81802
      vertex -42.5 3 11.8
      vertex -38.5701 3 10.2606
    endloop
  endfacet
  facet normal 0 1 0
    outer loop
      vertex -42.5 3 11.8
      vertex -38.182 3 9.81802
      vertex -42.6566 3 11.8103
    endloop
  endfacet
  facet normal 0 1 0
    outer loop
      vertex -36.2 3 5.5
      vertex -42.6566 3 11.8103
      vertex -38.182 3 9.81802
    endloop
  endfacet
  facet normal 0 1 0
    outer loop
      vertex -36.1897 3 5.34337
      vertex -42.6566 3 11.8103
      vertex -36.2 3 5.5
    endloop
  endfacet
  facet normal 0 1 0
    outer loop
      vertex -36.2 3 5.5
      vertex -38.182 3 9.81802
      vertex -37.7394 3 9.42991
    endloop
  endfacet
  facet normal 0 1 0
    outer loop
      vertex -36.1591 3 5.81058
      vertex -37.7394 3 9.42991
      vertex -37.25 3 9.10289
    endloop
  endfacet
  facet normal 0 1 0
    outer loop
      vertex -36.0392 3 6.1
      vertex -37.25 3 9.10289
      vertex -36.7221 3 8.84254
    endloop
  endfacet
  facet normal 0 1 0
    outer loop
      vertex -35.1566 3 6.68973
      vertex -35 3 8.5
      vertex -35 3 6.7
    endloop
  endfacet
  facet normal 0 1 0
    outer loop
      vertex -35 3 8.5
      vertex -35.1566 3 6.68973
      vertex -35.5874 3 8.5385
    endloop
  endfacet
  facet normal 0 1 -0
    outer loop
      vertex -35.3106 3 6.65911
      vertex -35.5874 3 8.5385
      vertex -35.1566 3 6.68973
    endloop
  endfacet
  facet normal 0 1 -0
    outer loop
      vertex -35.4592 3 6.60866
      vertex -35.5874 3 8.5385
      vertex -35.3106 3 6.65911
    endloop
  endfacet
  facet normal 0 1 0
    outer loop
      vertex -35.6 3 6.53923
      vertex -35.5874 3 8.5385
      vertex -35.4592 3 6.60866
    endloop
  endfacet
  facet normal 0 1 0
    outer loop
      vertex -35.5874 3 8.5385
      vertex -35.6 3 6.53923
      vertex -36.1647 3 8.65333
    endloop
  endfacet
  facet normal 0 1 -0
    outer loop
      vertex -35.7305 3 6.45202
      vertex -36.1647 3 8.65333
      vertex -35.6 3 6.53923
    endloop
  endfacet
  facet normal 0 1 -0
    outer loop
      vertex -35.8485 3 6.34853
      vertex -36.1647 3 8.65333
      vertex -35.7305 3 6.45202
    endloop
  endfacet
  facet normal 0 1 0
    outer loop
      vertex -36.1647 3 8.65333
      vertex -35.8485 3 6.34853
      vertex -36.7221 3 8.84254
    endloop
  endfacet
  facet normal 0 1 -0
    outer loop
      vertex -35.952 3 6.23051
      vertex -36.7221 3 8.84254
      vertex -35.8485 3 6.34853
    endloop
  endfacet
  facet normal 0 1 -0
    outer loop
      vertex -36.0392 3 6.1
      vertex -36.7221 3 8.84254
      vertex -35.952 3 6.23051
    endloop
  endfacet
  facet normal 0 1 0
    outer loop
      vertex -37.25 3 9.10289
      vertex -36.0392 3 6.1
      vertex -36.1087 3 5.95922
    endloop
  endfacet
  facet normal 0 1 0
    outer loop
      vertex -37.25 3 9.10289
      vertex -36.1087 3 5.95922
      vertex -36.1591 3 5.81058
    endloop
  endfacet
  facet normal 0 1 0
    outer loop
      vertex -37.7394 3 9.42991
      vertex -36.1591 3 5.81058
      vertex -36.1897 3 5.65663
    endloop
  endfacet
  facet normal 0 1 0
    outer loop
      vertex -37.7394 3 9.42991
      vertex -36.1897 3 5.65663
      vertex -36.2 3 5.5
    endloop
  endfacet
  facet normal 0 1 0
    outer loop
      vertex -49.5 3 0
      vertex -42.6566 3 11.8103
      vertex -36.1897 3 5.34337
    endloop
  endfacet
  facet normal 0 1 0
    outer loop
      vertex -42.6566 3 11.8103
      vertex -49.5 3 0
      vertex -42.8106 3 11.8409
    endloop
  endfacet
  facet normal 0 1 0
    outer loop
      vertex -42.8106 3 11.8409
      vertex -49.5 3 0
      vertex -42.9592 3 11.8913
    endloop
  endfacet
  facet normal 0 1 0
    outer loop
      vertex -42.9592 3 11.8913
      vertex -49.5 3 0
      vertex -43.1 3 11.9608
    endloop
  endfacet
  facet normal 0 1 0
    outer loop
      vertex -43.1 3 11.9608
      vertex -49.5 3 0
      vertex -43.2305 3 12.048
    endloop
  endfacet
  facet normal 0 1 0
    outer loop
      vertex -49.5 3 0
      vertex -36.1897 3 5.34337
      vertex -36.1591 3 5.18942
    endloop
  endfacet
  facet normal 0 1 0
    outer loop
      vertex -49.5 3 0
      vertex -36.1591 3 5.18942
      vertex -36.1087 3 5.04078
    endloop
  endfacet
  facet normal 0 1 0
    outer loop
      vertex -49.5 3 0
      vertex -36.1087 3 5.04078
      vertex -36.0392 3 4.9
    endloop
  endfacet
  facet normal 0 1 0
    outer loop
      vertex -49.5 3 0
      vertex -36.0392 3 4.9
      vertex -35.952 3 4.76949
    endloop
  endfacet
  facet normal 0 1 0
    outer loop
      vertex -49.5 3 0
      vertex -35.952 3 4.76949
      vertex -35.8485 3 4.65147
    endloop
  endfacet
  facet normal 0 1 0
    outer loop
      vertex -49.5 3 0
      vertex -35 3 4.3
      vertex -20.5 3 0
    endloop
  endfacet
  facet normal 0 1 0
    outer loop
      vertex -35 3 4.3
      vertex -49.5 3 0
      vertex -35.1566 3 4.31027
    endloop
  endfacet
  facet normal 0 1 0
    outer loop
      vertex -43.7 3 13
      vertex -49.5 3 0
      vertex -49.5 3 26
    endloop
  endfacet
  facet normal 0 1 0
    outer loop
      vertex -43.5392 3 12.4
      vertex -49.5 3 0
      vertex -43.6087 3 12.5408
    endloop
  endfacet
  facet normal 0 1 0
    outer loop
      vertex -43.452 3 12.2695
      vertex -49.5 3 0
      vertex -43.5392 3 12.4
    endloop
  endfacet
  facet normal 0 1 0
    outer loop
      vertex -43.3485 3 12.1515
      vertex -49.5 3 0
      vertex -43.452 3 12.2695
    endloop
  endfacet
  facet normal 0 1 0
    outer loop
      vertex -43.2305 3 12.048
      vertex -49.5 3 0
      vertex -43.3485 3 12.1515
    endloop
  endfacet
  facet normal 0 1 0
    outer loop
      vertex -35.7305 3 4.54798
      vertex -49.5 3 0
      vertex -35.8485 3 4.65147
    endloop
  endfacet
  facet normal 0 1 0
    outer loop
      vertex -35.6 3 4.46077
      vertex -49.5 3 0
      vertex -35.7305 3 4.54798
    endloop
  endfacet
  facet normal 0 1 0
    outer loop
      vertex -35.4592 3 4.39135
      vertex -49.5 3 0
      vertex -35.6 3 4.46077
    endloop
  endfacet
  facet normal 0 1 0
    outer loop
      vertex -35.3106 3 4.34089
      vertex -49.5 3 0
      vertex -35.4592 3 4.39135
    endloop
  endfacet
  facet normal 0 1 0
    outer loop
      vertex -35.1566 3 4.31027
      vertex -49.5 3 0
      vertex -35.3106 3 4.34089
    endloop
  endfacet
  facet normal 0 1 0
    outer loop
      vertex -31.4299 3 15.7394
      vertex -27.8106 3 14.1591
      vertex -31.1029 3 15.25
    endloop
  endfacet
  facet normal 0 1 -0
    outer loop
      vertex -27.9592 3 14.1087
      vertex -31.1029 3 15.25
      vertex -27.8106 3 14.1591
    endloop
  endfacet
  facet normal 0 1 -0
    outer loop
      vertex -28.1 3 14.0392
      vertex -31.1029 3 15.25
      vertex -27.9592 3 14.1087
    endloop
  endfacet
  facet normal 0 1 0
    outer loop
      vertex -31.1029 3 15.25
      vertex -28.1 3 14.0392
      vertex -30.8425 3 14.7221
    endloop
  endfacet
  facet normal 0 1 -0
    outer loop
      vertex -28.2305 3 13.952
      vertex -30.8425 3 14.7221
      vertex -28.1 3 14.0392
    endloop
  endfacet
  facet normal 0 1 -0
    outer loop
      vertex -28.3485 3 13.8485
      vertex -30.8425 3 14.7221
      vertex -28.2305 3 13.952
    endloop
  endfacet
  facet normal 0 1 0
    outer loop
      vertex -30.8425 3 14.7221
      vertex -28.3485 3 13.8485
      vertex -30.6533 3 14.1647
    endloop
  endfacet
  facet normal 0 1 -0
    outer loop
      vertex -28.452 3 13.7305
      vertex -30.6533 3 14.1647
      vertex -28.3485 3 13.8485
    endloop
  endfacet
  facet normal 0 1 -0
    outer loop
      vertex -28.5392 3 13.6
      vertex -30.6533 3 14.1647
      vertex -28.452 3 13.7305
    endloop
  endfacet
  facet normal 0 1 0
    outer loop
      vertex -28.5392 3 13.6
      vertex -30.5385 3 13.5874
      vertex -30.6533 3 14.1647
    endloop
  endfacet
  facet normal 0 1 -0
    outer loop
      vertex -28.6087 3 13.4592
      vertex -30.5385 3 13.5874
      vertex -28.5392 3 13.6
    endloop
  endfacet
  facet normal 0 1 -0
    outer loop
      vertex -28.6591 3 13.3106
      vertex -30.5385 3 13.5874
      vertex -28.6087 3 13.4592
    endloop
  endfacet
  facet normal 0 1 -0
    outer loop
      vertex -28.6897 3 13.1566
      vertex -30.5385 3 13.5874
      vertex -28.6591 3 13.3106
    endloop
  endfacet
  facet normal 0 1 0
    outer loop
      vertex -30.5 3 13
      vertex -28.6897 3 13.1566
      vertex -28.7 3 13
    endloop
  endfacet
  facet normal 0 1 0
    outer loop
      vertex -28.6897 3 13.1566
      vertex -30.5 3 13
      vertex -30.5385 3 13.5874
    endloop
  endfacet
  facet normal 0 1 0
    outer loop
      vertex -28.6897 3 12.8434
      vertex -30.5 3 13
      vertex -28.7 3 13
    endloop
  endfacet
  facet normal 0 1 0
    outer loop
      vertex -30.5385 3 12.4126
      vertex -28.6897 3 12.8434
      vertex -28.6591 3 12.6894
    endloop
  endfacet
  facet normal 0 1 0
    outer loop
      vertex -30.5385 3 12.4126
      vertex -28.6591 3 12.6894
      vertex -28.6087 3 12.5408
    endloop
  endfacet
  facet normal 0 1 0
    outer loop
      vertex -28.6897 3 12.8434
      vertex -30.5385 3 12.4126
      vertex -30.5 3 13
    endloop
  endfacet
  facet normal 0 1 0
    outer loop
      vertex -28.5392 3 12.4
      vertex -30.5385 3 12.4126
      vertex -28.6087 3 12.5408
    endloop
  endfacet
  facet normal 0 1 0
    outer loop
      vertex -30.6533 3 11.8353
      vertex -28.5392 3 12.4
      vertex -28.452 3 12.2695
    endloop
  endfacet
  facet normal 0 1 0
    outer loop
      vertex -30.6533 3 11.8353
      vertex -28.452 3 12.2695
      vertex -28.3485 3 12.1515
    endloop
  endfacet
  facet normal 0 1 0
    outer loop
      vertex -30.8425 3 11.2779
      vertex -28.3485 3 12.1515
      vertex -28.2305 3 12.048
    endloop
  endfacet
  facet normal 0 1 0
    outer loop
      vertex -30.8425 3 11.2779
      vertex -28.2305 3 12.048
      vertex -28.1 3 11.9608
    endloop
  endfacet
  facet normal 0 1 0
    outer loop
      vertex -30.8425 3 11.2779
      vertex -28.1 3 11.9608
      vertex -27.9592 3 11.8913
    endloop
  endfacet
  facet normal 0 1 0
    outer loop
      vertex -30.8425 3 11.2779
      vertex -27.9592 3 11.8913
      vertex -27.8106 3 11.8409
    endloop
  endfacet
  facet normal 0 1 0
    outer loop
      vertex -28.5392 3 12.4
      vertex -30.6533 3 11.8353
      vertex -30.5385 3 12.4126
    endloop
  endfacet
  facet normal 0 1 0
    outer loop
      vertex -30.8425 3 11.2779
      vertex -27.8106 3 11.8409
      vertex -27.6566 3 11.8103
    endloop
  endfacet
  facet normal 0 1 0
    outer loop
      vertex -30.8425 3 11.2779
      vertex -27.6566 3 11.8103
      vertex -27.5 3 11.8
    endloop
  endfacet
  facet normal 0 1 0
    outer loop
      vertex -28.3485 3 12.1515
      vertex -30.8425 3 11.2779
      vertex -30.6533 3 11.8353
    endloop
  endfacet
  facet normal 0 -1 0
    outer loop
      vertex -31.4299 -3 15.7394
      vertex -27.6566 -3 14.1897
      vertex -27.5 -3 14.2
    endloop
  endfacet
  facet normal 0 -1 0
    outer loop
      vertex -28.3485 -3 13.8485
      vertex -30.8425 -3 14.7221
      vertex -30.6533 -3 14.1647
    endloop
  endfacet
  facet normal 0 -1 0
    outer loop
      vertex -31.1029 -3 15.25
      vertex -27.8106 -3 14.1591
      vertex -27.6566 -3 14.1897
    endloop
  endfacet
  facet normal 0 -1 0
    outer loop
      vertex -31.1029 -3 15.25
      vertex -27.9592 -3 14.1087
      vertex -27.8106 -3 14.1591
    endloop
  endfacet
  facet normal 0 -1 0
    outer loop
      vertex -31.1029 -3 15.25
      vertex -28.1 -3 14.0392
      vertex -27.9592 -3 14.1087
    endloop
  endfacet
  facet normal 0 -1 0
    outer loop
      vertex -30.8425 -3 14.7221
      vertex -28.2305 -3 13.952
      vertex -28.1 -3 14.0392
    endloop
  endfacet
  facet normal 0 -1 0
    outer loop
      vertex -30.8425 -3 14.7221
      vertex -28.3485 -3 13.8485
      vertex -28.2305 -3 13.952
    endloop
  endfacet
  facet normal 0 -1 0
    outer loop
      vertex -30.6533 -3 14.1647
      vertex -28.452 -3 13.7305
      vertex -28.3485 -3 13.8485
    endloop
  endfacet
  facet normal 0 -1 0
    outer loop
      vertex -30.6533 -3 14.1647
      vertex -28.5392 -3 13.6
      vertex -28.452 -3 13.7305
    endloop
  endfacet
  facet normal 0 -1 0
    outer loop
      vertex -30.5385 -3 13.5874
      vertex -28.5392 -3 13.6
      vertex -30.6533 -3 14.1647
    endloop
  endfacet
  facet normal 0 -1 0
    outer loop
      vertex -30.5385 -3 13.5874
      vertex -28.6087 -3 13.4592
      vertex -28.5392 -3 13.6
    endloop
  endfacet
  facet normal 0 -1 0
    outer loop
      vertex -30.5385 -3 13.5874
      vertex -28.6591 -3 13.3106
      vertex -28.6087 -3 13.4592
    endloop
  endfacet
  facet normal 0 -1 0
    outer loop
      vertex -30.5385 -3 13.5874
      vertex -28.6897 -3 13.1566
      vertex -28.6591 -3 13.3106
    endloop
  endfacet
  facet normal 0 -1 0
    outer loop
      vertex -30.5 -3 13
      vertex -28.6897 -3 13.1566
      vertex -30.5385 -3 13.5874
    endloop
  endfacet
  facet normal 0 -1 0
    outer loop
      vertex -30.5 -3 13
      vertex -28.7 -3 13
      vertex -28.6897 -3 13.1566
    endloop
  endfacet
  facet normal 0 -1 0
    outer loop
      vertex -30.5 -3 13
      vertex -28.6897 -3 12.8434
      vertex -28.7 -3 13
    endloop
  endfacet
  facet normal 0 -1 0
    outer loop
      vertex -30.5385 -3 12.4126
      vertex -28.6897 -3 12.8434
      vertex -30.5 -3 13
    endloop
  endfacet
  facet normal 0 -1 -0
    outer loop
      vertex -28.6897 -3 12.8434
      vertex -30.5385 -3 12.4126
      vertex -28.6591 -3 12.6894
    endloop
  endfacet
  facet normal 0 -1 -0
    outer loop
      vertex -28.6591 -3 12.6894
      vertex -30.5385 -3 12.4126
      vertex -28.6087 -3 12.5408
    endloop
  endfacet
  facet normal 0 -1 0
    outer loop
      vertex -30.5385 -3 12.4126
      vertex -28.5392 -3 12.4
      vertex -28.6087 -3 12.5408
    endloop
  endfacet
  facet normal 0 -1 0
    outer loop
      vertex -30.6533 -3 11.8353
      vertex -28.5392 -3 12.4
      vertex -30.5385 -3 12.4126
    endloop
  endfacet
  facet normal 0 -1 -0
    outer loop
      vertex -28.5392 -3 12.4
      vertex -30.6533 -3 11.8353
      vertex -28.452 -3 12.2695
    endloop
  endfacet
  facet normal 0 -1 -0
    outer loop
      vertex -28.452 -3 12.2695
      vertex -30.6533 -3 11.8353
      vertex -28.3485 -3 12.1515
    endloop
  endfacet
  facet normal 0 -1 0
    outer loop
      vertex -30.8425 -3 11.2779
      vertex -28.3485 -3 12.1515
      vertex -30.6533 -3 11.8353
    endloop
  endfacet
  facet normal 0 -1 -0
    outer loop
      vertex -28.3485 -3 12.1515
      vertex -30.8425 -3 11.2779
      vertex -28.2305 -3 12.048
    endloop
  endfacet
  facet normal 0 -1 -0
    outer loop
      vertex -28.2305 -3 12.048
      vertex -30.8425 -3 11.2779
      vertex -28.1 -3 11.9608
    endloop
  endfacet
  facet normal 0 -1 0
    outer loop
      vertex -31.1029 -3 10.75
      vertex -28.1 -3 11.9608
      vertex -30.8425 -3 11.2779
    endloop
  endfacet
  facet normal 0 -1 -0
    outer loop
      vertex -28.1 -3 11.9608
      vertex -31.1029 -3 10.75
      vertex -27.9592 -3 11.8913
    endloop
  endfacet
  facet normal 0 -1 -0
    outer loop
      vertex -27.9592 -3 11.8913
      vertex -31.1029 -3 10.75
      vertex -27.8106 -3 11.8409
    endloop
  endfacet
  facet normal 0 -1 0
    outer loop
      vertex -31.4299 -3 10.2606
      vertex -27.8106 -3 11.8409
      vertex -31.1029 -3 10.75
    endloop
  endfacet
  facet normal 0 -1 0
    outer loop
      vertex -49.5 -3 26
      vertex -35 -3 21.7
      vertex -20.5 -3 26
    endloop
  endfacet
  facet normal 0 -1 0
    outer loop
      vertex -49.5 -3 26
      vertex -35.1566 -3 21.6897
      vertex -35 -3 21.7
    endloop
  endfacet
  facet normal 0 -1 0
    outer loop
      vertex -49.5 -3 26
      vertex -35.3106 -3 21.6591
      vertex -35.1566 -3 21.6897
    endloop
  endfacet
  facet normal 0 -1 0
    outer loop
      vertex -49.5 -3 26
      vertex -35.4592 -3 21.6087
      vertex -35.3106 -3 21.6591
    endloop
  endfacet
  facet normal 0 -1 0
    outer loop
      vertex -49.5 -3 26
      vertex -35.6 -3 21.5392
      vertex -35.4592 -3 21.6087
    endloop
  endfacet
  facet normal 0 -1 0
    outer loop
      vertex -49.5 -3 26
      vertex -35.7305 -3 21.452
      vertex -35.6 -3 21.5392
    endloop
  endfacet
  facet normal 0 -1 0
    outer loop
      vertex -49.5 -3 26
      vertex -35.8485 -3 21.3485
      vertex -35.7305 -3 21.452
    endloop
  endfacet
  facet normal 0 -1 0
    outer loop
      vertex -49.5 -3 26
      vertex -35.952 -3 21.2305
      vertex -35.8485 -3 21.3485
    endloop
  endfacet
  facet normal 0 -1 0
    outer loop
      vertex -49.5 -3 26
      vertex -36.0392 -3 21.1
      vertex -35.952 -3 21.2305
    endloop
  endfacet
  facet normal 0 -1 0
    outer loop
      vertex -49.5 -3 26
      vertex -36.1087 -3 20.9592
      vertex -36.0392 -3 21.1
    endloop
  endfacet
  facet normal 0 -1 0
    outer loop
      vertex -49.5 -3 26
      vertex -36.1591 -3 20.8106
      vertex -36.1087 -3 20.9592
    endloop
  endfacet
  facet normal 0 -1 0
    outer loop
      vertex -49.5 -3 26
      vertex -36.1897 -3 20.6566
      vertex -36.1591 -3 20.8106
    endloop
  endfacet
  facet normal 0 -1 0
    outer loop
      vertex -42.6566 -3 14.1897
      vertex -36.1897 -3 20.6566
      vertex -49.5 -3 26
    endloop
  endfacet
  facet normal 0 -1 0
    outer loop
      vertex -36.1897 -3 20.6566
      vertex -42.6566 -3 14.1897
      vertex -36.2 -3 20.5
    endloop
  endfacet
  facet normal -0 -1 0
    outer loop
      vertex -38.182 -3 16.182
      vertex -36.2 -3 20.5
      vertex -42.6566 -3 14.1897
    endloop
  endfacet
  facet normal -0 -1 0
    outer loop
      vertex -37.7394 -3 16.5701
      vertex -36.2 -3 20.5
      vertex -38.182 -3 16.182
    endloop
  endfacet
  facet normal 0 -1 -0
    outer loop
      vertex -36.2 -3 20.5
      vertex -37.7394 -3 16.5701
      vertex -36.1897 -3 20.3434
    endloop
  endfacet
  facet normal -0 -1 0
    outer loop
      vertex -37.25 -3 16.8971
      vertex -36.1591 -3 20.1894
      vertex -37.7394 -3 16.5701
    endloop
  endfacet
  facet normal 0 -1 -0
    outer loop
      vertex -36.1591 -3 20.1894
      vertex -37.25 -3 16.8971
      vertex -36.1087 -3 20.0408
    endloop
  endfacet
  facet normal 0 -1 -0
    outer loop
      vertex -36.1087 -3 20.0408
      vertex -37.25 -3 16.8971
      vertex -36.0392 -3 19.9
    endloop
  endfacet
  facet normal 0 -1 -0
    outer loop
      vertex -36.0392 -3 19.9
      vertex -36.7221 -3 17.1575
      vertex -35.952 -3 19.7695
    endloop
  endfacet
  facet normal 0 -1 -0
    outer loop
      vertex -35.952 -3 19.7695
      vertex -36.7221 -3 17.1575
      vertex -35.8485 -3 19.6515
    endloop
  endfacet
  facet normal 0 -1 0
    outer loop
      vertex -35.1566 -3 19.3103
      vertex -35 -3 17.5
      vertex -35 -3 19.3
    endloop
  endfacet
  facet normal 0 -1 0
    outer loop
      vertex -35.5874 -3 17.4615
      vertex -35.1566 -3 19.3103
      vertex -35.3106 -3 19.3409
    endloop
  endfacet
  facet normal 0 -1 0
    outer loop
      vertex -35.5874 -3 17.4615
      vertex -35.3106 -3 19.3409
      vertex -35.4592 -3 19.3913
    endloop
  endfacet
  facet normal -0 -1 0
    outer loop
      vertex -36.1647 -3 17.3467
      vertex -35.8485 -3 19.6515
      vertex -36.7221 -3 17.1575
    endloop
  endfacet
  facet normal 0 -1 -0
    outer loop
      vertex -35.1566 -3 19.3103
      vertex -35.5874 -3 17.4615
      vertex -35 -3 17.5
    endloop
  endfacet
  facet normal 0 -1 0
    outer loop
      vertex -35.6 -3 19.4608
      vertex -35.5874 -3 17.4615
      vertex -35.4592 -3 19.3913
    endloop
  endfacet
  facet normal -0 -1 0
    outer loop
      vertex -35.5874 -3 17.4615
      vertex -35.6 -3 19.4608
      vertex -36.1647 -3 17.3467
    endloop
  endfacet
  facet normal 0 -1 -0
    outer loop
      vertex -35.7305 -3 19.548
      vertex -36.1647 -3 17.3467
      vertex -35.6 -3 19.4608
    endloop
  endfacet
  facet normal 0 -1 -0
    outer loop
      vertex -35.8485 -3 19.6515
      vertex -36.1647 -3 17.3467
      vertex -35.7305 -3 19.548
    endloop
  endfacet
  facet normal -0 -1 0
    outer loop
      vertex -36.7221 -3 17.1575
      vertex -36.0392 -3 19.9
      vertex -37.25 -3 16.8971
    endloop
  endfacet
  facet normal 0 -1 -0
    outer loop
      vertex -36.1897 -3 20.3434
      vertex -37.7394 -3 16.5701
      vertex -36.1591 -3 20.1894
    endloop
  endfacet
  facet normal -0 -1 0
    outer loop
      vertex -42.5 -3 14.2
      vertex -38.182 -3 16.182
      vertex -42.6566 -3 14.1897
    endloop
  endfacet
  facet normal 0 -1 0
    outer loop
      vertex -42.3434 -3 14.1897
      vertex -38.5701 -3 15.7394
      vertex -42.5 -3 14.2
    endloop
  endfacet
  facet normal 0 -1 0
    outer loop
      vertex -42.1894 -3 14.1591
      vertex -38.5701 -3 15.7394
      vertex -42.3434 -3 14.1897
    endloop
  endfacet
  facet normal 0 -1 0
    outer loop
      vertex -38.182 -3 16.182
      vertex -42.5 -3 14.2
      vertex -38.5701 -3 15.7394
    endloop
  endfacet
  facet normal 0 -1 0
    outer loop
      vertex -49.5 -3 26
      vertex -42.8106 -3 14.1591
      vertex -42.6566 -3 14.1897
    endloop
  endfacet
  facet normal 0 -1 0
    outer loop
      vertex -49.5 -3 26
      vertex -42.9592 -3 14.1087
      vertex -42.8106 -3 14.1591
    endloop
  endfacet
  facet normal 0 -1 0
    outer loop
      vertex -49.5 -3 26
      vertex -43.1 -3 14.0392
      vertex -42.9592 -3 14.1087
    endloop
  endfacet
  facet normal 0 -1 0
    outer loop
      vertex -49.5 -3 26
      vertex -43.2305 -3 13.952
      vertex -43.1 -3 14.0392
    endloop
  endfacet
  facet normal 0 -1 0
    outer loop
      vertex -49.5 -3 26
      vertex -43.3485 -3 13.8485
      vertex -43.2305 -3 13.952
    endloop
  endfacet
  facet normal 0 -1 0
    outer loop
      vertex -49.5 -3 26
      vertex -43.452 -3 13.7305
      vertex -43.3485 -3 13.8485
    endloop
  endfacet
  facet normal 0 -1 0
    outer loop
      vertex -49.5 -3 26
      vertex -43.5392 -3 13.6
      vertex -43.452 -3 13.7305
    endloop
  endfacet
  facet normal 0 -1 0
    outer loop
      vertex -49.5 -3 26
      vertex -43.6087 -3 13.4592
      vertex -43.5392 -3 13.6
    endloop
  endfacet
  facet normal 0 -1 0
    outer loop
      vertex -49.5 -3 26
      vertex -43.6591 -3 13.3106
      vertex -43.6087 -3 13.4592
    endloop
  endfacet
  facet normal 0 -1 0
    outer loop
      vertex -49.5 -3 26
      vertex -43.6897 -3 13.1566
      vertex -43.6591 -3 13.3106
    endloop
  endfacet
  facet normal 0 -1 0
    outer loop
      vertex -49.5 -3 26
      vertex -43.7 -3 13
      vertex -43.6897 -3 13.1566
    endloop
  endfacet
  facet normal 0 -1 0
    outer loop
      vertex -49.5 -3 0
      vertex -43.7 -3 13
      vertex -49.5 -3 26
    endloop
  endfacet
  facet normal 0 -1 -0
    outer loop
      vertex -43.7 -3 13
      vertex -49.5 -3 0
      vertex -43.6897 -3 12.8434
    endloop
  endfacet
  facet normal 0 -1 -0
    outer loop
      vertex -43.6897 -3 12.8434
      vertex -49.5 -3 0
      vertex -43.6591 -3 12.6894
    endloop
  endfacet
  facet normal 0 -1 0
    outer loop
      vertex -38.182 -3 9.81802
      vertex -42.5 -3 11.8
      vertex -42.6566 -3 11.8103
    endloop
  endfacet
  facet normal 0 -1 0
    outer loop
      vertex -42.5 -3 11.8
      vertex -38.8971 -3 10.75
      vertex -39.1575 -3 11.2779
    endloop
  endfacet
  facet normal 0 -1 0
    outer loop
      vertex -49.5 -3 0
      vertex -42.6566 -3 11.8103
      vertex -42.8106 -3 11.8409
    endloop
  endfacet
  facet normal 0 -1 0
    outer loop
      vertex -42.5 -3 11.8
      vertex -38.5701 -3 10.2606
      vertex -38.8971 -3 10.75
    endloop
  endfacet
  facet normal 0 -1 0
    outer loop
      vertex -49.5 -3 0
      vertex -42.8106 -3 11.8409
      vertex -42.9592 -3 11.8913
    endloop
  endfacet
  facet normal 0 -1 0
    outer loop
      vertex -42.5 -3 11.8
      vertex -38.182 -3 9.81802
      vertex -38.5701 -3 10.2606
    endloop
  endfacet
  facet normal 0 -1 0
    outer loop
      vertex -42.6566 -3 11.8103
      vertex -36.2 -3 5.5
      vertex -38.182 -3 9.81802
    endloop
  endfacet
  facet normal 0 -1 0
    outer loop
      vertex -38.182 -3 9.81802
      vertex -36.2 -3 5.5
      vertex -37.7394 -3 9.42991
    endloop
  endfacet
  facet normal -0 -1 0
    outer loop
      vertex -36.1897 -3 5.65663
      vertex -37.7394 -3 9.42991
      vertex -36.2 -3 5.5
    endloop
  endfacet
  facet normal 0 -1 0
    outer loop
      vertex -35.1566 -3 6.68973
      vertex -35 -3 8.5
      vertex -35.5874 -3 8.5385
    endloop
  endfacet
  facet normal 0 -1 0
    outer loop
      vertex -35.6 -3 6.53923
      vertex -35.5874 -3 8.5385
      vertex -36.1647 -3 8.65333
    endloop
  endfacet
  facet normal 0 -1 0
    outer loop
      vertex -35.8485 -3 6.34853
      vertex -36.1647 -3 8.65333
      vertex -36.7221 -3 8.84254
    endloop
  endfacet
  facet normal 0 -1 0
    outer loop
      vertex -37.7394 -3 9.42991
      vertex -36.1591 -3 5.81058
      vertex -37.25 -3 9.10289
    endloop
  endfacet
  facet normal 0 -1 0
    outer loop
      vertex -49.5 -3 0
      vertex -42.9592 -3 11.8913
      vertex -43.1 -3 11.9608
    endloop
  endfacet
  facet normal 0 -1 -0
    outer loop
      vertex -35 -3 8.5
      vertex -35.1566 -3 6.68973
      vertex -35 -3 6.7
    endloop
  endfacet
  facet normal 0 -1 0
    outer loop
      vertex -35.5874 -3 8.5385
      vertex -35.3106 -3 6.65911
      vertex -35.1566 -3 6.68973
    endloop
  endfacet
  facet normal 0 -1 0
    outer loop
      vertex -49.5 -3 0
      vertex -43.1 -3 11.9608
      vertex -43.2305 -3 12.048
    endloop
  endfacet
  facet normal 0 -1 0
    outer loop
      vertex -35.5874 -3 8.5385
      vertex -35.4592 -3 6.60866
      vertex -35.3106 -3 6.65911
    endloop
  endfacet
  facet normal 0 -1 -0
    outer loop
      vertex -35.5874 -3 8.5385
      vertex -35.6 -3 6.53923
      vertex -35.4592 -3 6.60866
    endloop
  endfacet
  facet normal 0 -1 0
    outer loop
      vertex -36.1647 -3 8.65333
      vertex -35.7305 -3 6.45202
      vertex -35.6 -3 6.53923
    endloop
  endfacet
  facet normal 0 -1 0
    outer loop
      vertex -36.1647 -3 8.65333
      vertex -35.8485 -3 6.34853
      vertex -35.7305 -3 6.45202
    endloop
  endfacet
  facet normal 0 -1 0
    outer loop
      vertex -36.7221 -3 8.84254
      vertex -35.952 -3 6.23051
      vertex -35.8485 -3 6.34853
    endloop
  endfacet
  facet normal 0 -1 0
    outer loop
      vertex -36.7221 -3 8.84254
      vertex -36.0392 -3 6.1
      vertex -35.952 -3 6.23051
    endloop
  endfacet
  facet normal 0 -1 0
    outer loop
      vertex -37.25 -3 9.10289
      vertex -36.0392 -3 6.1
      vertex -36.7221 -3 8.84254
    endloop
  endfacet
  facet normal -0 -1 0
    outer loop
      vertex -36.0392 -3 6.1
      vertex -37.25 -3 9.10289
      vertex -36.1087 -3 5.95922
    endloop
  endfacet
  facet normal 0 -1 0
    outer loop
      vertex -49.5 -3 0
      vertex -43.2305 -3 12.048
      vertex -43.3485 -3 12.1515
    endloop
  endfacet
  facet normal -0 -1 0
    outer loop
      vertex -36.1087 -3 5.95922
      vertex -37.25 -3 9.10289
      vertex -36.1591 -3 5.81058
    endloop
  endfacet
  facet normal -0 -1 0
    outer loop
      vertex -36.1591 -3 5.81058
      vertex -37.7394 -3 9.42991
      vertex -36.1897 -3 5.65663
    endloop
  endfacet
  facet normal 0 -1 0
    outer loop
      vertex -42.6566 -3 11.8103
      vertex -36.1897 -3 5.34337
      vertex -36.2 -3 5.5
    endloop
  endfacet
  facet normal 0 -1 -0
    outer loop
      vertex -42.6566 -3 11.8103
      vertex -49.5 -3 0
      vertex -36.1897 -3 5.34337
    endloop
  endfacet
  facet normal 0 -1 -0
    outer loop
      vertex -36.1897 -3 5.34337
      vertex -49.5 -3 0
      vertex -36.1591 -3 5.18942
    endloop
  endfacet
  facet normal 0 -1 -0
    outer loop
      vertex -36.1591 -3 5.18942
      vertex -49.5 -3 0
      vertex -36.1087 -3 5.04078
    endloop
  endfacet
  facet normal 0 -1 -0
    outer loop
      vertex -36.1087 -3 5.04078
      vertex -49.5 -3 0
      vertex -36.0392 -3 4.9
    endloop
  endfacet
  facet normal 0 -1 -0
    outer loop
      vertex -36.0392 -3 4.9
      vertex -49.5 -3 0
      vertex -35.952 -3 4.76949
    endloop
  endfacet
  facet normal 0 -1 -0
    outer loop
      vertex -35.1566 -3 4.31027
      vertex -49.5 -3 0
      vertex -35 -3 4.3
    endloop
  endfacet
  facet normal 0 -1 -0
    outer loop
      vertex -35.3106 -3 4.34089
      vertex -49.5 -3 0
      vertex -35.1566 -3 4.31027
    endloop
  endfacet
  facet normal 0 -1 -0
    outer loop
      vertex -35.4592 -3 4.39135
      vertex -49.5 -3 0
      vertex -35.3106 -3 4.34089
    endloop
  endfacet
  facet normal 0 -1 -0
    outer loop
      vertex -35.6 -3 4.46077
      vertex -49.5 -3 0
      vertex -35.4592 -3 4.39135
    endloop
  endfacet
  facet normal 0 -1 -0
    outer loop
      vertex -35.7305 -3 4.54798
      vertex -49.5 -3 0
      vertex -35.6 -3 4.46077
    endloop
  endfacet
  facet normal 0 -1 -0
    outer loop
      vertex -35.8485 -3 4.65147
      vertex -49.5 -3 0
      vertex -35.7305 -3 4.54798
    endloop
  endfacet
  facet normal 0 -1 -0
    outer loop
      vertex -35.952 -3 4.76949
      vertex -49.5 -3 0
      vertex -35.8485 -3 4.65147
    endloop
  endfacet
  facet normal 0 -1 -0
    outer loop
      vertex -43.452 -3 12.2695
      vertex -49.5 -3 0
      vertex -43.3485 -3 12.1515
    endloop
  endfacet
  facet normal 0 -1 -0
    outer loop
      vertex -43.5392 -3 12.4
      vertex -49.5 -3 0
      vertex -43.452 -3 12.2695
    endloop
  endfacet
  facet normal 0 -1 -0
    outer loop
      vertex -43.6087 -3 12.5408
      vertex -49.5 -3 0
      vertex -43.5392 -3 12.4
    endloop
  endfacet
  facet normal 0 -1 -0
    outer loop
      vertex -43.6591 -3 12.6894
      vertex -49.5 -3 0
      vertex -43.6087 -3 12.5408
    endloop
  endfacet
  facet normal 0 -1 0
    outer loop
      vertex -34.8434 -3 21.6897
      vertex -20.5 -3 26
      vertex -35 -3 21.7
    endloop
  endfacet
  facet normal 0 -1 0
    outer loop
      vertex -34.6894 -3 21.6591
      vertex -20.5 -3 26
      vertex -34.8434 -3 21.6897
    endloop
  endfacet
  facet normal 0 -1 0
    outer loop
      vertex -34.5408 -3 21.6087
      vertex -20.5 -3 26
      vertex -34.6894 -3 21.6591
    endloop
  endfacet
  facet normal 0 -1 0
    outer loop
      vertex -34.4 -3 21.5392
      vertex -20.5 -3 26
      vertex -34.5408 -3 21.6087
    endloop
  endfacet
  facet normal 0 -1 0
    outer loop
      vertex -34.2695 -3 21.452
      vertex -20.5 -3 26
      vertex -34.4 -3 21.5392
    endloop
  endfacet
  facet normal 0 -1 0
    outer loop
      vertex -34.1515 -3 21.3485
      vertex -20.5 -3 26
      vertex -34.2695 -3 21.452
    endloop
  endfacet
  facet normal 0 -1 0
    outer loop
      vertex -34.048 -3 21.2305
      vertex -20.5 -3 26
      vertex -34.1515 -3 21.3485
    endloop
  endfacet
  facet normal 0 -1 0
    outer loop
      vertex -33.9608 -3 21.1
      vertex -20.5 -3 26
      vertex -34.048 -3 21.2305
    endloop
  endfacet
  facet normal 0 -1 0
    outer loop
      vertex -33.8913 -3 20.9592
      vertex -20.5 -3 26
      vertex -33.9608 -3 21.1
    endloop
  endfacet
  facet normal 0 -1 0
    outer loop
      vertex -33.8409 -3 20.8106
      vertex -20.5 -3 26
      vertex -33.8913 -3 20.9592
    endloop
  endfacet
  facet normal 0 -1 0
    outer loop
      vertex -33.8103 -3 20.6566
      vertex -20.5 -3 26
      vertex -33.8409 -3 20.8106
    endloop
  endfacet
  facet normal 0 -1 0
    outer loop
      vertex -27.3434 -3 14.1897
      vertex -33.8103 -3 20.6566
      vertex -33.8 -3 20.5
    endloop
  endfacet
  facet normal 0 -1 0
    outer loop
      vertex -32.2606 -3 16.5701
      vertex -33.8 -3 20.5
      vertex -33.8103 -3 20.3434
    endloop
  endfacet
  facet normal 0 -1 0
    outer loop
      vertex -32.2606 -3 16.5701
      vertex -33.8103 -3 20.3434
      vertex -33.8409 -3 20.1894
    endloop
  endfacet
  facet normal 0 -1 0
    outer loop
      vertex -32.75 -3 16.8971
      vertex -33.8409 -3 20.1894
      vertex -33.8913 -3 20.0408
    endloop
  endfacet
  facet normal 0 -1 0
    outer loop
      vertex -32.75 -3 16.8971
      vertex -33.8913 -3 20.0408
      vertex -33.9608 -3 19.9
    endloop
  endfacet
  facet normal 0 -1 0
    outer loop
      vertex -33.2779 -3 17.1575
      vertex -33.9608 -3 19.9
      vertex -34.048 -3 19.7695
    endloop
  endfacet
  facet normal 0 -1 0
    outer loop
      vertex -33.2779 -3 17.1575
      vertex -34.048 -3 19.7695
      vertex -34.1515 -3 19.6515
    endloop
  endfacet
  facet normal 0 -1 0
    outer loop
      vertex -33.8353 -3 17.3467
      vertex -34.1515 -3 19.6515
      vertex -34.2695 -3 19.548
    endloop
  endfacet
  facet normal 0 -1 0
    outer loop
      vertex -33.8353 -3 17.3467
      vertex -34.2695 -3 19.548
      vertex -34.4 -3 19.4608
    endloop
  endfacet
  facet normal 0 -1 0
    outer loop
      vertex -34.4126 -3 17.4615
      vertex -34.4 -3 19.4608
      vertex -34.5408 -3 19.3913
    endloop
  endfacet
  facet normal 0 -1 0
    outer loop
      vertex -35 -3 17.5
      vertex -34.8434 -3 19.3103
      vertex -35 -3 19.3
    endloop
  endfacet
  facet normal 0 -1 0
    outer loop
      vertex -34.4126 -3 17.4615
      vertex -34.8434 -3 19.3103
      vertex -35 -3 17.5
    endloop
  endfacet
  facet normal 0 -1 0
    outer loop
      vertex -34.8434 -3 19.3103
      vertex -34.4126 -3 17.4615
      vertex -34.6894 -3 19.3409
    endloop
  endfacet
  facet normal 0 -1 0
    outer loop
      vertex -34.6894 -3 19.3409
      vertex -34.4126 -3 17.4615
      vertex -34.5408 -3 19.3913
    endloop
  endfacet
  facet normal 0 -1 -0
    outer loop
      vertex -34.4 -3 19.4608
      vertex -34.4126 -3 17.4615
      vertex -33.8353 -3 17.3467
    endloop
  endfacet
  facet normal 0 -1 0
    outer loop
      vertex -34.1515 -3 19.6515
      vertex -33.8353 -3 17.3467
      vertex -33.2779 -3 17.1575
    endloop
  endfacet
  facet normal 0 -1 0
    outer loop
      vertex -33.9608 -3 19.9
      vertex -33.2779 -3 17.1575
      vertex -32.75 -3 16.8971
    endloop
  endfacet
  facet normal 0 -1 0
    outer loop
      vertex -33.8409 -3 20.1894
      vertex -32.75 -3 16.8971
      vertex -32.2606 -3 16.5701
    endloop
  endfacet
  facet normal 0 -1 0
    outer loop
      vertex -33.8 -3 20.5
      vertex -32.2606 -3 16.5701
      vertex -31.818 -3 16.182
    endloop
  endfacet
  facet normal 0 -1 0
    outer loop
      vertex -33.8 -3 20.5
      vertex -31.818 -3 16.182
      vertex -27.3434 -3 14.1897
    endloop
  endfacet
  facet normal 0 -1 0
    outer loop
      vertex -27.5 -3 14.2
      vertex -31.818 -3 16.182
      vertex -31.4299 -3 15.7394
    endloop
  endfacet
  facet normal 0 -1 0
    outer loop
      vertex -27.6566 -3 14.1897
      vertex -31.4299 -3 15.7394
      vertex -31.1029 -3 15.25
    endloop
  endfacet
  facet normal 0 -1 0
    outer loop
      vertex -28.1 -3 14.0392
      vertex -31.1029 -3 15.25
      vertex -30.8425 -3 14.7221
    endloop
  endfacet
  facet normal 0 -1 0
    outer loop
      vertex -31.818 -3 16.182
      vertex -27.5 -3 14.2
      vertex -27.3434 -3 14.1897
    endloop
  endfacet
  facet normal 0 -1 0
    outer loop
      vertex -33.8103 -3 20.6566
      vertex -27.3434 -3 14.1897
      vertex -20.5 -3 26
    endloop
  endfacet
  facet normal 0 -1 0
    outer loop
      vertex -27.1894 -3 14.1591
      vertex -20.5 -3 26
      vertex -27.3434 -3 14.1897
    endloop
  endfacet
  facet normal 0 -1 0
    outer loop
      vertex -27.0408 -3 14.1087
      vertex -20.5 -3 26
      vertex -27.1894 -3 14.1591
    endloop
  endfacet
  facet normal 0 -1 0
    outer loop
      vertex -26.9 -3 14.0392
      vertex -20.5 -3 26
      vertex -27.0408 -3 14.1087
    endloop
  endfacet
  facet normal 0 -1 0
    outer loop
      vertex -26.7695 -3 13.952
      vertex -20.5 -3 26
      vertex -26.9 -3 14.0392
    endloop
  endfacet
  facet normal 0 -1 0
    outer loop
      vertex -26.6515 -3 13.8485
      vertex -20.5 -3 26
      vertex -26.7695 -3 13.952
    endloop
  endfacet
  facet normal 0 -1 0
    outer loop
      vertex -26.548 -3 13.7305
      vertex -20.5 -3 26
      vertex -26.6515 -3 13.8485
    endloop
  endfacet
  facet normal 0 -1 0
    outer loop
      vertex -26.4608 -3 13.6
      vertex -20.5 -3 26
      vertex -26.548 -3 13.7305
    endloop
  endfacet
  facet normal 0 -1 0
    outer loop
      vertex -26.3913 -3 13.4592
      vertex -20.5 -3 26
      vertex -26.4608 -3 13.6
    endloop
  endfacet
  facet normal 0 -1 0
    outer loop
      vertex -26.3409 -3 13.3106
      vertex -20.5 -3 26
      vertex -26.3913 -3 13.4592
    endloop
  endfacet
  facet normal 0 -1 0
    outer loop
      vertex -26.3103 -3 13.1566
      vertex -20.5 -3 26
      vertex -26.3409 -3 13.3106
    endloop
  endfacet
  facet normal 0 -1 0
    outer loop
      vertex -26.3 -3 13
      vertex -20.5 -3 26
      vertex -26.3103 -3 13.1566
    endloop
  endfacet
  facet normal 0 -1 0
    outer loop
      vertex -20.5 -3 0
      vertex -26.3 -3 13
      vertex -26.3103 -3 12.8434
    endloop
  endfacet
  facet normal 0 -1 0
    outer loop
      vertex -20.5 -3 0
      vertex -26.3103 -3 12.8434
      vertex -26.3409 -3 12.6894
    endloop
  endfacet
  facet normal 0 -1 0
    outer loop
      vertex -20.5 -3 0
      vertex -26.3409 -3 12.6894
      vertex -26.3913 -3 12.5408
    endloop
  endfacet
  facet normal 0 -1 -0
    outer loop
      vertex -27.8106 -3 11.8409
      vertex -31.4299 -3 10.2606
      vertex -27.6566 -3 11.8103
    endloop
  endfacet
  facet normal 0 -1 -0
    outer loop
      vertex -27.6566 -3 11.8103
      vertex -31.4299 -3 10.2606
      vertex -27.5 -3 11.8
    endloop
  endfacet
  facet normal 0 -1 0
    outer loop
      vertex -31.818 -3 9.81802
      vertex -27.5 -3 11.8
      vertex -31.4299 -3 10.2606
    endloop
  endfacet
  facet normal 0 -1 -0
    outer loop
      vertex -27.5 -3 11.8
      vertex -31.818 -3 9.81802
      vertex -27.3434 -3 11.8103
    endloop
  endfacet
  facet normal 0 -1 0
    outer loop
      vertex -33.8 -3 5.5
      vertex -27.3434 -3 11.8103
      vertex -31.818 -3 9.81802
    endloop
  endfacet
  facet normal 0 -1 0
    outer loop
      vertex -33.8103 -3 5.34337
      vertex -27.3434 -3 11.8103
      vertex -33.8 -3 5.5
    endloop
  endfacet
  facet normal 0 -1 0
    outer loop
      vertex -33.8 -3 5.5
      vertex -31.818 -3 9.81802
      vertex -32.2606 -3 9.42991
    endloop
  endfacet
  facet normal 0 -1 0
    outer loop
      vertex -33.8409 -3 5.81058
      vertex -32.2606 -3 9.42991
      vertex -32.75 -3 9.10289
    endloop
  endfacet
  facet normal 0 -1 0
    outer loop
      vertex -33.9608 -3 6.1
      vertex -32.75 -3 9.10289
      vertex -33.2779 -3 8.84254
    endloop
  endfacet
  facet normal 0 -1 0
    outer loop
      vertex -34.8434 -3 6.68973
      vertex -35 -3 8.5
      vertex -35 -3 6.7
    endloop
  endfacet
  facet normal 0 -1 0
    outer loop
      vertex -35 -3 8.5
      vertex -34.8434 -3 6.68973
      vertex -34.4126 -3 8.5385
    endloop
  endfacet
  facet normal 0 -1 0
    outer loop
      vertex -34.6894 -3 6.65911
      vertex -34.4126 -3 8.5385
      vertex -34.8434 -3 6.68973
    endloop
  endfacet
  facet normal 0 -1 0
    outer loop
      vertex -34.5408 -3 6.60866
      vertex -34.4126 -3 8.5385
      vertex -34.6894 -3 6.65911
    endloop
  endfacet
  facet normal 0 -1 0
    outer loop
      vertex -34.4 -3 6.53923
      vertex -34.4126 -3 8.5385
      vertex -34.5408 -3 6.60866
    endloop
  endfacet
  facet normal 0 -1 0
    outer loop
      vertex -34.4126 -3 8.5385
      vertex -34.4 -3 6.53923
      vertex -33.8353 -3 8.65333
    endloop
  endfacet
  facet normal 0 -1 0
    outer loop
      vertex -34.2695 -3 6.45202
      vertex -33.8353 -3 8.65333
      vertex -34.4 -3 6.53923
    endloop
  endfacet
  facet normal 0 -1 0
    outer loop
      vertex -34.1515 -3 6.34853
      vertex -33.8353 -3 8.65333
      vertex -34.2695 -3 6.45202
    endloop
  endfacet
  facet normal 0 -1 -0
    outer loop
      vertex -33.8353 -3 8.65333
      vertex -34.1515 -3 6.34853
      vertex -33.2779 -3 8.84254
    endloop
  endfacet
  facet normal 0 -1 0
    outer loop
      vertex -34.048 -3 6.23051
      vertex -33.2779 -3 8.84254
      vertex -34.1515 -3 6.34853
    endloop
  endfacet
  facet normal 0 -1 0
    outer loop
      vertex -33.9608 -3 6.1
      vertex -33.2779 -3 8.84254
      vertex -34.048 -3 6.23051
    endloop
  endfacet
  facet normal 0 -1 0
    outer loop
      vertex -32.75 -3 9.10289
      vertex -33.9608 -3 6.1
      vertex -33.8913 -3 5.95922
    endloop
  endfacet
  facet normal 0 -1 0
    outer loop
      vertex -32.75 -3 9.10289
      vertex -33.8913 -3 5.95922
      vertex -33.8409 -3 5.81058
    endloop
  endfacet
  facet normal 0 -1 0
    outer loop
      vertex -32.2606 -3 9.42991
      vertex -33.8409 -3 5.81058
      vertex -33.8103 -3 5.65663
    endloop
  endfacet
  facet normal 0 -1 0
    outer loop
      vertex -32.2606 -3 9.42991
      vertex -33.8103 -3 5.65663
      vertex -33.8 -3 5.5
    endloop
  endfacet
  facet normal 0 -1 0
    outer loop
      vertex -20.5 -3 0
      vertex -27.3434 -3 11.8103
      vertex -33.8103 -3 5.34337
    endloop
  endfacet
  facet normal 0 -1 0
    outer loop
      vertex -27.3434 -3 11.8103
      vertex -20.5 -3 0
      vertex -27.1894 -3 11.8409
    endloop
  endfacet
  facet normal 0 -1 0
    outer loop
      vertex -27.1894 -3 11.8409
      vertex -20.5 -3 0
      vertex -27.0408 -3 11.8913
    endloop
  endfacet
  facet normal 0 -1 0
    outer loop
      vertex -27.0408 -3 11.8913
      vertex -20.5 -3 0
      vertex -26.9 -3 11.9608
    endloop
  endfacet
  facet normal 0 -1 0
    outer loop
      vertex -26.9 -3 11.9608
      vertex -20.5 -3 0
      vertex -26.7695 -3 12.048
    endloop
  endfacet
  facet normal 0 -1 0
    outer loop
      vertex -20.5 -3 0
      vertex -33.8103 -3 5.34337
      vertex -33.8409 -3 5.18942
    endloop
  endfacet
  facet normal 0 -1 0
    outer loop
      vertex -20.5 -3 0
      vertex -33.8409 -3 5.18942
      vertex -33.8913 -3 5.04078
    endloop
  endfacet
  facet normal 0 -1 0
    outer loop
      vertex -20.5 -3 0
      vertex -33.8913 -3 5.04078
      vertex -33.9608 -3 4.9
    endloop
  endfacet
  facet normal 0 -1 0
    outer loop
      vertex -20.5 -3 0
      vertex -33.9608 -3 4.9
      vertex -34.048 -3 4.76949
    endloop
  endfacet
  facet normal 0 -1 0
    outer loop
      vertex -20.5 -3 0
      vertex -34.048 -3 4.76949
      vertex -34.1515 -3 4.65147
    endloop
  endfacet
  facet normal 0 -1 0
    outer loop
      vertex -20.5 -3 0
      vertex -35 -3 4.3
      vertex -49.5 -3 0
    endloop
  endfacet
  facet normal 0 -1 0
    outer loop
      vertex -35 -3 4.3
      vertex -20.5 -3 0
      vertex -34.8434 -3 4.31027
    endloop
  endfacet
  facet normal 0 -1 0
    outer loop
      vertex -26.3 -3 13
      vertex -20.5 -3 0
      vertex -20.5 -3 26
    endloop
  endfacet
  facet normal 0 -1 0
    outer loop
      vertex -26.4608 -3 12.4
      vertex -20.5 -3 0
      vertex -26.3913 -3 12.5408
    endloop
  endfacet
  facet normal 0 -1 0
    outer loop
      vertex -26.548 -3 12.2695
      vertex -20.5 -3 0
      vertex -26.4608 -3 12.4
    endloop
  endfacet
  facet normal 0 -1 0
    outer loop
      vertex -26.6515 -3 12.1515
      vertex -20.5 -3 0
      vertex -26.548 -3 12.2695
    endloop
  endfacet
  facet normal 0 -1 0
    outer loop
      vertex -26.7695 -3 12.048
      vertex -20.5 -3 0
      vertex -26.6515 -3 12.1515
    endloop
  endfacet
  facet normal 0 -1 0
    outer loop
      vertex -34.2695 -3 4.54798
      vertex -20.5 -3 0
      vertex -34.1515 -3 4.65147
    endloop
  endfacet
  facet normal 0 -1 0
    outer loop
      vertex -34.4 -3 4.46077
      vertex -20.5 -3 0
      vertex -34.2695 -3 4.54798
    endloop
  endfacet
  facet normal 0 -1 0
    outer loop
      vertex -34.5408 -3 4.39135
      vertex -20.5 -3 0
      vertex -34.4 -3 4.46077
    endloop
  endfacet
  facet normal 0 -1 0
    outer loop
      vertex -34.6894 -3 4.34089
      vertex -20.5 -3 0
      vertex -34.5408 -3 4.39135
    endloop
  endfacet
  facet normal 0 -1 0
    outer loop
      vertex -34.8434 -3 4.31027
      vertex -20.5 -3 0
      vertex -34.6894 -3 4.34089
    endloop
  endfacet
  facet normal 0 -1 0
    outer loop
      vertex -38.5701 -3 15.7394
      vertex -42.1894 -3 14.1591
      vertex -38.8971 -3 15.25
    endloop
  endfacet
  facet normal 0 -1 0
    outer loop
      vertex -42.0408 -3 14.1087
      vertex -38.8971 -3 15.25
      vertex -42.1894 -3 14.1591
    endloop
  endfacet
  facet normal 0 -1 0
    outer loop
      vertex -41.9 -3 14.0392
      vertex -38.8971 -3 15.25
      vertex -42.0408 -3 14.1087
    endloop
  endfacet
  facet normal 0 -1 0
    outer loop
      vertex -38.8971 -3 15.25
      vertex -41.9 -3 14.0392
      vertex -39.1575 -3 14.7221
    endloop
  endfacet
  facet normal 0 -1 0
    outer loop
      vertex -41.7695 -3 13.952
      vertex -39.1575 -3 14.7221
      vertex -41.9 -3 14.0392
    endloop
  endfacet
  facet normal 0 -1 0
    outer loop
      vertex -41.6515 -3 13.8485
      vertex -39.1575 -3 14.7221
      vertex -41.7695 -3 13.952
    endloop
  endfacet
  facet normal 0 -1 0
    outer loop
      vertex -39.1575 -3 14.7221
      vertex -41.6515 -3 13.8485
      vertex -39.3467 -3 14.1647
    endloop
  endfacet
  facet normal 0 -1 0
    outer loop
      vertex -41.548 -3 13.7305
      vertex -39.3467 -3 14.1647
      vertex -41.6515 -3 13.8485
    endloop
  endfacet
  facet normal 0 -1 0
    outer loop
      vertex -41.4608 -3 13.6
      vertex -39.3467 -3 14.1647
      vertex -41.548 -3 13.7305
    endloop
  endfacet
  facet normal 0 -1 0
    outer loop
      vertex -41.4608 -3 13.6
      vertex -39.4615 -3 13.5874
      vertex -39.3467 -3 14.1647
    endloop
  endfacet
  facet normal 0 -1 0
    outer loop
      vertex -41.3913 -3 13.4592
      vertex -39.4615 -3 13.5874
      vertex -41.4608 -3 13.6
    endloop
  endfacet
  facet normal 0 -1 0
    outer loop
      vertex -41.3409 -3 13.3106
      vertex -39.4615 -3 13.5874
      vertex -41.3913 -3 13.4592
    endloop
  endfacet
  facet normal 0 -1 0
    outer loop
      vertex -41.3103 -3 13.1566
      vertex -39.4615 -3 13.5874
      vertex -41.3409 -3 13.3106
    endloop
  endfacet
  facet normal 0 -1 0
    outer loop
      vertex -39.5 -3 13
      vertex -41.3103 -3 13.1566
      vertex -41.3 -3 13
    endloop
  endfacet
  facet normal 0 -1 0
    outer loop
      vertex -41.3103 -3 13.1566
      vertex -39.5 -3 13
      vertex -39.4615 -3 13.5874
    endloop
  endfacet
  facet normal 0 -1 0
    outer loop
      vertex -41.3103 -3 12.8434
      vertex -39.5 -3 13
      vertex -41.3 -3 13
    endloop
  endfacet
  facet normal 0 -1 0
    outer loop
      vertex -39.4615 -3 12.4126
      vertex -41.3103 -3 12.8434
      vertex -41.3409 -3 12.6894
    endloop
  endfacet
  facet normal 0 -1 0
    outer loop
      vertex -39.4615 -3 12.4126
      vertex -41.3409 -3 12.6894
      vertex -41.3913 -3 12.5408
    endloop
  endfacet
  facet normal 0 -1 0
    outer loop
      vertex -41.3103 -3 12.8434
      vertex -39.4615 -3 12.4126
      vertex -39.5 -3 13
    endloop
  endfacet
  facet normal 0 -1 0
    outer loop
      vertex -41.4608 -3 12.4
      vertex -39.4615 -3 12.4126
      vertex -41.3913 -3 12.5408
    endloop
  endfacet
  facet normal 0 -1 0
    outer loop
      vertex -39.3467 -3 11.8353
      vertex -41.4608 -3 12.4
      vertex -41.548 -3 12.2695
    endloop
  endfacet
  facet normal 0 -1 0
    outer loop
      vertex -39.3467 -3 11.8353
      vertex -41.548 -3 12.2695
      vertex -41.6515 -3 12.1515
    endloop
  endfacet
  facet normal 0 -1 0
    outer loop
      vertex -39.1575 -3 11.2779
      vertex -41.6515 -3 12.1515
      vertex -41.7695 -3 12.048
    endloop
  endfacet
  facet normal 0 -1 0
    outer loop
      vertex -39.1575 -3 11.2779
      vertex -41.7695 -3 12.048
      vertex -41.9 -3 11.9608
    endloop
  endfacet
  facet normal 0 -1 0
    outer loop
      vertex -39.1575 -3 11.2779
      vertex -41.9 -3 11.9608
      vertex -42.0408 -3 11.8913
    endloop
  endfacet
  facet normal 0 -1 0
    outer loop
      vertex -39.1575 -3 11.2779
      vertex -42.0408 -3 11.8913
      vertex -42.1894 -3 11.8409
    endloop
  endfacet
  facet normal 0 -1 0
    outer loop
      vertex -41.4608 -3 12.4
      vertex -39.3467 -3 11.8353
      vertex -39.4615 -3 12.4126
    endloop
  endfacet
  facet normal 0 -1 0
    outer loop
      vertex -39.1575 -3 11.2779
      vertex -42.1894 -3 11.8409
      vertex -42.3434 -3 11.8103
    endloop
  endfacet
  facet normal 0 -1 0
    outer loop
      vertex -39.1575 -3 11.2779
      vertex -42.3434 -3 11.8103
      vertex -42.5 -3 11.8
    endloop
  endfacet
  facet normal 0 -1 0
    outer loop
      vertex -41.6515 -3 12.1515
      vertex -39.1575 -3 11.2779
      vertex -39.3467 -3 11.8353
    endloop
  endfacet
  facet normal -0.980808 0 0.194975
    outer loop
      vertex 39.1052 -0.0999994 11.9
      vertex 39.2136 2 12.4453
      vertex 39.1052 2 11.9
    endloop
  endfacet
  facet normal -0.980808 0 0.194975
    outer loop
      vertex 39.2136 2 12.4453
      vertex 39.1052 -0.0999994 11.9
      vertex 39.2136 -0.0999994 12.4453
    endloop
  endfacet
  facet normal -0.997854 0 0.0654802
    outer loop
      vertex 39.2136 -0.0999994 12.4453
      vertex 39.25 2 13
      vertex 39.2136 2 12.4453
    endloop
  endfacet
  facet normal -0.997854 0 0.0654802
    outer loop
      vertex 39.25 2 13
      vertex 39.2136 -0.0999994 12.4453
      vertex 39.25 -0.0999994 13
    endloop
  endfacet
  facet normal -0.980808 0 -0.194975
    outer loop
      vertex 39.2136 -0.0999994 13.5547
      vertex 39.1052 2 14.1
      vertex 39.2136 2 13.5547
    endloop
  endfacet
  facet normal -0.980808 -0 -0.194975
    outer loop
      vertex 39.1052 2 14.1
      vertex 39.2136 -0.0999994 13.5547
      vertex 39.1052 -0.0999994 14.1
    endloop
  endfacet
  facet normal -0.831413 0 0.555655
    outer loop
      vertex 38.3717 -0.0999994 10.4128
      vertex 38.6806 2 10.875
      vertex 38.3717 2 10.4128
    endloop
  endfacet
  facet normal -0.831413 0 0.555655
    outer loop
      vertex 38.6806 2 10.875
      vertex 38.3717 -0.0999994 10.4128
      vertex 38.6806 -0.0999994 10.875
    endloop
  endfacet
  facet normal -0.555605 0 0.831446
    outer loop
      vertex 37.125 2 9.31939
      vertex 37.5872 -0.0999994 9.62825
      vertex 37.5872 2 9.62825
    endloop
  endfacet
  facet normal -0.555605 0 0.831446
    outer loop
      vertex 37.5872 -0.0999994 9.62825
      vertex 37.125 2 9.31939
      vertex 37.125 -0.0999994 9.31939
    endloop
  endfacet
  facet normal -0.89686 0 -0.442314
    outer loop
      vertex 38.9265 -0.0999994 14.6264
      vertex 38.6806 2 15.125
      vertex 38.9265 2 14.6264
    endloop
  endfacet
  facet normal -0.89686 -0 -0.442314
    outer loop
      vertex 38.6806 2 15.125
      vertex 38.9265 -0.0999994 14.6264
      vertex 38.6806 -0.0999994 15.125
    endloop
  endfacet
  facet normal -0.997854 0 -0.0654802
    outer loop
      vertex 39.25 -0.0999994 13
      vertex 39.2136 2 13.5547
      vertex 39.25 2 13
    endloop
  endfacet
  facet normal -0.997854 -0 -0.0654802
    outer loop
      vertex 39.2136 2 13.5547
      vertex 39.25 -0.0999994 13
      vertex 39.2136 -0.0999994 13.5547
    endloop
  endfacet
  facet normal -0.321442 0 0.946929
    outer loop
      vertex 36.1 2 8.89482
      vertex 36.6264 -0.0999994 9.07351
      vertex 36.6264 2 9.07351
    endloop
  endfacet
  facet normal -0.321442 0 0.946929
    outer loop
      vertex 36.6264 -0.0999994 9.07351
      vertex 36.1 2 8.89482
      vertex 36.1 -0.0999994 8.89482
    endloop
  endfacet
  facet normal 0.89686 -0 0.442314
    outer loop
      vertex 31.0735 -0.0999994 11.3736
      vertex 31.3194 2 10.875
      vertex 31.0735 2 11.3736
    endloop
  endfacet
  facet normal 0.89686 0 0.442314
    outer loop
      vertex 31.3194 2 10.875
      vertex 31.0735 -0.0999994 11.3736
      vertex 31.3194 -0.0999994 10.875
    endloop
  endfacet
  facet normal 0.659319 0 0.751863
    outer loop
      vertex 31.9948 2 9.9948
      vertex 32.4128 -0.0999994 9.62825
      vertex 32.4128 2 9.62825
    endloop
  endfacet
  facet normal 0.659319 0 0.751863
    outer loop
      vertex 32.4128 -0.0999994 9.62825
      vertex 31.9948 2 9.9948
      vertex 31.9948 -0.0999994 9.9948
    endloop
  endfacet
  facet normal -0.321458 0 -0.946924
    outer loop
      vertex 36.1 -0.0999994 17.1052
      vertex 36.6264 2 16.9265
      vertex 36.6264 -0.0999994 16.9265
    endloop
  endfacet
  facet normal -0.321458 0 -0.946924
    outer loop
      vertex 36.6264 2 16.9265
      vertex 36.1 -0.0999994 17.1052
      vertex 36.1 2 17.1052
    endloop
  endfacet
  facet normal 0.997854 0 -0.0654802
    outer loop
      vertex 30.7864 -0.0999994 13.5547
      vertex 30.75 2 13
      vertex 30.7864 2 13.5547
    endloop
  endfacet
  facet normal 0.997854 0 -0.0654802
    outer loop
      vertex 30.75 2 13
      vertex 30.7864 -0.0999994 13.5547
      vertex 30.75 -0.0999994 13
    endloop
  endfacet
  facet normal 0.659268 0 -0.751908
    outer loop
      vertex 31.9948 -0.0999994 16.0052
      vertex 32.4128 2 16.3717
      vertex 32.4128 -0.0999994 16.3717
    endloop
  endfacet
  facet normal 0.659268 0 -0.751908
    outer loop
      vertex 32.4128 2 16.3717
      vertex 31.9948 -0.0999994 16.0052
      vertex 31.9948 2 16.0052
    endloop
  endfacet
  facet normal 0.321442 0 0.946929
    outer loop
      vertex 33.3736 2 9.07351
      vertex 33.9 -0.0999994 8.89482
      vertex 33.9 2 8.89482
    endloop
  endfacet
  facet normal 0.321442 0 0.946929
    outer loop
      vertex 33.9 -0.0999994 8.89482
      vertex 33.3736 2 9.07351
      vertex 33.3736 -0.0999994 9.07351
    endloop
  endfacet
  facet normal 0.831413 0 -0.555655
    outer loop
      vertex 31.6283 -0.0999994 15.5872
      vertex 31.3194 2 15.125
      vertex 31.6283 2 15.5872
    endloop
  endfacet
  facet normal 0.831413 0 -0.555655
    outer loop
      vertex 31.3194 2 15.125
      vertex 31.6283 -0.0999994 15.5872
      vertex 31.3194 -0.0999994 15.125
    endloop
  endfacet
  facet normal 0.555605 0 0.831446
    outer loop
      vertex 32.4128 2 9.62825
      vertex 32.875 -0.0999994 9.31939
      vertex 32.875 2 9.31939
    endloop
  endfacet
  facet normal 0.555605 0 0.831446
    outer loop
      vertex 32.875 -0.0999994 9.31939
      vertex 32.4128 2 9.62825
      vertex 32.4128 -0.0999994 9.62825
    endloop
  endfacet
  facet normal 0.997854 -0 0.0654802
    outer loop
      vertex 30.75 -0.0999994 13
      vertex 30.7864 2 12.4453
      vertex 30.75 2 13
    endloop
  endfacet
  facet normal 0.997854 0 0.0654802
    outer loop
      vertex 30.7864 2 12.4453
      vertex 30.75 -0.0999994 13
      vertex 30.7864 -0.0999994 12.4453
    endloop
  endfacet
  facet normal -0.195078 0 0.980788
    outer loop
      vertex 35.5547 2 8.78636
      vertex 36.1 -0.0999994 8.89482
      vertex 36.1 2 8.89482
    endloop
  endfacet
  facet normal -0.195078 0 0.980788
    outer loop
      vertex 36.1 -0.0999994 8.89482
      vertex 35.5547 2 8.78636
      vertex 35.5547 -0.0999994 8.78636
    endloop
  endfacet
  facet normal 0.442285 0 0.896874
    outer loop
      vertex 32.875 2 9.31939
      vertex 33.3736 -0.0999994 9.07351
      vertex 33.3736 2 9.07351
    endloop
  endfacet
  facet normal 0.442285 0 0.896874
    outer loop
      vertex 33.3736 -0.0999994 9.07351
      vertex 32.875 2 9.31939
      vertex 32.875 -0.0999994 9.31939
    endloop
  endfacet
  facet normal -0.0654802 0 -0.997854
    outer loop
      vertex 35 -0.0999994 17.25
      vertex 35.5547 2 17.2136
      vertex 35.5547 -0.0999994 17.2136
    endloop
  endfacet
  facet normal -0.0654802 0 -0.997854
    outer loop
      vertex 35.5547 2 17.2136
      vertex 35 -0.0999994 17.25
      vertex 35 2 17.25
    endloop
  endfacet
  facet normal -0.659268 0 -0.751908
    outer loop
      vertex 37.5872 -0.0999994 16.3717
      vertex 38.0052 2 16.0052
      vertex 38.0052 -0.0999994 16.0052
    endloop
  endfacet
  facet normal -0.659268 0 -0.751908
    outer loop
      vertex 38.0052 2 16.0052
      vertex 37.5872 -0.0999994 16.3717
      vertex 37.5872 2 16.3717
    endloop
  endfacet
  facet normal 0.946924 0 -0.321458
    outer loop
      vertex 31.0735 -0.0999994 14.6264
      vertex 30.8948 2 14.1
      vertex 31.0735 2 14.6264
    endloop
  endfacet
  facet normal 0.946924 0 -0.321458
    outer loop
      vertex 30.8948 2 14.1
      vertex 31.0735 -0.0999994 14.6264
      vertex 30.8948 -0.0999994 14.1
    endloop
  endfacet
  facet normal -0.946924 0 -0.321458
    outer loop
      vertex 39.1052 -0.0999994 14.1
      vertex 38.9265 2 14.6264
      vertex 39.1052 2 14.1
    endloop
  endfacet
  facet normal -0.946924 -0 -0.321458
    outer loop
      vertex 38.9265 2 14.6264
      vertex 39.1052 -0.0999994 14.1
      vertex 38.9265 -0.0999994 14.6264
    endloop
  endfacet
  facet normal -0.442285 0 0.896874
    outer loop
      vertex 36.6264 2 9.07351
      vertex 37.125 -0.0999994 9.31939
      vertex 37.125 2 9.31939
    endloop
  endfacet
  facet normal -0.442285 0 0.896874
    outer loop
      vertex 37.125 -0.0999994 9.31939
      vertex 36.6264 2 9.07351
      vertex 36.6264 -0.0999994 9.07351
    endloop
  endfacet
  facet normal 0.195078 0 0.980788
    outer loop
      vertex 33.9 2 8.89482
      vertex 34.4453 -0.0999994 8.78636
      vertex 34.4453 2 8.78636
    endloop
  endfacet
  facet normal 0.195078 0 0.980788
    outer loop
      vertex 34.4453 -0.0999994 8.78636
      vertex 33.9 2 8.89482
      vertex 33.9 -0.0999994 8.89482
    endloop
  endfacet
  facet normal -0.751908 0 0.659268
    outer loop
      vertex 38.0052 -0.0999994 9.9948
      vertex 38.3717 2 10.4128
      vertex 38.0052 2 9.9948
    endloop
  endfacet
  facet normal -0.751908 0 0.659268
    outer loop
      vertex 38.3717 2 10.4128
      vertex 38.0052 -0.0999994 9.9948
      vertex 38.3717 -0.0999994 10.4128
    endloop
  endfacet
  facet normal -0.751908 0 -0.659268
    outer loop
      vertex 38.3717 -0.0999994 15.5872
      vertex 38.0052 2 16.0052
      vertex 38.3717 2 15.5872
    endloop
  endfacet
  facet normal -0.751908 -0 -0.659268
    outer loop
      vertex 38.0052 2 16.0052
      vertex 38.3717 -0.0999994 15.5872
      vertex 38.0052 -0.0999994 16.0052
    endloop
  endfacet
  facet normal 0.442314 0 -0.89686
    outer loop
      vertex 32.875 -0.0999994 16.6806
      vertex 33.3736 2 16.9265
      vertex 33.3736 -0.0999994 16.9265
    endloop
  endfacet
  facet normal 0.442314 0 -0.89686
    outer loop
      vertex 33.3736 2 16.9265
      vertex 32.875 -0.0999994 16.6806
      vertex 32.875 2 16.6806
    endloop
  endfacet
  facet normal 0.946924 -0 0.321458
    outer loop
      vertex 30.8948 -0.0999994 11.9
      vertex 31.0735 2 11.3736
      vertex 30.8948 2 11.9
    endloop
  endfacet
  facet normal 0.946924 0 0.321458
    outer loop
      vertex 31.0735 2 11.3736
      vertex 30.8948 -0.0999994 11.9
      vertex 31.0735 -0.0999994 11.3736
    endloop
  endfacet
  facet normal -0.194975 0 -0.980808
    outer loop
      vertex 35.5547 -0.0999994 17.2136
      vertex 36.1 2 17.1052
      vertex 36.1 -0.0999994 17.1052
    endloop
  endfacet
  facet normal -0.194975 0 -0.980808
    outer loop
      vertex 36.1 2 17.1052
      vertex 35.5547 -0.0999994 17.2136
      vertex 35.5547 2 17.2136
    endloop
  endfacet
  facet normal -0.442314 0 -0.89686
    outer loop
      vertex 36.6264 -0.0999994 16.9265
      vertex 37.125 2 16.6806
      vertex 37.125 -0.0999994 16.6806
    endloop
  endfacet
  facet normal -0.442314 0 -0.89686
    outer loop
      vertex 37.125 2 16.6806
      vertex 36.6264 -0.0999994 16.9265
      vertex 36.6264 2 16.9265
    endloop
  endfacet
  facet normal 0 1 0
    outer loop
      vertex 35.5547 -0.0999994 17.2136
      vertex 34.4453 -0.0999994 17.2136
      vertex 35 -0.0999994 17.25
    endloop
  endfacet
  facet normal 0 1 0
    outer loop
      vertex 36.1 -0.0999994 17.1052
      vertex 34.4453 -0.0999994 17.2136
      vertex 35.5547 -0.0999994 17.2136
    endloop
  endfacet
  facet normal 0 1 0
    outer loop
      vertex 36.1 -0.0999994 17.1052
      vertex 33.9 -0.0999994 17.1052
      vertex 34.4453 -0.0999994 17.2136
    endloop
  endfacet
  facet normal 0 1 0
    outer loop
      vertex 36.6264 -0.0999994 16.9265
      vertex 33.9 -0.0999994 17.1052
      vertex 36.1 -0.0999994 17.1052
    endloop
  endfacet
  facet normal 0 1 0
    outer loop
      vertex 36.6264 -0.0999994 16.9265
      vertex 33.3736 -0.0999994 16.9265
      vertex 33.9 -0.0999994 17.1052
    endloop
  endfacet
  facet normal 0 1 0
    outer loop
      vertex 37.125 -0.0999994 16.6806
      vertex 33.3736 -0.0999994 16.9265
      vertex 36.6264 -0.0999994 16.9265
    endloop
  endfacet
  facet normal 0 1 0
    outer loop
      vertex 37.125 -0.0999994 16.6806
      vertex 32.875 -0.0999994 16.6806
      vertex 33.3736 -0.0999994 16.9265
    endloop
  endfacet
  facet normal 0 1 0
    outer loop
      vertex 37.5872 -0.0999994 16.3717
      vertex 32.875 -0.0999994 16.6806
      vertex 37.125 -0.0999994 16.6806
    endloop
  endfacet
  facet normal 0 1 0
    outer loop
      vertex 37.5872 -0.0999994 16.3717
      vertex 32.4128 -0.0999994 16.3717
      vertex 32.875 -0.0999994 16.6806
    endloop
  endfacet
  facet normal 0 1 0
    outer loop
      vertex 38.0052 -0.0999994 16.0052
      vertex 32.4128 -0.0999994 16.3717
      vertex 37.5872 -0.0999994 16.3717
    endloop
  endfacet
  facet normal 0 1 0
    outer loop
      vertex 38.0052 -0.0999994 16.0052
      vertex 31.9948 -0.0999994 16.0052
      vertex 32.4128 -0.0999994 16.3717
    endloop
  endfacet
  facet normal 0 1 0
    outer loop
      vertex 38.3717 -0.0999994 15.5872
      vertex 31.9948 -0.0999994 16.0052
      vertex 38.0052 -0.0999994 16.0052
    endloop
  endfacet
  facet normal 0 1 0
    outer loop
      vertex 38.3717 -0.0999994 15.5872
      vertex 31.6283 -0.0999994 15.5872
      vertex 31.9948 -0.0999994 16.0052
    endloop
  endfacet
  facet normal 0 1 0
    outer loop
      vertex 38.6806 -0.0999994 15.125
      vertex 31.6283 -0.0999994 15.5872
      vertex 38.3717 -0.0999994 15.5872
    endloop
  endfacet
  facet normal 0 1 0
    outer loop
      vertex 38.6806 -0.0999994 15.125
      vertex 31.3194 -0.0999994 15.125
      vertex 31.6283 -0.0999994 15.5872
    endloop
  endfacet
  facet normal 0 1 0
    outer loop
      vertex 38.9265 -0.0999994 14.6264
      vertex 31.3194 -0.0999994 15.125
      vertex 38.6806 -0.0999994 15.125
    endloop
  endfacet
  facet normal 0 1 0
    outer loop
      vertex 38.9265 -0.0999994 14.6264
      vertex 31.0735 -0.0999994 14.6264
      vertex 31.3194 -0.0999994 15.125
    endloop
  endfacet
  facet normal 0 1 0
    outer loop
      vertex 39.1052 -0.0999994 14.1
      vertex 31.0735 -0.0999994 14.6264
      vertex 38.9265 -0.0999994 14.6264
    endloop
  endfacet
  facet normal 0 1 0
    outer loop
      vertex 39.1052 -0.0999994 14.1
      vertex 30.8948 -0.0999994 14.1
      vertex 31.0735 -0.0999994 14.6264
    endloop
  endfacet
  facet normal 0 1 0
    outer loop
      vertex 39.2136 -0.0999994 13.5547
      vertex 30.8948 -0.0999994 14.1
      vertex 39.1052 -0.0999994 14.1
    endloop
  endfacet
  facet normal 0 1 0
    outer loop
      vertex 39.2136 -0.0999994 13.5547
      vertex 30.7864 -0.0999994 13.5547
      vertex 30.8948 -0.0999994 14.1
    endloop
  endfacet
  facet normal 0 1 0
    outer loop
      vertex 39.25 -0.0999994 13
      vertex 30.7864 -0.0999994 13.5547
      vertex 39.2136 -0.0999994 13.5547
    endloop
  endfacet
  facet normal 0 1 0
    outer loop
      vertex 39.25 -0.0999994 13
      vertex 30.75 -0.0999994 13
      vertex 30.7864 -0.0999994 13.5547
    endloop
  endfacet
  facet normal 0 1 -0
    outer loop
      vertex 39.2136 -0.0999994 12.4453
      vertex 30.75 -0.0999994 13
      vertex 39.25 -0.0999994 13
    endloop
  endfacet
  facet normal 0 1 0
    outer loop
      vertex 39.2136 -0.0999994 12.4453
      vertex 30.7864 -0.0999994 12.4453
      vertex 30.75 -0.0999994 13
    endloop
  endfacet
  facet normal 0 1 -0
    outer loop
      vertex 39.1052 -0.0999994 11.9
      vertex 30.7864 -0.0999994 12.4453
      vertex 39.2136 -0.0999994 12.4453
    endloop
  endfacet
  facet normal 0 1 0
    outer loop
      vertex 39.1052 -0.0999994 11.9
      vertex 30.8948 -0.0999994 11.9
      vertex 30.7864 -0.0999994 12.4453
    endloop
  endfacet
  facet normal 0 1 -0
    outer loop
      vertex 38.9265 -0.0999994 11.3736
      vertex 30.8948 -0.0999994 11.9
      vertex 39.1052 -0.0999994 11.9
    endloop
  endfacet
  facet normal 0 1 0
    outer loop
      vertex 38.9265 -0.0999994 11.3736
      vertex 31.0735 -0.0999994 11.3736
      vertex 30.8948 -0.0999994 11.9
    endloop
  endfacet
  facet normal 0 1 -0
    outer loop
      vertex 38.6806 -0.0999994 10.875
      vertex 31.0735 -0.0999994 11.3736
      vertex 38.9265 -0.0999994 11.3736
    endloop
  endfacet
  facet normal 0 1 0
    outer loop
      vertex 38.6806 -0.0999994 10.875
      vertex 31.3194 -0.0999994 10.875
      vertex 31.0735 -0.0999994 11.3736
    endloop
  endfacet
  facet normal 0 1 -0
    outer loop
      vertex 38.3717 -0.0999994 10.4128
      vertex 31.3194 -0.0999994 10.875
      vertex 38.6806 -0.0999994 10.875
    endloop
  endfacet
  facet normal 0 1 0
    outer loop
      vertex 38.3717 -0.0999994 10.4128
      vertex 31.6283 -0.0999994 10.4128
      vertex 31.3194 -0.0999994 10.875
    endloop
  endfacet
  facet normal 0 1 -0
    outer loop
      vertex 38.0052 -0.0999994 9.9948
      vertex 31.6283 -0.0999994 10.4128
      vertex 38.3717 -0.0999994 10.4128
    endloop
  endfacet
  facet normal 0 1 0
    outer loop
      vertex 38.0052 -0.0999994 9.9948
      vertex 31.9948 -0.0999994 9.9948
      vertex 31.6283 -0.0999994 10.4128
    endloop
  endfacet
  facet normal 0 1 -0
    outer loop
      vertex 37.5872 -0.0999994 9.62825
      vertex 31.9948 -0.0999994 9.9948
      vertex 38.0052 -0.0999994 9.9948
    endloop
  endfacet
  facet normal 0 1 0
    outer loop
      vertex 37.5872 -0.0999994 9.62825
      vertex 32.4128 -0.0999994 9.62825
      vertex 31.9948 -0.0999994 9.9948
    endloop
  endfacet
  facet normal 0 1 -0
    outer loop
      vertex 37.125 -0.0999994 9.31939
      vertex 32.4128 -0.0999994 9.62825
      vertex 37.5872 -0.0999994 9.62825
    endloop
  endfacet
  facet normal 0 1 0
    outer loop
      vertex 37.125 -0.0999994 9.31939
      vertex 32.875 -0.0999994 9.31939
      vertex 32.4128 -0.0999994 9.62825
    endloop
  endfacet
  facet normal 0 1 -0
    outer loop
      vertex 36.6264 -0.0999994 9.07351
      vertex 32.875 -0.0999994 9.31939
      vertex 37.125 -0.0999994 9.31939
    endloop
  endfacet
  facet normal 0 1 0
    outer loop
      vertex 36.6264 -0.0999994 9.07351
      vertex 33.3736 -0.0999994 9.07351
      vertex 32.875 -0.0999994 9.31939
    endloop
  endfacet
  facet normal 0 1 -0
    outer loop
      vertex 36.1 -0.0999994 8.89482
      vertex 33.3736 -0.0999994 9.07351
      vertex 36.6264 -0.0999994 9.07351
    endloop
  endfacet
  facet normal 0 1 0
    outer loop
      vertex 36.1 -0.0999994 8.89482
      vertex 33.9 -0.0999994 8.89482
      vertex 33.3736 -0.0999994 9.07351
    endloop
  endfacet
  facet normal 0 1 -0
    outer loop
      vertex 35.5547 -0.0999994 8.78636
      vertex 33.9 -0.0999994 8.89482
      vertex 36.1 -0.0999994 8.89482
    endloop
  endfacet
  facet normal 0 1 0
    outer loop
      vertex 35.5547 -0.0999994 8.78636
      vertex 34.4453 -0.0999994 8.78636
      vertex 33.9 -0.0999994 8.89482
    endloop
  endfacet
  facet normal -0 1 0
    outer loop
      vertex 34.4453 -0.0999994 8.78636
      vertex 35.5547 -0.0999994 8.78636
      vertex 35 -0.0999994 8.75
    endloop
  endfacet
  facet normal 0.751908 -0 0.659268
    outer loop
      vertex 31.6283 -0.0999994 10.4128
      vertex 31.9948 2 9.9948
      vertex 31.6283 2 10.4128
    endloop
  endfacet
  facet normal 0.751908 0 0.659268
    outer loop
      vertex 31.9948 2 9.9948
      vertex 31.6283 -0.0999994 10.4128
      vertex 31.9948 -0.0999994 9.9948
    endloop
  endfacet
  facet normal -0.659319 0 0.751863
    outer loop
      vertex 37.5872 2 9.62825
      vertex 38.0052 -0.0999994 9.9948
      vertex 38.0052 2 9.9948
    endloop
  endfacet
  facet normal -0.659319 0 0.751863
    outer loop
      vertex 38.0052 -0.0999994 9.9948
      vertex 37.5872 2 9.62825
      vertex 37.5872 -0.0999994 9.62825
    endloop
  endfacet
  facet normal 0.89686 0 -0.442314
    outer loop
      vertex 31.3194 -0.0999994 15.125
      vertex 31.0735 2 14.6264
      vertex 31.3194 2 15.125
    endloop
  endfacet
  facet normal 0.89686 0 -0.442314
    outer loop
      vertex 31.0735 2 14.6264
      vertex 31.3194 -0.0999994 15.125
      vertex 31.0735 -0.0999994 14.6264
    endloop
  endfacet
  facet normal -0.831413 0 -0.555655
    outer loop
      vertex 38.6806 -0.0999994 15.125
      vertex 38.3717 2 15.5872
      vertex 38.6806 2 15.125
    endloop
  endfacet
  facet normal -0.831413 -0 -0.555655
    outer loop
      vertex 38.3717 2 15.5872
      vertex 38.6806 -0.0999994 15.125
      vertex 38.3717 -0.0999994 15.5872
    endloop
  endfacet
  facet normal -0.89686 0 0.442314
    outer loop
      vertex 38.6806 -0.0999994 10.875
      vertex 38.9265 2 11.3736
      vertex 38.6806 2 10.875
    endloop
  endfacet
  facet normal -0.89686 0 0.442314
    outer loop
      vertex 38.9265 2 11.3736
      vertex 38.6806 -0.0999994 10.875
      vertex 38.9265 -0.0999994 11.3736
    endloop
  endfacet
  facet normal 0.0654802 0 -0.997854
    outer loop
      vertex 34.4453 -0.0999994 17.2136
      vertex 35 2 17.25
      vertex 35 -0.0999994 17.25
    endloop
  endfacet
  facet normal 0.0654802 0 -0.997854
    outer loop
      vertex 35 2 17.25
      vertex 34.4453 -0.0999994 17.2136
      vertex 34.4453 2 17.2136
    endloop
  endfacet
  facet normal -0.0654086 0 0.997859
    outer loop
      vertex 35 2 8.75
      vertex 35.5547 -0.0999994 8.78636
      vertex 35.5547 2 8.78636
    endloop
  endfacet
  facet normal -0.0654086 0 0.997859
    outer loop
      vertex 35.5547 -0.0999994 8.78636
      vertex 35 2 8.75
      vertex 35 -0.0999994 8.75
    endloop
  endfacet
  facet normal 0.555655 0 -0.831413
    outer loop
      vertex 32.4128 -0.0999994 16.3717
      vertex 32.875 2 16.6806
      vertex 32.875 -0.0999994 16.6806
    endloop
  endfacet
  facet normal 0.555655 0 -0.831413
    outer loop
      vertex 32.875 2 16.6806
      vertex 32.4128 -0.0999994 16.3717
      vertex 32.4128 2 16.3717
    endloop
  endfacet
  facet normal -0.555655 0 -0.831413
    outer loop
      vertex 37.125 -0.0999994 16.6806
      vertex 37.5872 2 16.3717
      vertex 37.5872 -0.0999994 16.3717
    endloop
  endfacet
  facet normal -0.555655 0 -0.831413
    outer loop
      vertex 37.5872 2 16.3717
      vertex 37.125 -0.0999994 16.6806
      vertex 37.125 2 16.6806
    endloop
  endfacet
  facet normal -0.946924 0 0.321458
    outer loop
      vertex 38.9265 -0.0999994 11.3736
      vertex 39.1052 2 11.9
      vertex 38.9265 2 11.3736
    endloop
  endfacet
  facet normal -0.946924 0 0.321458
    outer loop
      vertex 39.1052 2 11.9
      vertex 38.9265 -0.0999994 11.3736
      vertex 39.1052 -0.0999994 11.9
    endloop
  endfacet
  facet normal 0.980808 -0 0.194975
    outer loop
      vertex 30.7864 -0.0999994 12.4453
      vertex 30.8948 2 11.9
      vertex 30.7864 2 12.4453
    endloop
  endfacet
  facet normal 0.980808 0 0.194975
    outer loop
      vertex 30.8948 2 11.9
      vertex 30.7864 -0.0999994 12.4453
      vertex 30.8948 -0.0999994 11.9
    endloop
  endfacet
  facet normal 0.0654086 0 0.997859
    outer loop
      vertex 34.4453 2 8.78636
      vertex 35 -0.0999994 8.75
      vertex 35 2 8.75
    endloop
  endfacet
  facet normal 0.0654086 0 0.997859
    outer loop
      vertex 35 -0.0999994 8.75
      vertex 34.4453 2 8.78636
      vertex 34.4453 -0.0999994 8.78636
    endloop
  endfacet
  facet normal 0.321458 0 -0.946924
    outer loop
      vertex 33.3736 -0.0999994 16.9265
      vertex 33.9 2 17.1052
      vertex 33.9 -0.0999994 17.1052
    endloop
  endfacet
  facet normal 0.321458 0 -0.946924
    outer loop
      vertex 33.9 2 17.1052
      vertex 33.3736 -0.0999994 16.9265
      vertex 33.3736 2 16.9265
    endloop
  endfacet
  facet normal 0.980808 0 -0.194975
    outer loop
      vertex 30.8948 -0.0999994 14.1
      vertex 30.7864 2 13.5547
      vertex 30.8948 2 14.1
    endloop
  endfacet
  facet normal 0.980808 0 -0.194975
    outer loop
      vertex 30.7864 2 13.5547
      vertex 30.8948 -0.0999994 14.1
      vertex 30.7864 -0.0999994 13.5547
    endloop
  endfacet
  facet normal 0.751908 0 -0.659268
    outer loop
      vertex 31.9948 -0.0999994 16.0052
      vertex 31.6283 2 15.5872
      vertex 31.9948 2 16.0052
    endloop
  endfacet
  facet normal 0.751908 0 -0.659268
    outer loop
      vertex 31.6283 2 15.5872
      vertex 31.9948 -0.0999994 16.0052
      vertex 31.6283 -0.0999994 15.5872
    endloop
  endfacet
  facet normal 0.194975 0 -0.980808
    outer loop
      vertex 33.9 -0.0999994 17.1052
      vertex 34.4453 2 17.2136
      vertex 34.4453 -0.0999994 17.2136
    endloop
  endfacet
  facet normal 0.194975 0 -0.980808
    outer loop
      vertex 34.4453 2 17.2136
      vertex 33.9 -0.0999994 17.1052
      vertex 33.9 2 17.1052
    endloop
  endfacet
  facet normal 0.831413 -0 0.555655
    outer loop
      vertex 31.3194 -0.0999994 10.875
      vertex 31.6283 2 10.4128
      vertex 31.3194 2 10.875
    endloop
  endfacet
  facet normal 0.831413 0 0.555655
    outer loop
      vertex 31.6283 2 10.4128
      vertex 31.3194 -0.0999994 10.875
      vertex 31.6283 -0.0999994 10.4128
    endloop
  endfacet
  facet normal -0.0654172 0 -0.997858
    outer loop
      vertex 35 2 20
      vertex 35.9137 3 19.9401
      vertex 35.9137 2 19.9401
    endloop
  endfacet
  facet normal -0.0654172 0 -0.997858
    outer loop
      vertex 35.9137 3 19.9401
      vertex 35 2 20
      vertex 35 3 20
    endloop
  endfacet
  facet normal -0.98079 0 0.195066
    outer loop
      vertex 41.7615 2 11.1883
      vertex 41.9401 3 12.0863
      vertex 41.7615 3 11.1883
    endloop
  endfacet
  facet normal -0.98079 0 0.195066
    outer loop
      vertex 41.9401 3 12.0863
      vertex 41.7615 2 11.1883
      vertex 41.9401 2 12.0863
    endloop
  endfacet
  facet normal -0.997858 0 0.0654172
    outer loop
      vertex 41.9401 2 12.0863
      vertex 42 3 13
      vertex 41.9401 3 12.0863
    endloop
  endfacet
  facet normal -0.997858 0 0.0654172
    outer loop
      vertex 42 3 13
      vertex 41.9401 2 12.0863
      vertex 42 2 13
    endloop
  endfacet
  facet normal -0.831462 0 -0.555582
    outer loop
      vertex 41.0622 2 16.5
      vertex 40.5535 3 17.2613
      vertex 41.0622 3 16.5
    endloop
  endfacet
  facet normal -0.831462 -0 -0.555582
    outer loop
      vertex 40.5535 3 17.2613
      vertex 41.0622 2 16.5
      vertex 40.5535 2 17.2613
    endloop
  endfacet
  facet normal -0.997858 0 -0.0654172
    outer loop
      vertex 42 2 13
      vertex 41.9401 3 13.9137
      vertex 42 3 13
    endloop
  endfacet
  facet normal -0.997858 -0 -0.0654172
    outer loop
      vertex 41.9401 3 13.9137
      vertex 42 2 13
      vertex 41.9401 2 13.9137
    endloop
  endfacet
  facet normal -0.831472 0 0.555567
    outer loop
      vertex 40.5535 2 8.73867
      vertex 41.0622 3 9.5
      vertex 40.5535 3 8.73867
    endloop
  endfacet
  facet normal -0.831472 0 0.555567
    outer loop
      vertex 41.0622 3 9.5
      vertex 40.5535 2 8.73867
      vertex 41.0622 2 9.5
    endloop
  endfacet
  facet normal -0.751801 0 0.65939
    outer loop
      vertex 39.9497 2 8.05025
      vertex 40.5535 3 8.73867
      vertex 39.9497 3 8.05025
    endloop
  endfacet
  facet normal -0.751801 0 0.65939
    outer loop
      vertex 40.5535 3 8.73867
      vertex 39.9497 2 8.05025
      vertex 40.5535 2 8.73867
    endloop
  endfacet
  facet normal -0.89686 0 -0.442314
    outer loop
      vertex 41.4672 2 15.6788
      vertex 41.0622 3 16.5
      vertex 41.4672 3 15.6788
    endloop
  endfacet
  facet normal -0.89686 -0 -0.442314
    outer loop
      vertex 41.0622 3 16.5
      vertex 41.4672 2 15.6788
      vertex 41.0622 2 16.5
    endloop
  endfacet
  facet normal -0.659352 0 0.751835
    outer loop
      vertex 39.2613 3 7.44653
      vertex 39.9497 2 8.05025
      vertex 39.9497 3 8.05025
    endloop
  endfacet
  facet normal -0.659352 0 0.751835
    outer loop
      vertex 39.9497 2 8.05025
      vertex 39.2613 3 7.44653
      vertex 39.2613 2 7.44653
    endloop
  endfacet
  facet normal -0.442314 0 -0.89686
    outer loop
      vertex 37.6788 2 19.4672
      vertex 38.5 3 19.0622
      vertex 38.5 2 19.0622
    endloop
  endfacet
  facet normal -0.442314 0 -0.89686
    outer loop
      vertex 38.5 3 19.0622
      vertex 37.6788 2 19.4672
      vertex 37.6788 3 19.4672
    endloop
  endfacet
  facet normal 0.659352 0 0.751835
    outer loop
      vertex 30.0503 3 8.05025
      vertex 30.7387 2 7.44653
      vertex 30.7387 3 7.44653
    endloop
  endfacet
  facet normal 0.659352 0 0.751835
    outer loop
      vertex 30.7387 2 7.44653
      vertex 30.0503 3 8.05025
      vertex 30.0503 2 8.05025
    endloop
  endfacet
  facet normal -0.659401 0 -0.751791
    outer loop
      vertex 39.2613 2 18.5535
      vertex 39.9497 3 17.9497
      vertex 39.9497 2 17.9497
    endloop
  endfacet
  facet normal -0.659401 0 -0.751791
    outer loop
      vertex 39.9497 3 17.9497
      vertex 39.2613 2 18.5535
      vertex 39.2613 3 18.5535
    endloop
  endfacet
  facet normal 0.555582 0 -0.831462
    outer loop
      vertex 30.7387 2 18.5535
      vertex 31.5 3 19.0622
      vertex 31.5 2 19.0622
    endloop
  endfacet
  facet normal 0.555582 0 -0.831462
    outer loop
      vertex 31.5 3 19.0622
      vertex 30.7387 2 18.5535
      vertex 30.7387 3 18.5535
    endloop
  endfacet
  facet normal 0.55559 0 0.831457
    outer loop
      vertex 30.7387 3 7.44653
      vertex 31.5 2 6.93782
      vertex 31.5 3 6.93782
    endloop
  endfacet
  facet normal 0.55559 0 0.831457
    outer loop
      vertex 31.5 2 6.93782
      vertex 30.7387 3 7.44653
      vertex 30.7387 2 7.44653
    endloop
  endfacet
  facet normal 0.3214 0 -0.946944
    outer loop
      vertex 32.3212 2 19.4672
      vertex 33.1883 3 19.7615
      vertex 33.1883 2 19.7615
    endloop
  endfacet
  facet normal 0.3214 0 -0.946944
    outer loop
      vertex 33.1883 3 19.7615
      vertex 32.3212 2 19.4672
      vertex 32.3212 3 19.4672
    endloop
  endfacet
  facet normal 0.997858 -0 0.0654172
    outer loop
      vertex 28 2 13
      vertex 28.0599 3 12.0863
      vertex 28 3 13
    endloop
  endfacet
  facet normal 0.997858 0 0.0654172
    outer loop
      vertex 28.0599 3 12.0863
      vertex 28 2 13
      vertex 28.0599 2 12.0863
    endloop
  endfacet
  facet normal -0.442297 0 0.896869
    outer loop
      vertex 37.6788 3 6.53284
      vertex 38.5 2 6.93782
      vertex 38.5 3 6.93782
    endloop
  endfacet
  facet normal -0.442297 0 0.896869
    outer loop
      vertex 38.5 2 6.93782
      vertex 37.6788 3 6.53284
      vertex 37.6788 2 6.53284
    endloop
  endfacet
  facet normal -0.195066 0 -0.98079
    outer loop
      vertex 35.9137 2 19.9401
      vertex 36.8117 3 19.7615
      vertex 36.8117 2 19.7615
    endloop
  endfacet
  facet normal -0.195066 0 -0.98079
    outer loop
      vertex 36.8117 3 19.7615
      vertex 35.9137 2 19.9401
      vertex 35.9137 3 19.9401
    endloop
  endfacet
  facet normal 0.751801 -0 0.65939
    outer loop
      vertex 29.4465 2 8.73867
      vertex 30.0503 3 8.05025
      vertex 29.4465 3 8.73867
    endloop
  endfacet
  facet normal 0.751801 0 0.65939
    outer loop
      vertex 30.0503 3 8.05025
      vertex 29.4465 2 8.73867
      vertex 30.0503 2 8.05025
    endloop
  endfacet
  facet normal -0.0654063 0 0.997859
    outer loop
      vertex 35 3 6
      vertex 35.9137 2 6.05989
      vertex 35.9137 3 6.05989
    endloop
  endfacet
  facet normal -0.0654063 0 0.997859
    outer loop
      vertex 35.9137 2 6.05989
      vertex 35 3 6
      vertex 35 2 6
    endloop
  endfacet
  facet normal 0.831462 0 -0.555582
    outer loop
      vertex 29.4465 2 17.2613
      vertex 28.9378 3 16.5
      vertex 29.4465 3 17.2613
    endloop
  endfacet
  facet normal 0.831462 0 -0.555582
    outer loop
      vertex 28.9378 3 16.5
      vertex 29.4465 2 17.2613
      vertex 28.9378 2 16.5
    endloop
  endfacet
  facet normal 0.442297 0 0.896869
    outer loop
      vertex 31.5 3 6.93782
      vertex 32.3212 2 6.53284
      vertex 32.3212 3 6.53284
    endloop
  endfacet
  facet normal 0.442297 0 0.896869
    outer loop
      vertex 32.3212 2 6.53284
      vertex 31.5 3 6.93782
      vertex 31.5 2 6.93782
    endloop
  endfacet
  facet normal -0.946944 0 -0.3214
    outer loop
      vertex 41.7615 2 14.8117
      vertex 41.4672 3 15.6788
      vertex 41.7615 3 14.8117
    endloop
  endfacet
  facet normal -0.946944 -0 -0.3214
    outer loop
      vertex 41.4672 3 15.6788
      vertex 41.7615 2 14.8117
      vertex 41.4672 2 15.6788
    endloop
  endfacet
  facet normal 0.442314 0 -0.89686
    outer loop
      vertex 31.5 2 19.0622
      vertex 32.3212 3 19.4672
      vertex 32.3212 2 19.4672
    endloop
  endfacet
  facet normal 0.442314 0 -0.89686
    outer loop
      vertex 32.3212 3 19.4672
      vertex 31.5 2 19.0622
      vertex 31.5 3 19.0622
    endloop
  endfacet
  facet normal 0.98079 -0 0.195066
    outer loop
      vertex 28.0599 2 12.0863
      vertex 28.2385 3 11.1883
      vertex 28.0599 3 12.0863
    endloop
  endfacet
  facet normal 0.98079 0 0.195066
    outer loop
      vertex 28.2385 3 11.1883
      vertex 28.0599 2 12.0863
      vertex 28.2385 2 11.1883
    endloop
  endfacet
  facet normal 0.659401 0 -0.751791
    outer loop
      vertex 30.0503 2 17.9497
      vertex 30.7387 3 18.5535
      vertex 30.7387 2 18.5535
    endloop
  endfacet
  facet normal 0.659401 0 -0.751791
    outer loop
      vertex 30.7387 3 18.5535
      vertex 30.0503 2 17.9497
      vertex 30.0503 3 17.9497
    endloop
  endfacet
  facet normal -0.3214 0 -0.946944
    outer loop
      vertex 36.8117 2 19.7615
      vertex 37.6788 3 19.4672
      vertex 37.6788 2 19.4672
    endloop
  endfacet
  facet normal -0.3214 0 -0.946944
    outer loop
      vertex 37.6788 3 19.4672
      vertex 36.8117 2 19.7615
      vertex 36.8117 3 19.7615
    endloop
  endfacet
  facet normal 0.98079 0 -0.195066
    outer loop
      vertex 28.2385 2 14.8117
      vertex 28.0599 3 13.9137
      vertex 28.2385 3 14.8117
    endloop
  endfacet
  facet normal 0.98079 0 -0.195066
    outer loop
      vertex 28.0599 3 13.9137
      vertex 28.2385 2 14.8117
      vertex 28.0599 2 13.9137
    endloop
  endfacet
  facet normal -0.89686 0 0.442314
    outer loop
      vertex 41.0622 2 9.5
      vertex 41.4672 3 10.3212
      vertex 41.0622 3 9.5
    endloop
  endfacet
  facet normal -0.89686 0 0.442314
    outer loop
      vertex 41.4672 3 10.3212
      vertex 41.0622 2 9.5
      vertex 41.4672 2 10.3212
    endloop
  endfacet
  facet normal -0.555582 0 -0.831462
    outer loop
      vertex 38.5 2 19.0622
      vertex 39.2613 3 18.5535
      vertex 39.2613 2 18.5535
    endloop
  endfacet
  facet normal -0.555582 0 -0.831462
    outer loop
      vertex 39.2613 3 18.5535
      vertex 38.5 2 19.0622
      vertex 38.5 3 19.0622
    endloop
  endfacet
  facet normal -0.751791 0 -0.659401
    outer loop
      vertex 40.5535 2 17.2613
      vertex 39.9497 3 17.9497
      vertex 40.5535 3 17.2613
    endloop
  endfacet
  facet normal -0.751791 -0 -0.659401
    outer loop
      vertex 39.9497 3 17.9497
      vertex 40.5535 2 17.2613
      vertex 39.9497 2 17.9497
    endloop
  endfacet
  facet normal -0.98079 0 -0.195066
    outer loop
      vertex 41.9401 2 13.9137
      vertex 41.7615 3 14.8117
      vertex 41.9401 3 13.9137
    endloop
  endfacet
  facet normal -0.98079 -0 -0.195066
    outer loop
      vertex 41.7615 3 14.8117
      vertex 41.9401 2 13.9137
      vertex 41.7615 2 14.8117
    endloop
  endfacet
  facet normal 0.0654063 0 0.997859
    outer loop
      vertex 34.0863 3 6.05989
      vertex 35 2 6
      vertex 35 3 6
    endloop
  endfacet
  facet normal 0.0654063 0 0.997859
    outer loop
      vertex 35 2 6
      vertex 34.0863 3 6.05989
      vertex 34.0863 2 6.05989
    endloop
  endfacet
  facet normal -0.195097 0 0.980784
    outer loop
      vertex 35.9137 3 6.05989
      vertex 36.8117 2 6.23852
      vertex 36.8117 3 6.23852
    endloop
  endfacet
  facet normal -0.195097 0 0.980784
    outer loop
      vertex 36.8117 2 6.23852
      vertex 35.9137 3 6.05989
      vertex 35.9137 2 6.05989
    endloop
  endfacet
  facet normal 0.89686 0 -0.442314
    outer loop
      vertex 28.9378 2 16.5
      vertex 28.5328 3 15.6788
      vertex 28.9378 3 16.5
    endloop
  endfacet
  facet normal 0.89686 0 -0.442314
    outer loop
      vertex 28.5328 3 15.6788
      vertex 28.9378 2 16.5
      vertex 28.5328 2 15.6788
    endloop
  endfacet
  facet normal -0.55559 0 0.831457
    outer loop
      vertex 38.5 3 6.93782
      vertex 39.2613 2 7.44653
      vertex 39.2613 3 7.44653
    endloop
  endfacet
  facet normal -0.55559 0 0.831457
    outer loop
      vertex 39.2613 2 7.44653
      vertex 38.5 3 6.93782
      vertex 38.5 2 6.93782
    endloop
  endfacet
  facet normal 0.89686 -0 0.442314
    outer loop
      vertex 28.5328 2 10.3212
      vertex 28.9378 3 9.5
      vertex 28.5328 3 10.3212
    endloop
  endfacet
  facet normal 0.89686 0 0.442314
    outer loop
      vertex 28.9378 3 9.5
      vertex 28.5328 2 10.3212
      vertex 28.9378 2 9.5
    endloop
  endfacet
  facet normal -0.946944 0 0.3214
    outer loop
      vertex 41.4672 2 10.3212
      vertex 41.7615 3 11.1883
      vertex 41.4672 3 10.3212
    endloop
  endfacet
  facet normal -0.946944 0 0.3214
    outer loop
      vertex 41.7615 3 11.1883
      vertex 41.4672 2 10.3212
      vertex 41.7615 2 11.1883
    endloop
  endfacet
  facet normal 0.997858 0 -0.0654172
    outer loop
      vertex 28.0599 2 13.9137
      vertex 28 3 13
      vertex 28.0599 3 13.9137
    endloop
  endfacet
  facet normal 0.997858 0 -0.0654172
    outer loop
      vertex 28 3 13
      vertex 28.0599 2 13.9137
      vertex 28 2 13
    endloop
  endfacet
  facet normal 0.321419 0 0.946937
    outer loop
      vertex 32.3212 3 6.53284
      vertex 33.1883 2 6.23852
      vertex 33.1883 3 6.23852
    endloop
  endfacet
  facet normal 0.321419 0 0.946937
    outer loop
      vertex 33.1883 2 6.23852
      vertex 32.3212 3 6.53284
      vertex 32.3212 2 6.53284
    endloop
  endfacet
  facet normal 0 1 0
    outer loop
      vertex 35 2 17.25
      vertex 35 2 20
      vertex 35.9137 2 19.9401
    endloop
  endfacet
  facet normal 0 1 0
    outer loop
      vertex 35.5547 2 17.2136
      vertex 35.9137 2 19.9401
      vertex 36.8117 2 19.7615
    endloop
  endfacet
  facet normal 0 1 0
    outer loop
      vertex 35 2 20
      vertex 35 2 17.25
      vertex 34.0863 2 19.9401
    endloop
  endfacet
  facet normal 0 1 0
    outer loop
      vertex 36.1 2 17.1052
      vertex 36.8117 2 19.7615
      vertex 37.6788 2 19.4672
    endloop
  endfacet
  facet normal 0 1 -0
    outer loop
      vertex 34.4453 2 17.2136
      vertex 34.0863 2 19.9401
      vertex 35 2 17.25
    endloop
  endfacet
  facet normal 0 1 0
    outer loop
      vertex 36.6264 2 16.9265
      vertex 37.6788 2 19.4672
      vertex 38.5 2 19.0622
    endloop
  endfacet
  facet normal 0 1 0
    outer loop
      vertex 34.0863 2 19.9401
      vertex 34.4453 2 17.2136
      vertex 33.1883 2 19.7615
    endloop
  endfacet
  facet normal 0 1 0
    outer loop
      vertex 37.125 2 16.6806
      vertex 38.5 2 19.0622
      vertex 39.2613 2 18.5535
    endloop
  endfacet
  facet normal 0 1 -0
    outer loop
      vertex 33.9 2 17.1052
      vertex 33.1883 2 19.7615
      vertex 34.4453 2 17.2136
    endloop
  endfacet
  facet normal 0 1 0
    outer loop
      vertex 37.5872 2 16.3717
      vertex 39.2613 2 18.5535
      vertex 39.9497 2 17.9497
    endloop
  endfacet
  facet normal 0 1 0
    outer loop
      vertex 33.1883 2 19.7615
      vertex 33.9 2 17.1052
      vertex 32.3212 2 19.4672
    endloop
  endfacet
  facet normal 0 1 0
    outer loop
      vertex 38.0052 2 16.0052
      vertex 39.9497 2 17.9497
      vertex 40.5535 2 17.2613
    endloop
  endfacet
  facet normal 0 1 -0
    outer loop
      vertex 33.3736 2 16.9265
      vertex 32.3212 2 19.4672
      vertex 33.9 2 17.1052
    endloop
  endfacet
  facet normal 0 1 0
    outer loop
      vertex 32.3212 2 19.4672
      vertex 33.3736 2 16.9265
      vertex 31.5 2 19.0622
    endloop
  endfacet
  facet normal 0 1 0
    outer loop
      vertex 35.9137 2 19.9401
      vertex 35.5547 2 17.2136
      vertex 35 2 17.25
    endloop
  endfacet
  facet normal 0 1 0
    outer loop
      vertex 36.8117 2 19.7615
      vertex 36.1 2 17.1052
      vertex 35.5547 2 17.2136
    endloop
  endfacet
  facet normal 0 1 0
    outer loop
      vertex 37.6788 2 19.4672
      vertex 36.6264 2 16.9265
      vertex 36.1 2 17.1052
    endloop
  endfacet
  facet normal 0 1 0
    outer loop
      vertex 38.5 2 19.0622
      vertex 37.125 2 16.6806
      vertex 36.6264 2 16.9265
    endloop
  endfacet
  facet normal 0 1 0
    outer loop
      vertex 38.3717 2 15.5872
      vertex 40.5535 2 17.2613
      vertex 41.0622 2 16.5
    endloop
  endfacet
  facet normal 0 1 0
    outer loop
      vertex 39.2613 2 18.5535
      vertex 37.5872 2 16.3717
      vertex 37.125 2 16.6806
    endloop
  endfacet
  facet normal 0 1 0
    outer loop
      vertex 39.9497 2 17.9497
      vertex 38.0052 2 16.0052
      vertex 37.5872 2 16.3717
    endloop
  endfacet
  facet normal 0 1 0
    outer loop
      vertex 38.6806 2 15.125
      vertex 41.0622 2 16.5
      vertex 41.4672 2 15.6788
    endloop
  endfacet
  facet normal 0 1 0
    outer loop
      vertex 40.5535 2 17.2613
      vertex 38.3717 2 15.5872
      vertex 38.0052 2 16.0052
    endloop
  endfacet
  facet normal 0 1 0
    outer loop
      vertex 41.0622 2 16.5
      vertex 38.6806 2 15.125
      vertex 38.3717 2 15.5872
    endloop
  endfacet
  facet normal 0 1 0
    outer loop
      vertex 38.9265 2 14.6264
      vertex 41.4672 2 15.6788
      vertex 41.7615 2 14.8117
    endloop
  endfacet
  facet normal 0 1 0
    outer loop
      vertex 41.4672 2 15.6788
      vertex 38.9265 2 14.6264
      vertex 38.6806 2 15.125
    endloop
  endfacet
  facet normal 0 1 0
    outer loop
      vertex 41.7615 2 14.8117
      vertex 39.1052 2 14.1
      vertex 38.9265 2 14.6264
    endloop
  endfacet
  facet normal 0 1 0
    outer loop
      vertex 41.9401 2 13.9137
      vertex 39.1052 2 14.1
      vertex 41.7615 2 14.8117
    endloop
  endfacet
  facet normal 0 1 0
    outer loop
      vertex 41.9401 2 13.9137
      vertex 39.2136 2 13.5547
      vertex 39.1052 2 14.1
    endloop
  endfacet
  facet normal 0 1 0
    outer loop
      vertex 42 2 13
      vertex 39.2136 2 13.5547
      vertex 41.9401 2 13.9137
    endloop
  endfacet
  facet normal 0 1 0
    outer loop
      vertex 42 2 13
      vertex 39.25 2 13
      vertex 39.2136 2 13.5547
    endloop
  endfacet
  facet normal 0 1 0
    outer loop
      vertex 42 2 13
      vertex 39.2136 2 12.4453
      vertex 39.25 2 13
    endloop
  endfacet
  facet normal 0 1 -0
    outer loop
      vertex 41.9401 2 12.0863
      vertex 39.2136 2 12.4453
      vertex 42 2 13
    endloop
  endfacet
  facet normal 0 1 0
    outer loop
      vertex 41.9401 2 12.0863
      vertex 39.1052 2 11.9
      vertex 39.2136 2 12.4453
    endloop
  endfacet
  facet normal 0 1 -0
    outer loop
      vertex 41.7615 2 11.1883
      vertex 39.1052 2 11.9
      vertex 41.9401 2 12.0863
    endloop
  endfacet
  facet normal 0 1 0
    outer loop
      vertex 39.1052 2 11.9
      vertex 41.7615 2 11.1883
      vertex 38.9265 2 11.3736
    endloop
  endfacet
  facet normal 0 1 -0
    outer loop
      vertex 41.4672 2 10.3212
      vertex 38.9265 2 11.3736
      vertex 41.7615 2 11.1883
    endloop
  endfacet
  facet normal 0 1 0
    outer loop
      vertex 38.9265 2 11.3736
      vertex 41.4672 2 10.3212
      vertex 38.6806 2 10.875
    endloop
  endfacet
  facet normal 0 1 -0
    outer loop
      vertex 41.0622 2 9.5
      vertex 38.6806 2 10.875
      vertex 41.4672 2 10.3212
    endloop
  endfacet
  facet normal 0 1 0
    outer loop
      vertex 38.6806 2 10.875
      vertex 41.0622 2 9.5
      vertex 38.3717 2 10.4128
    endloop
  endfacet
  facet normal 0 1 -0
    outer loop
      vertex 40.5535 2 8.73867
      vertex 38.3717 2 10.4128
      vertex 41.0622 2 9.5
    endloop
  endfacet
  facet normal 0 1 0
    outer loop
      vertex 38.3717 2 10.4128
      vertex 40.5535 2 8.73867
      vertex 38.0052 2 9.9948
    endloop
  endfacet
  facet normal 0 1 -0
    outer loop
      vertex 39.9497 2 8.05025
      vertex 38.0052 2 9.9948
      vertex 40.5535 2 8.73867
    endloop
  endfacet
  facet normal 0 1 0
    outer loop
      vertex 38.0052 2 9.9948
      vertex 39.9497 2 8.05025
      vertex 37.5872 2 9.62825
    endloop
  endfacet
  facet normal 0 1 -0
    outer loop
      vertex 39.2613 2 7.44653
      vertex 37.5872 2 9.62825
      vertex 39.9497 2 8.05025
    endloop
  endfacet
  facet normal 0 1 0
    outer loop
      vertex 37.5872 2 9.62825
      vertex 39.2613 2 7.44653
      vertex 37.125 2 9.31939
    endloop
  endfacet
  facet normal 0 1 0
    outer loop
      vertex 37.125 2 9.31939
      vertex 38.5 2 6.93782
      vertex 36.6264 2 9.07351
    endloop
  endfacet
  facet normal 0 1 -0
    outer loop
      vertex 38.5 2 6.93782
      vertex 37.125 2 9.31939
      vertex 39.2613 2 7.44653
    endloop
  endfacet
  facet normal 0 1 -0
    outer loop
      vertex 32.875 2 16.6806
      vertex 31.5 2 19.0622
      vertex 33.3736 2 16.9265
    endloop
  endfacet
  facet normal 0 1 0
    outer loop
      vertex 31.5 2 19.0622
      vertex 32.875 2 16.6806
      vertex 30.7387 2 18.5535
    endloop
  endfacet
  facet normal 0 1 -0
    outer loop
      vertex 32.4128 2 16.3717
      vertex 30.7387 2 18.5535
      vertex 32.875 2 16.6806
    endloop
  endfacet
  facet normal 0 1 0
    outer loop
      vertex 30.7387 2 18.5535
      vertex 32.4128 2 16.3717
      vertex 30.0503 2 17.9497
    endloop
  endfacet
  facet normal 0 1 -0
    outer loop
      vertex 31.9948 2 16.0052
      vertex 30.0503 2 17.9497
      vertex 32.4128 2 16.3717
    endloop
  endfacet
  facet normal 0 1 0
    outer loop
      vertex 30.0503 2 17.9497
      vertex 31.9948 2 16.0052
      vertex 29.4465 2 17.2613
    endloop
  endfacet
  facet normal 0 1 -0
    outer loop
      vertex 31.6283 2 15.5872
      vertex 29.4465 2 17.2613
      vertex 31.9948 2 16.0052
    endloop
  endfacet
  facet normal 0 1 0
    outer loop
      vertex 29.4465 2 17.2613
      vertex 31.6283 2 15.5872
      vertex 28.9378 2 16.5
    endloop
  endfacet
  facet normal 0 1 -0
    outer loop
      vertex 31.3194 2 15.125
      vertex 28.9378 2 16.5
      vertex 31.6283 2 15.5872
    endloop
  endfacet
  facet normal 0 1 0
    outer loop
      vertex 28.9378 2 16.5
      vertex 31.3194 2 15.125
      vertex 28.5328 2 15.6788
    endloop
  endfacet
  facet normal 0 1 -0
    outer loop
      vertex 31.0735 2 14.6264
      vertex 28.5328 2 15.6788
      vertex 31.3194 2 15.125
    endloop
  endfacet
  facet normal 0 1 0
    outer loop
      vertex 28.5328 2 15.6788
      vertex 31.0735 2 14.6264
      vertex 28.2385 2 14.8117
    endloop
  endfacet
  facet normal 0 1 -0
    outer loop
      vertex 30.8948 2 14.1
      vertex 28.2385 2 14.8117
      vertex 31.0735 2 14.6264
    endloop
  endfacet
  facet normal 0 1 0
    outer loop
      vertex 30.8948 2 14.1
      vertex 28.0599 2 13.9137
      vertex 28.2385 2 14.8117
    endloop
  endfacet
  facet normal 0 1 -0
    outer loop
      vertex 30.7864 2 13.5547
      vertex 28.0599 2 13.9137
      vertex 30.8948 2 14.1
    endloop
  endfacet
  facet normal 0 1 -0
    outer loop
      vertex 30.75 2 13
      vertex 28.0599 2 13.9137
      vertex 30.7864 2 13.5547
    endloop
  endfacet
  facet normal 0 1 0
    outer loop
      vertex 30.75 2 13
      vertex 28 2 13
      vertex 28.0599 2 13.9137
    endloop
  endfacet
  facet normal 0 1 0
    outer loop
      vertex 30.7864 2 12.4453
      vertex 28 2 13
      vertex 30.75 2 13
    endloop
  endfacet
  facet normal 0 1 0
    outer loop
      vertex 30.7864 2 12.4453
      vertex 28.0599 2 12.0863
      vertex 28 2 13
    endloop
  endfacet
  facet normal 0 1 0
    outer loop
      vertex 30.8948 2 11.9
      vertex 28.0599 2 12.0863
      vertex 30.7864 2 12.4453
    endloop
  endfacet
  facet normal 0 1 0
    outer loop
      vertex 28.2385 2 11.1883
      vertex 30.8948 2 11.9
      vertex 31.0735 2 11.3736
    endloop
  endfacet
  facet normal 0 1 0
    outer loop
      vertex 30.8948 2 11.9
      vertex 28.2385 2 11.1883
      vertex 28.0599 2 12.0863
    endloop
  endfacet
  facet normal 0 1 0
    outer loop
      vertex 28.5328 2 10.3212
      vertex 31.0735 2 11.3736
      vertex 31.3194 2 10.875
    endloop
  endfacet
  facet normal 0 1 0
    outer loop
      vertex 28.9378 2 9.5
      vertex 31.3194 2 10.875
      vertex 31.6283 2 10.4128
    endloop
  endfacet
  facet normal 0 1 0
    outer loop
      vertex 31.0735 2 11.3736
      vertex 28.5328 2 10.3212
      vertex 28.2385 2 11.1883
    endloop
  endfacet
  facet normal 0 1 0
    outer loop
      vertex 29.4465 2 8.73867
      vertex 31.6283 2 10.4128
      vertex 31.9948 2 9.9948
    endloop
  endfacet
  facet normal 0 1 0
    outer loop
      vertex 30.0503 2 8.05025
      vertex 31.9948 2 9.9948
      vertex 32.4128 2 9.62825
    endloop
  endfacet
  facet normal 0 1 0
    outer loop
      vertex 31.3194 2 10.875
      vertex 28.9378 2 9.5
      vertex 28.5328 2 10.3212
    endloop
  endfacet
  facet normal 0 1 0
    outer loop
      vertex 30.7387 2 7.44653
      vertex 32.4128 2 9.62825
      vertex 32.875 2 9.31939
    endloop
  endfacet
  facet normal 0 1 0
    outer loop
      vertex 31.5 2 6.93782
      vertex 32.875 2 9.31939
      vertex 33.3736 2 9.07351
    endloop
  endfacet
  facet normal 0 1 0
    outer loop
      vertex 32.3212 2 6.53284
      vertex 33.3736 2 9.07351
      vertex 33.9 2 8.89482
    endloop
  endfacet
  facet normal 0 1 0
    outer loop
      vertex 33.1883 2 6.23852
      vertex 33.9 2 8.89482
      vertex 34.4453 2 8.78636
    endloop
  endfacet
  facet normal 0 1 0
    outer loop
      vertex 31.6283 2 10.4128
      vertex 29.4465 2 8.73867
      vertex 28.9378 2 9.5
    endloop
  endfacet
  facet normal 0 1 0
    outer loop
      vertex 34.0863 2 6.05989
      vertex 34.4453 2 8.78636
      vertex 35 2 8.75
    endloop
  endfacet
  facet normal 0 1 -0
    outer loop
      vertex 37.6788 2 6.53284
      vertex 36.6264 2 9.07351
      vertex 38.5 2 6.93782
    endloop
  endfacet
  facet normal 0 1 0
    outer loop
      vertex 36.6264 2 9.07351
      vertex 37.6788 2 6.53284
      vertex 36.1 2 8.89482
    endloop
  endfacet
  facet normal 0 1 0
    outer loop
      vertex 31.9948 2 9.9948
      vertex 30.0503 2 8.05025
      vertex 29.4465 2 8.73867
    endloop
  endfacet
  facet normal 0 1 -0
    outer loop
      vertex 36.8117 2 6.23852
      vertex 36.1 2 8.89482
      vertex 37.6788 2 6.53284
    endloop
  endfacet
  facet normal 0 1 0
    outer loop
      vertex 32.4128 2 9.62825
      vertex 30.7387 2 7.44653
      vertex 30.0503 2 8.05025
    endloop
  endfacet
  facet normal 0 1 0
    outer loop
      vertex 36.1 2 8.89482
      vertex 36.8117 2 6.23852
      vertex 35.5547 2 8.78636
    endloop
  endfacet
  facet normal 0 1 0
    outer loop
      vertex 32.875 2 9.31939
      vertex 31.5 2 6.93782
      vertex 30.7387 2 7.44653
    endloop
  endfacet
  facet normal 0 1 -0
    outer loop
      vertex 35.9137 2 6.05989
      vertex 35.5547 2 8.78636
      vertex 36.8117 2 6.23852
    endloop
  endfacet
  facet normal 0 1 0
    outer loop
      vertex 33.3736 2 9.07351
      vertex 32.3212 2 6.53284
      vertex 31.5 2 6.93782
    endloop
  endfacet
  facet normal 0 1 0
    outer loop
      vertex 35.5547 2 8.78636
      vertex 35.9137 2 6.05989
      vertex 35 2 8.75
    endloop
  endfacet
  facet normal 0 1 0
    outer loop
      vertex 33.9 2 8.89482
      vertex 33.1883 2 6.23852
      vertex 32.3212 2 6.53284
    endloop
  endfacet
  facet normal 0 1 0
    outer loop
      vertex 35 2 6
      vertex 35 2 8.75
      vertex 35.9137 2 6.05989
    endloop
  endfacet
  facet normal 0 1 0
    outer loop
      vertex 34.4453 2 8.78636
      vertex 34.0863 2 6.05989
      vertex 33.1883 2 6.23852
    endloop
  endfacet
  facet normal 0 1 0
    outer loop
      vertex 35 2 8.75
      vertex 35 2 6
      vertex 34.0863 2 6.05989
    endloop
  endfacet
  facet normal 0.946944 -0 0.3214
    outer loop
      vertex 28.2385 2 11.1883
      vertex 28.5328 3 10.3212
      vertex 28.2385 3 11.1883
    endloop
  endfacet
  facet normal 0.946944 0 0.3214
    outer loop
      vertex 28.5328 3 10.3212
      vertex 28.2385 2 11.1883
      vertex 28.5328 2 10.3212
    endloop
  endfacet
  facet normal 0.195097 0 0.980784
    outer loop
      vertex 33.1883 3 6.23852
      vertex 34.0863 2 6.05989
      vertex 34.0863 3 6.05989
    endloop
  endfacet
  facet normal 0.195097 0 0.980784
    outer loop
      vertex 34.0863 2 6.05989
      vertex 33.1883 3 6.23852
      vertex 33.1883 2 6.23852
    endloop
  endfacet
  facet normal 0.0654172 0 -0.997858
    outer loop
      vertex 34.0863 2 19.9401
      vertex 35 3 20
      vertex 35 2 20
    endloop
  endfacet
  facet normal 0.0654172 0 -0.997858
    outer loop
      vertex 35 3 20
      vertex 34.0863 2 19.9401
      vertex 34.0863 3 19.9401
    endloop
  endfacet
  facet normal 0.946944 0 -0.3214
    outer loop
      vertex 28.5328 2 15.6788
      vertex 28.2385 3 14.8117
      vertex 28.5328 3 15.6788
    endloop
  endfacet
  facet normal 0.946944 0 -0.3214
    outer loop
      vertex 28.2385 3 14.8117
      vertex 28.5328 2 15.6788
      vertex 28.2385 2 14.8117
    endloop
  endfacet
  facet normal 0.751791 0 -0.659401
    outer loop
      vertex 30.0503 2 17.9497
      vertex 29.4465 3 17.2613
      vertex 30.0503 3 17.9497
    endloop
  endfacet
  facet normal 0.751791 0 -0.659401
    outer loop
      vertex 29.4465 3 17.2613
      vertex 30.0503 2 17.9497
      vertex 29.4465 2 17.2613
    endloop
  endfacet
  facet normal 0.195066 0 -0.98079
    outer loop
      vertex 33.1883 2 19.7615
      vertex 34.0863 3 19.9401
      vertex 34.0863 2 19.9401
    endloop
  endfacet
  facet normal 0.195066 0 -0.98079
    outer loop
      vertex 34.0863 3 19.9401
      vertex 33.1883 2 19.7615
      vertex 33.1883 3 19.7615
    endloop
  endfacet
  facet normal -0.321419 0 0.946937
    outer loop
      vertex 36.8117 3 6.23852
      vertex 37.6788 2 6.53284
      vertex 37.6788 3 6.53284
    endloop
  endfacet
  facet normal -0.321419 0 0.946937
    outer loop
      vertex 37.6788 2 6.53284
      vertex 36.8117 3 6.23852
      vertex 36.8117 2 6.23852
    endloop
  endfacet
  facet normal 0.831472 -0 0.555567
    outer loop
      vertex 28.9378 2 9.5
      vertex 29.4465 3 8.73867
      vertex 28.9378 3 9.5
    endloop
  endfacet
  facet normal 0.831472 0 0.555567
    outer loop
      vertex 29.4465 3 8.73867
      vertex 28.9378 2 9.5
      vertex 29.4465 2 8.73867
    endloop
  endfacet
  facet normal 0 0 -1
    outer loop
      vertex 20.5 -3 0
      vertex 49.5 3 0
      vertex 49.5 -3 0
    endloop
  endfacet
  facet normal -0 0 -1
    outer loop
      vertex 49.5 3 0
      vertex 20.5 -3 0
      vertex 20.5 3 0
    endloop
  endfacet
  facet normal -1 0 0
    outer loop
      vertex 20.5 -3 0
      vertex 20.5 3 26
      vertex 20.5 3 0
    endloop
  endfacet
  facet normal -1 -0 0
    outer loop
      vertex 20.5 3 26
      vertex 20.5 -3 0
      vertex 20.5 -3 26
    endloop
  endfacet
  facet normal 0 1 0
    outer loop
      vertex 49.5 3 26
      vertex 35 3 20
      vertex 20.5 3 26
    endloop
  endfacet
  facet normal 0 1 0
    outer loop
      vertex 49.5 3 26
      vertex 35.9137 3 19.9401
      vertex 35 3 20
    endloop
  endfacet
  facet normal 0 1 0
    outer loop
      vertex 49.5 3 26
      vertex 36.8117 3 19.7615
      vertex 35.9137 3 19.9401
    endloop
  endfacet
  facet normal 0 1 0
    outer loop
      vertex 49.5 3 26
      vertex 37.6788 3 19.4672
      vertex 36.8117 3 19.7615
    endloop
  endfacet
  facet normal 0 1 0
    outer loop
      vertex 49.5 3 26
      vertex 38.5 3 19.0622
      vertex 37.6788 3 19.4672
    endloop
  endfacet
  facet normal 0 1 0
    outer loop
      vertex 49.5 3 26
      vertex 39.2613 3 18.5535
      vertex 38.5 3 19.0622
    endloop
  endfacet
  facet normal 0 1 0
    outer loop
      vertex 49.5 3 26
      vertex 39.9497 3 17.9497
      vertex 39.2613 3 18.5535
    endloop
  endfacet
  facet normal 0 1 0
    outer loop
      vertex 49.5 3 26
      vertex 40.5535 3 17.2613
      vertex 39.9497 3 17.9497
    endloop
  endfacet
  facet normal 0 1 0
    outer loop
      vertex 49.5 3 26
      vertex 41.0622 3 16.5
      vertex 40.5535 3 17.2613
    endloop
  endfacet
  facet normal 0 1 0
    outer loop
      vertex 49.5 3 26
      vertex 41.4672 3 15.6788
      vertex 41.0622 3 16.5
    endloop
  endfacet
  facet normal 0 1 0
    outer loop
      vertex 49.5 3 26
      vertex 41.7615 3 14.8117
      vertex 41.4672 3 15.6788
    endloop
  endfacet
  facet normal 0 1 0
    outer loop
      vertex 49.5 3 26
      vertex 41.9401 3 13.9137
      vertex 41.7615 3 14.8117
    endloop
  endfacet
  facet normal 0 1 0
    outer loop
      vertex 49.5 3 26
      vertex 42 3 13
      vertex 41.9401 3 13.9137
    endloop
  endfacet
  facet normal 0 1 -0
    outer loop
      vertex 49.5 3 0
      vertex 42 3 13
      vertex 49.5 3 26
    endloop
  endfacet
  facet normal 0 1 0
    outer loop
      vertex 42 3 13
      vertex 49.5 3 0
      vertex 41.9401 3 12.0863
    endloop
  endfacet
  facet normal 0 1 0
    outer loop
      vertex 41.9401 3 12.0863
      vertex 49.5 3 0
      vertex 41.7615 3 11.1883
    endloop
  endfacet
  facet normal 0 1 0
    outer loop
      vertex 41.7615 3 11.1883
      vertex 49.5 3 0
      vertex 41.4672 3 10.3212
    endloop
  endfacet
  facet normal 0 1 0
    outer loop
      vertex 35.9137 3 6.05989
      vertex 49.5 3 0
      vertex 35 3 6
    endloop
  endfacet
  facet normal 0 1 0
    outer loop
      vertex 36.8117 3 6.23852
      vertex 49.5 3 0
      vertex 35.9137 3 6.05989
    endloop
  endfacet
  facet normal 0 1 0
    outer loop
      vertex 37.6788 3 6.53284
      vertex 49.5 3 0
      vertex 36.8117 3 6.23852
    endloop
  endfacet
  facet normal 0 1 0
    outer loop
      vertex 38.5 3 6.93782
      vertex 49.5 3 0
      vertex 37.6788 3 6.53284
    endloop
  endfacet
  facet normal 0 1 0
    outer loop
      vertex 39.2613 3 7.44653
      vertex 49.5 3 0
      vertex 38.5 3 6.93782
    endloop
  endfacet
  facet normal 0 1 0
    outer loop
      vertex 39.9497 3 8.05025
      vertex 49.5 3 0
      vertex 39.2613 3 7.44653
    endloop
  endfacet
  facet normal 0 1 0
    outer loop
      vertex 40.5535 3 8.73867
      vertex 49.5 3 0
      vertex 39.9497 3 8.05025
    endloop
  endfacet
  facet normal 0 1 0
    outer loop
      vertex 41.0622 3 9.5
      vertex 49.5 3 0
      vertex 40.5535 3 8.73867
    endloop
  endfacet
  facet normal 0 1 0
    outer loop
      vertex 41.4672 3 10.3212
      vertex 49.5 3 0
      vertex 41.0622 3 9.5
    endloop
  endfacet
  facet normal 0 1 -0
    outer loop
      vertex 34.0863 3 19.9401
      vertex 20.5 3 26
      vertex 35 3 20
    endloop
  endfacet
  facet normal 0 1 -0
    outer loop
      vertex 33.1883 3 19.7615
      vertex 20.5 3 26
      vertex 34.0863 3 19.9401
    endloop
  endfacet
  facet normal 0 1 -0
    outer loop
      vertex 32.3212 3 19.4672
      vertex 20.5 3 26
      vertex 33.1883 3 19.7615
    endloop
  endfacet
  facet normal 0 1 -0
    outer loop
      vertex 31.5 3 19.0622
      vertex 20.5 3 26
      vertex 32.3212 3 19.4672
    endloop
  endfacet
  facet normal 0 1 -0
    outer loop
      vertex 30.7387 3 18.5535
      vertex 20.5 3 26
      vertex 31.5 3 19.0622
    endloop
  endfacet
  facet normal 0 1 -0
    outer loop
      vertex 30.0503 3 17.9497
      vertex 20.5 3 26
      vertex 30.7387 3 18.5535
    endloop
  endfacet
  facet normal 0 1 -0
    outer loop
      vertex 29.4465 3 17.2613
      vertex 20.5 3 26
      vertex 30.0503 3 17.9497
    endloop
  endfacet
  facet normal 0 1 -0
    outer loop
      vertex 28.9378 3 16.5
      vertex 20.5 3 26
      vertex 29.4465 3 17.2613
    endloop
  endfacet
  facet normal 0 1 -0
    outer loop
      vertex 28.5328 3 15.6788
      vertex 20.5 3 26
      vertex 28.9378 3 16.5
    endloop
  endfacet
  facet normal 0 1 -0
    outer loop
      vertex 28.2385 3 14.8117
      vertex 20.5 3 26
      vertex 28.5328 3 15.6788
    endloop
  endfacet
  facet normal 0 1 -0
    outer loop
      vertex 28.0599 3 13.9137
      vertex 20.5 3 26
      vertex 28.2385 3 14.8117
    endloop
  endfacet
  facet normal 0 1 -0
    outer loop
      vertex 28 3 13
      vertex 20.5 3 26
      vertex 28.0599 3 13.9137
    endloop
  endfacet
  facet normal 0 1 0
    outer loop
      vertex 20.5 3 0
      vertex 28 3 13
      vertex 28.0599 3 12.0863
    endloop
  endfacet
  facet normal 0 1 0
    outer loop
      vertex 20.5 3 0
      vertex 28.0599 3 12.0863
      vertex 28.2385 3 11.1883
    endloop
  endfacet
  facet normal 0 1 0
    outer loop
      vertex 20.5 3 0
      vertex 28.2385 3 11.1883
      vertex 28.5328 3 10.3212
    endloop
  endfacet
  facet normal 0 1 0
    outer loop
      vertex 20.5 3 0
      vertex 28.5328 3 10.3212
      vertex 28.9378 3 9.5
    endloop
  endfacet
  facet normal 0 1 0
    outer loop
      vertex 20.5 3 0
      vertex 35 3 6
      vertex 49.5 3 0
    endloop
  endfacet
  facet normal 0 1 0
    outer loop
      vertex 35 3 6
      vertex 20.5 3 0
      vertex 34.0863 3 6.05989
    endloop
  endfacet
  facet normal 0 1 0
    outer loop
      vertex 34.0863 3 6.05989
      vertex 20.5 3 0
      vertex 33.1883 3 6.23852
    endloop
  endfacet
  facet normal 0 1 0
    outer loop
      vertex 28 3 13
      vertex 20.5 3 0
      vertex 20.5 3 26
    endloop
  endfacet
  facet normal 0 1 0
    outer loop
      vertex 29.4465 3 8.73867
      vertex 20.5 3 0
      vertex 28.9378 3 9.5
    endloop
  endfacet
  facet normal 0 1 0
    outer loop
      vertex 30.0503 3 8.05025
      vertex 20.5 3 0
      vertex 29.4465 3 8.73867
    endloop
  endfacet
  facet normal 0 1 0
    outer loop
      vertex 30.7387 3 7.44653
      vertex 20.5 3 0
      vertex 30.0503 3 8.05025
    endloop
  endfacet
  facet normal 0 1 0
    outer loop
      vertex 31.5 3 6.93782
      vertex 20.5 3 0
      vertex 30.7387 3 7.44653
    endloop
  endfacet
  facet normal 0 1 0
    outer loop
      vertex 32.3212 3 6.53284
      vertex 20.5 3 0
      vertex 31.5 3 6.93782
    endloop
  endfacet
  facet normal 0 1 0
    outer loop
      vertex 33.1883 3 6.23852
      vertex 20.5 3 0
      vertex 32.3212 3 6.53284
    endloop
  endfacet
  facet normal 0 -1 0
    outer loop
      vertex 20.5 -3 0
      vertex 49.5 -3 26
      vertex 20.5 -3 26
    endloop
  endfacet
  facet normal 0 -1 -0
    outer loop
      vertex 49.5 -3 26
      vertex 20.5 -3 0
      vertex 49.5 -3 0
    endloop
  endfacet
endsolid OpenSCAD_Model
