solid OpenSCAD_Model
  facet normal -0.065428 0.997857 0
    outer loop
      vertex 7.65663 -1.18973 0
      vertex 7.5 -1.2 6
      vertex 7.65663 -1.18973 6
    endloop
  endfacet
  facet normal -0.065428 0.997857 0
    outer loop
      vertex 7.5 -1.2 6
      vertex 7.65663 -1.18973 0
      vertex 7.5 -1.2 0
    endloop
  endfacet
  facet normal -0.980789 -0.195073 0
    outer loop
      vertex 8.68973 0.156631 0
      vertex 8.65911 0.310582 6
      vertex 8.65911 0.310582 0
    endloop
  endfacet
  facet normal -0.980789 -0.195073 0
    outer loop
      vertex 8.65911 0.310582 6
      vertex 8.68973 0.156631 0
      vertex 8.68973 0.156631 6
    endloop
  endfacet
  facet normal -0.997857 -0.0654276 0
    outer loop
      vertex 8.7 0 0
      vertex 8.68973 0.156631 6
      vertex 8.68973 0.156631 0
    endloop
  endfacet
  facet normal -0.997857 -0.0654276 0
    outer loop
      vertex 8.68973 0.156631 6
      vertex 8.7 0 0
      vertex 8.7 0 6
    endloop
  endfacet
  facet normal -0.946922 -0.321463 0
    outer loop
      vertex 8.65911 0.310582 0
      vertex 8.60865 0.45922 6
      vertex 8.60865 0.45922 0
    endloop
  endfacet
  facet normal -0.946922 -0.321463 0
    outer loop
      vertex 8.60865 0.45922 6
      vertex 8.65911 0.310582 0
      vertex 8.65911 0.310582 6
    endloop
  endfacet
  facet normal -0.065428 -0.997857 0
    outer loop
      vertex 7.5 1.2 0
      vertex 7.65663 1.18973 6
      vertex 7.5 1.2 6
    endloop
  endfacet
  facet normal -0.065428 -0.997857 -0
    outer loop
      vertex 7.65663 1.18973 6
      vertex 7.5 1.2 0
      vertex 7.65663 1.18973 0
    endloop
  endfacet
  facet normal 0.659329 0.751855 -0
    outer loop
      vertex 6.76949 -0.952024 0
      vertex 6.65147 -0.848528 6
      vertex 6.76949 -0.952024 6
    endloop
  endfacet
  facet normal 0.659329 0.751855 0
    outer loop
      vertex 6.65147 -0.848528 6
      vertex 6.76949 -0.952024 0
      vertex 6.65147 -0.848528 0
    endloop
  endfacet
  facet normal 0.997857 0.0654276 0
    outer loop
      vertex 6.31027 -0.156631 6
      vertex 6.3 0 0
      vertex 6.3 0 6
    endloop
  endfacet
  facet normal 0.997857 0.0654276 0
    outer loop
      vertex 6.3 0 0
      vertex 6.31027 -0.156631 6
      vertex 6.31027 -0.156631 0
    endloop
  endfacet
  facet normal 0.659329 -0.751855 0
    outer loop
      vertex 6.65147 0.848528 0
      vertex 6.76949 0.952024 6
      vertex 6.65147 0.848528 6
    endloop
  endfacet
  facet normal 0.659329 -0.751855 0
    outer loop
      vertex 6.76949 0.952024 6
      vertex 6.65147 0.848528 0
      vertex 6.76949 0.952024 0
    endloop
  endfacet
  facet normal -0.751857 -0.659326 0
    outer loop
      vertex 8.45202 0.730514 0
      vertex 8.34853 0.848528 6
      vertex 8.34853 0.848528 0
    endloop
  endfacet
  facet normal -0.751857 -0.659326 0
    outer loop
      vertex 8.34853 0.848528 6
      vertex 8.45202 0.730514 0
      vertex 8.45202 0.730514 6
    endloop
  endfacet
  facet normal -0.997857 0.0654276 0
    outer loop
      vertex 8.68973 -0.156631 0
      vertex 8.7 0 6
      vertex 8.7 0 0
    endloop
  endfacet
  facet normal -0.997857 0.0654276 0
    outer loop
      vertex 8.7 0 6
      vertex 8.68973 -0.156631 0
      vertex 8.68973 -0.156631 6
    endloop
  endfacet
  facet normal -0.442263 -0.896885 0
    outer loop
      vertex 7.95922 1.10865 0
      vertex 8.1 1.03923 6
      vertex 7.95922 1.10865 6
    endloop
  endfacet
  facet normal -0.442263 -0.896885 -0
    outer loop
      vertex 8.1 1.03923 6
      vertex 7.95922 1.10865 0
      vertex 8.1 1.03923 0
    endloop
  endfacet
  facet normal -0.896884 0.442266 0
    outer loop
      vertex 8.53923 -0.599999 0
      vertex 8.60865 -0.45922 6
      vertex 8.60865 -0.45922 0
    endloop
  endfacet
  facet normal -0.896884 0.442266 0
    outer loop
      vertex 8.60865 -0.45922 6
      vertex 8.53923 -0.599999 0
      vertex 8.53923 -0.599999 6
    endloop
  endfacet
  facet normal 0.32146 0.946923 -0
    outer loop
      vertex 7.18942 -1.15911 0
      vertex 7.04078 -1.10865 6
      vertex 7.18942 -1.15911 6
    endloop
  endfacet
  facet normal 0.32146 0.946923 0
    outer loop
      vertex 7.04078 -1.10865 6
      vertex 7.18942 -1.15911 0
      vertex 7.04078 -1.10865 0
    endloop
  endfacet
  facet normal -0.831462 -0.555582 0
    outer loop
      vertex 8.53923 0.599999 0
      vertex 8.45202 0.730514 6
      vertex 8.45202 0.730514 0
    endloop
  endfacet
  facet normal -0.831462 -0.555582 0
    outer loop
      vertex 8.45202 0.730514 6
      vertex 8.53923 0.599999 0
      vertex 8.53923 0.599999 6
    endloop
  endfacet
  facet normal -0.896884 -0.442266 0
    outer loop
      vertex 8.60865 0.45922 0
      vertex 8.53923 0.599999 6
      vertex 8.53923 0.599999 0
    endloop
  endfacet
  facet normal -0.896884 -0.442266 0
    outer loop
      vertex 8.53923 0.599999 6
      vertex 8.60865 0.45922 0
      vertex 8.60865 0.45922 6
    endloop
  endfacet
  facet normal 0.831462 0.555582 0
    outer loop
      vertex 6.54798 -0.730514 6
      vertex 6.46077 -0.599999 0
      vertex 6.46077 -0.599999 6
    endloop
  endfacet
  facet normal 0.831462 0.555582 0
    outer loop
      vertex 6.46077 -0.599999 0
      vertex 6.54798 -0.730514 6
      vertex 6.54798 -0.730514 0
    endloop
  endfacet
  facet normal -0.442263 0.896885 0
    outer loop
      vertex 8.1 -1.03923 0
      vertex 7.95922 -1.10865 6
      vertex 8.1 -1.03923 6
    endloop
  endfacet
  facet normal -0.442263 0.896885 0
    outer loop
      vertex 7.95922 -1.10865 6
      vertex 8.1 -1.03923 0
      vertex 7.95922 -1.10865 0
    endloop
  endfacet
  facet normal 0.997857 -0.0654276 0
    outer loop
      vertex 6.3 0 6
      vertex 6.31027 0.156631 0
      vertex 6.31027 0.156631 6
    endloop
  endfacet
  facet normal 0.997857 -0.0654276 0
    outer loop
      vertex 6.31027 0.156631 0
      vertex 6.3 0 6
      vertex 6.3 0 0
    endloop
  endfacet
  facet normal 0.442263 -0.896885 0
    outer loop
      vertex 6.9 1.03923 0
      vertex 7.04078 1.10865 6
      vertex 6.9 1.03923 6
    endloop
  endfacet
  facet normal 0.442263 -0.896885 0
    outer loop
      vertex 7.04078 1.10865 6
      vertex 6.9 1.03923 0
      vertex 7.04078 1.10865 0
    endloop
  endfacet
  facet normal -0.195075 -0.980788 0
    outer loop
      vertex 7.65663 1.18973 0
      vertex 7.81058 1.15911 6
      vertex 7.65663 1.18973 6
    endloop
  endfacet
  facet normal -0.195075 -0.980788 -0
    outer loop
      vertex 7.81058 1.15911 6
      vertex 7.65663 1.18973 0
      vertex 7.81058 1.15911 0
    endloop
  endfacet
  facet normal 0.751857 -0.659326 0
    outer loop
      vertex 6.54798 0.730514 6
      vertex 6.65147 0.848528 0
      vertex 6.65147 0.848528 6
    endloop
  endfacet
  facet normal 0.751857 -0.659326 0
    outer loop
      vertex 6.65147 0.848528 0
      vertex 6.54798 0.730514 6
      vertex 6.54798 0.730514 0
    endloop
  endfacet
  facet normal -0.946922 0.321463 0
    outer loop
      vertex 8.60865 -0.45922 0
      vertex 8.65911 -0.310582 6
      vertex 8.65911 -0.310582 0
    endloop
  endfacet
  facet normal -0.946922 0.321463 0
    outer loop
      vertex 8.65911 -0.310582 6
      vertex 8.60865 -0.45922 0
      vertex 8.60865 -0.45922 6
    endloop
  endfacet
  facet normal 0.980789 -0.195073 0
    outer loop
      vertex 6.31027 0.156631 6
      vertex 6.34089 0.310582 0
      vertex 6.34089 0.310582 6
    endloop
  endfacet
  facet normal 0.980789 -0.195073 0
    outer loop
      vertex 6.34089 0.310582 0
      vertex 6.31027 0.156631 6
      vertex 6.31027 0.156631 0
    endloop
  endfacet
  facet normal 0.442263 0.896885 -0
    outer loop
      vertex 7.04078 -1.10865 0
      vertex 6.9 -1.03923 6
      vertex 7.04078 -1.10865 6
    endloop
  endfacet
  facet normal 0.442263 0.896885 0
    outer loop
      vertex 6.9 -1.03923 6
      vertex 7.04078 -1.10865 0
      vertex 6.9 -1.03923 0
    endloop
  endfacet
  facet normal 0.555579 -0.831464 0
    outer loop
      vertex 6.76949 0.952024 0
      vertex 6.9 1.03923 6
      vertex 6.76949 0.952024 6
    endloop
  endfacet
  facet normal 0.555579 -0.831464 0
    outer loop
      vertex 6.9 1.03923 6
      vertex 6.76949 0.952024 0
      vertex 6.9 1.03923 0
    endloop
  endfacet
  facet normal -0.659329 0.751855 0
    outer loop
      vertex 8.34853 -0.848528 0
      vertex 8.23051 -0.952024 6
      vertex 8.34853 -0.848528 6
    endloop
  endfacet
  facet normal -0.659329 0.751855 0
    outer loop
      vertex 8.23051 -0.952024 6
      vertex 8.34853 -0.848528 0
      vertex 8.23051 -0.952024 0
    endloop
  endfacet
  facet normal 0.32146 -0.946923 0
    outer loop
      vertex 7.04078 1.10865 0
      vertex 7.18942 1.15911 6
      vertex 7.04078 1.10865 6
    endloop
  endfacet
  facet normal 0.32146 -0.946923 0
    outer loop
      vertex 7.18942 1.15911 6
      vertex 7.04078 1.10865 0
      vertex 7.18942 1.15911 0
    endloop
  endfacet
  facet normal -0.831462 0.555582 0
    outer loop
      vertex 8.45202 -0.730514 0
      vertex 8.53923 -0.599999 6
      vertex 8.53923 -0.599999 0
    endloop
  endfacet
  facet normal -0.831462 0.555582 0
    outer loop
      vertex 8.53923 -0.599999 6
      vertex 8.45202 -0.730514 0
      vertex 8.45202 -0.730514 6
    endloop
  endfacet
  facet normal -0.555579 0.831464 0
    outer loop
      vertex 8.23051 -0.952024 0
      vertex 8.1 -1.03923 6
      vertex 8.23051 -0.952024 6
    endloop
  endfacet
  facet normal -0.555579 0.831464 0
    outer loop
      vertex 8.1 -1.03923 6
      vertex 8.23051 -0.952024 0
      vertex 8.1 -1.03923 0
    endloop
  endfacet
  facet normal -0.751857 0.659326 0
    outer loop
      vertex 8.34853 -0.848528 0
      vertex 8.45202 -0.730514 6
      vertex 8.45202 -0.730514 0
    endloop
  endfacet
  facet normal -0.751857 0.659326 0
    outer loop
      vertex 8.45202 -0.730514 6
      vertex 8.34853 -0.848528 0
      vertex 8.34853 -0.848528 6
    endloop
  endfacet
  facet normal -0.980789 0.195073 0
    outer loop
      vertex 8.65911 -0.310582 0
      vertex 8.68973 -0.156631 6
      vertex 8.68973 -0.156631 0
    endloop
  endfacet
  facet normal -0.980789 0.195073 0
    outer loop
      vertex 8.68973 -0.156631 6
      vertex 8.65911 -0.310582 0
      vertex 8.65911 -0.310582 6
    endloop
  endfacet
  facet normal 0.065428 -0.997857 0
    outer loop
      vertex 7.34337 1.18973 0
      vertex 7.5 1.2 6
      vertex 7.34337 1.18973 6
    endloop
  endfacet
  facet normal 0.065428 -0.997857 0
    outer loop
      vertex 7.5 1.2 6
      vertex 7.34337 1.18973 0
      vertex 7.5 1.2 0
    endloop
  endfacet
  facet normal 0.896859 0.442317 0
    outer loop
      vertex 6.46077 -0.599999 6
      vertex 6.39134 -0.45922 0
      vertex 6.39134 -0.45922 6
    endloop
  endfacet
  facet normal 0.896859 0.442317 0
    outer loop
      vertex 6.39134 -0.45922 0
      vertex 6.46077 -0.599999 6
      vertex 6.46077 -0.599999 0
    endloop
  endfacet
  facet normal 0.896859 -0.442317 0
    outer loop
      vertex 6.39134 0.45922 6
      vertex 6.46077 0.599999 0
      vertex 6.46077 0.599999 6
    endloop
  endfacet
  facet normal 0.896859 -0.442317 0
    outer loop
      vertex 6.46077 0.599999 0
      vertex 6.39134 0.45922 6
      vertex 6.39134 0.45922 0
    endloop
  endfacet
  facet normal -0.555579 -0.831464 0
    outer loop
      vertex 8.1 1.03923 0
      vertex 8.23051 0.952024 6
      vertex 8.1 1.03923 6
    endloop
  endfacet
  facet normal -0.555579 -0.831464 -0
    outer loop
      vertex 8.23051 0.952024 6
      vertex 8.1 1.03923 0
      vertex 8.23051 0.952024 0
    endloop
  endfacet
  facet normal 0.980789 0.195073 0
    outer loop
      vertex 6.34089 -0.310582 6
      vertex 6.31027 -0.156631 0
      vertex 6.31027 -0.156631 6
    endloop
  endfacet
  facet normal 0.980789 0.195073 0
    outer loop
      vertex 6.31027 -0.156631 0
      vertex 6.34089 -0.310582 6
      vertex 6.34089 -0.310582 0
    endloop
  endfacet
  facet normal -0.32146 0.946923 0
    outer loop
      vertex 7.95922 -1.10865 0
      vertex 7.81058 -1.15911 6
      vertex 7.95922 -1.10865 6
    endloop
  endfacet
  facet normal -0.32146 0.946923 0
    outer loop
      vertex 7.81058 -1.15911 6
      vertex 7.95922 -1.10865 0
      vertex 7.81058 -1.15911 0
    endloop
  endfacet
  facet normal -0.659329 -0.751855 0
    outer loop
      vertex 8.23051 0.952024 0
      vertex 8.34853 0.848528 6
      vertex 8.23051 0.952024 6
    endloop
  endfacet
  facet normal -0.659329 -0.751855 -0
    outer loop
      vertex 8.34853 0.848528 6
      vertex 8.23051 0.952024 0
      vertex 8.34853 0.848528 0
    endloop
  endfacet
  facet normal -0.195075 0.980788 0
    outer loop
      vertex 7.81058 -1.15911 0
      vertex 7.65663 -1.18973 6
      vertex 7.81058 -1.15911 6
    endloop
  endfacet
  facet normal -0.195075 0.980788 0
    outer loop
      vertex 7.65663 -1.18973 6
      vertex 7.81058 -1.15911 0
      vertex 7.65663 -1.18973 0
    endloop
  endfacet
  facet normal 0.946941 -0.321406 0
    outer loop
      vertex 6.34089 0.310582 6
      vertex 6.39134 0.45922 0
      vertex 6.39134 0.45922 6
    endloop
  endfacet
  facet normal 0.946941 -0.321406 0
    outer loop
      vertex 6.39134 0.45922 0
      vertex 6.34089 0.310582 6
      vertex 6.34089 0.310582 0
    endloop
  endfacet
  facet normal 0.195075 -0.980788 0
    outer loop
      vertex 7.18942 1.15911 0
      vertex 7.34337 1.18973 6
      vertex 7.18942 1.15911 6
    endloop
  endfacet
  facet normal 0.195075 -0.980788 0
    outer loop
      vertex 7.34337 1.18973 6
      vertex 7.18942 1.15911 0
      vertex 7.34337 1.18973 0
    endloop
  endfacet
  facet normal 0.065428 0.997857 -0
    outer loop
      vertex 7.5 -1.2 0
      vertex 7.34337 -1.18973 6
      vertex 7.5 -1.2 6
    endloop
  endfacet
  facet normal 0.065428 0.997857 0
    outer loop
      vertex 7.34337 -1.18973 6
      vertex 7.5 -1.2 0
      vertex 7.34337 -1.18973 0
    endloop
  endfacet
  facet normal 0.946941 0.321406 0
    outer loop
      vertex 6.39134 -0.45922 6
      vertex 6.34089 -0.310582 0
      vertex 6.34089 -0.310582 6
    endloop
  endfacet
  facet normal 0.946941 0.321406 0
    outer loop
      vertex 6.34089 -0.310582 0
      vertex 6.39134 -0.45922 6
      vertex 6.39134 -0.45922 0
    endloop
  endfacet
  facet normal 0.751857 0.659326 0
    outer loop
      vertex 6.65147 -0.848528 6
      vertex 6.54798 -0.730514 0
      vertex 6.54798 -0.730514 6
    endloop
  endfacet
  facet normal 0.751857 0.659326 0
    outer loop
      vertex 6.54798 -0.730514 0
      vertex 6.65147 -0.848528 6
      vertex 6.65147 -0.848528 0
    endloop
  endfacet
  facet normal 0.195075 0.980788 -0
    outer loop
      vertex 7.34337 -1.18973 0
      vertex 7.18942 -1.15911 6
      vertex 7.34337 -1.18973 6
    endloop
  endfacet
  facet normal 0.195075 0.980788 0
    outer loop
      vertex 7.18942 -1.15911 6
      vertex 7.34337 -1.18973 0
      vertex 7.18942 -1.15911 0
    endloop
  endfacet
  facet normal 0.555579 0.831464 -0
    outer loop
      vertex 6.9 -1.03923 0
      vertex 6.76949 -0.952024 6
      vertex 6.9 -1.03923 6
    endloop
  endfacet
  facet normal 0.555579 0.831464 0
    outer loop
      vertex 6.76949 -0.952024 6
      vertex 6.9 -1.03923 0
      vertex 6.76949 -0.952024 0
    endloop
  endfacet
  facet normal -0.32146 -0.946923 0
    outer loop
      vertex 7.81058 1.15911 0
      vertex 7.95922 1.10865 6
      vertex 7.81058 1.15911 6
    endloop
  endfacet
  facet normal -0.32146 -0.946923 -0
    outer loop
      vertex 7.95922 1.10865 6
      vertex 7.81058 1.15911 0
      vertex 7.95922 1.10865 0
    endloop
  endfacet
  facet normal 0.831462 -0.555582 0
    outer loop
      vertex 6.46077 0.599999 6
      vertex 6.54798 0.730514 0
      vertex 6.54798 0.730514 6
    endloop
  endfacet
  facet normal 0.831462 -0.555582 0
    outer loop
      vertex 6.54798 0.730514 0
      vertex 6.46077 0.599999 6
      vertex 6.46077 0.599999 0
    endloop
  endfacet
  facet normal 0.195073 -0.980789 0
    outer loop
      vertex -0.310582 8.65911 0
      vertex -0.156631 8.68973 6
      vertex -0.310582 8.65911 6
    endloop
  endfacet
  facet normal 0.195073 -0.980789 0
    outer loop
      vertex -0.156631 8.68973 6
      vertex -0.310582 8.65911 0
      vertex -0.156631 8.68973 0
    endloop
  endfacet
  facet normal 0.0654276 -0.997857 0
    outer loop
      vertex -0.156631 8.68973 0
      vertex 0 8.7 6
      vertex -0.156631 8.68973 6
    endloop
  endfacet
  facet normal 0.0654276 -0.997857 0
    outer loop
      vertex 0 8.7 6
      vertex -0.156631 8.68973 0
      vertex 0 8.7 0
    endloop
  endfacet
  facet normal 0.321463 -0.946922 0
    outer loop
      vertex -0.45922 8.60865 0
      vertex -0.310582 8.65911 6
      vertex -0.45922 8.60865 6
    endloop
  endfacet
  facet normal 0.321463 -0.946922 0
    outer loop
      vertex -0.310582 8.65911 6
      vertex -0.45922 8.60865 0
      vertex -0.310582 8.65911 0
    endloop
  endfacet
  facet normal 0.946923 -0.32146 0
    outer loop
      vertex -1.15911 7.81058 6
      vertex -1.10865 7.95922 0
      vertex -1.10865 7.95922 6
    endloop
  endfacet
  facet normal 0.946923 -0.32146 0
    outer loop
      vertex -1.10865 7.95922 0
      vertex -1.15911 7.81058 6
      vertex -1.15911 7.81058 0
    endloop
  endfacet
  facet normal 0.997857 -0.065428 0
    outer loop
      vertex -1.2 7.5 6
      vertex -1.18973 7.65663 0
      vertex -1.18973 7.65663 6
    endloop
  endfacet
  facet normal 0.997857 -0.065428 0
    outer loop
      vertex -1.18973 7.65663 0
      vertex -1.2 7.5 6
      vertex -1.2 7.5 0
    endloop
  endfacet
  facet normal -0.751855 0.659329 0
    outer loop
      vertex 0.848528 6.65147 0
      vertex 0.952024 6.76949 6
      vertex 0.952024 6.76949 0
    endloop
  endfacet
  facet normal -0.751855 0.659329 0
    outer loop
      vertex 0.952024 6.76949 6
      vertex 0.848528 6.65147 0
      vertex 0.848528 6.65147 6
    endloop
  endfacet
  facet normal -0.0654276 0.997857 0
    outer loop
      vertex 0.156631 6.31027 0
      vertex 0 6.3 6
      vertex 0.156631 6.31027 6
    endloop
  endfacet
  facet normal -0.0654276 0.997857 0
    outer loop
      vertex 0 6.3 6
      vertex 0.156631 6.31027 0
      vertex 0 6.3 0
    endloop
  endfacet
  facet normal 0.659326 -0.751857 0
    outer loop
      vertex -0.848528 8.34853 0
      vertex -0.730514 8.45202 6
      vertex -0.848528 8.34853 6
    endloop
  endfacet
  facet normal 0.659326 -0.751857 0
    outer loop
      vertex -0.730514 8.45202 6
      vertex -0.848528 8.34853 0
      vertex -0.730514 8.45202 0
    endloop
  endfacet
  facet normal 0.946923 0.32146 0
    outer loop
      vertex -1.10865 7.04078 6
      vertex -1.15911 7.18942 0
      vertex -1.15911 7.18942 6
    endloop
  endfacet
  facet normal 0.946923 0.32146 0
    outer loop
      vertex -1.15911 7.18942 0
      vertex -1.10865 7.04078 6
      vertex -1.10865 7.04078 0
    endloop
  endfacet
  facet normal -0.0654276 -0.997857 0
    outer loop
      vertex 0 8.7 0
      vertex 0.156631 8.68973 6
      vertex 0 8.7 6
    endloop
  endfacet
  facet normal -0.0654276 -0.997857 -0
    outer loop
      vertex 0.156631 8.68973 6
      vertex 0 8.7 0
      vertex 0.156631 8.68973 0
    endloop
  endfacet
  facet normal 0.896885 -0.442263 0
    outer loop
      vertex -1.10865 7.95922 6
      vertex -1.03923 8.1 0
      vertex -1.03923 8.1 6
    endloop
  endfacet
  facet normal 0.896885 -0.442263 0
    outer loop
      vertex -1.03923 8.1 0
      vertex -1.10865 7.95922 6
      vertex -1.10865 7.95922 0
    endloop
  endfacet
  facet normal -0.442266 -0.896884 0
    outer loop
      vertex 0.45922 8.60865 0
      vertex 0.599999 8.53923 6
      vertex 0.45922 8.60865 6
    endloop
  endfacet
  facet normal -0.442266 -0.896884 -0
    outer loop
      vertex 0.599999 8.53923 6
      vertex 0.45922 8.60865 0
      vertex 0.599999 8.53923 0
    endloop
  endfacet
  facet normal -0.946923 0.32146 0
    outer loop
      vertex 1.10865 7.04078 0
      vertex 1.15911 7.18942 6
      vertex 1.15911 7.18942 0
    endloop
  endfacet
  facet normal -0.946923 0.32146 0
    outer loop
      vertex 1.15911 7.18942 6
      vertex 1.10865 7.04078 0
      vertex 1.10865 7.04078 6
    endloop
  endfacet
  facet normal 0.555582 -0.831462 0
    outer loop
      vertex -0.730514 8.45202 0
      vertex -0.599999 8.53923 6
      vertex -0.730514 8.45202 6
    endloop
  endfacet
  facet normal 0.555582 -0.831462 0
    outer loop
      vertex -0.599999 8.53923 6
      vertex -0.730514 8.45202 0
      vertex -0.599999 8.53923 0
    endloop
  endfacet
  facet normal 0.442266 -0.896884 0
    outer loop
      vertex -0.599999 8.53923 0
      vertex -0.45922 8.60865 6
      vertex -0.599999 8.53923 6
    endloop
  endfacet
  facet normal 0.442266 -0.896884 0
    outer loop
      vertex -0.45922 8.60865 6
      vertex -0.599999 8.53923 0
      vertex -0.45922 8.60865 0
    endloop
  endfacet
  facet normal -0.555582 0.831462 0
    outer loop
      vertex 0.730514 6.54798 0
      vertex 0.599999 6.46077 6
      vertex 0.730514 6.54798 6
    endloop
  endfacet
  facet normal -0.555582 0.831462 0
    outer loop
      vertex 0.599999 6.46077 6
      vertex 0.730514 6.54798 0
      vertex 0.599999 6.46077 0
    endloop
  endfacet
  facet normal -0.896885 -0.442263 0
    outer loop
      vertex 1.10865 7.95922 0
      vertex 1.03923 8.1 6
      vertex 1.03923 8.1 0
    endloop
  endfacet
  facet normal -0.896885 -0.442263 0
    outer loop
      vertex 1.03923 8.1 6
      vertex 1.10865 7.95922 0
      vertex 1.10865 7.95922 6
    endloop
  endfacet
  facet normal 0.555582 0.831462 -0
    outer loop
      vertex -0.599999 6.46077 0
      vertex -0.730514 6.54798 6
      vertex -0.599999 6.46077 6
    endloop
  endfacet
  facet normal 0.555582 0.831462 0
    outer loop
      vertex -0.730514 6.54798 6
      vertex -0.599999 6.46077 0
      vertex -0.730514 6.54798 0
    endloop
  endfacet
  facet normal 0.751855 0.659329 0
    outer loop
      vertex -0.848528 6.65147 6
      vertex -0.952024 6.76949 0
      vertex -0.952024 6.76949 6
    endloop
  endfacet
  facet normal 0.751855 0.659329 0
    outer loop
      vertex -0.952024 6.76949 0
      vertex -0.848528 6.65147 6
      vertex -0.848528 6.65147 0
    endloop
  endfacet
  facet normal -0.195073 -0.980789 0
    outer loop
      vertex 0.156631 8.68973 0
      vertex 0.310582 8.65911 6
      vertex 0.156631 8.68973 6
    endloop
  endfacet
  facet normal -0.195073 -0.980789 -0
    outer loop
      vertex 0.310582 8.65911 6
      vertex 0.156631 8.68973 0
      vertex 0.310582 8.65911 0
    endloop
  endfacet
  facet normal -0.997857 -0.065428 0
    outer loop
      vertex 1.2 7.5 0
      vertex 1.18973 7.65663 6
      vertex 1.18973 7.65663 0
    endloop
  endfacet
  facet normal -0.997857 -0.065428 0
    outer loop
      vertex 1.18973 7.65663 6
      vertex 1.2 7.5 0
      vertex 1.2 7.5 6
    endloop
  endfacet
  facet normal 0.896885 0.442263 0
    outer loop
      vertex -1.03923 6.9 6
      vertex -1.10865 7.04078 0
      vertex -1.10865 7.04078 6
    endloop
  endfacet
  facet normal 0.896885 0.442263 0
    outer loop
      vertex -1.10865 7.04078 0
      vertex -1.03923 6.9 6
      vertex -1.03923 6.9 0
    endloop
  endfacet
  facet normal 0.0654276 0.997857 -0
    outer loop
      vertex 0 6.3 0
      vertex -0.156631 6.31027 6
      vertex 0 6.3 6
    endloop
  endfacet
  facet normal 0.0654276 0.997857 0
    outer loop
      vertex -0.156631 6.31027 6
      vertex 0 6.3 0
      vertex -0.156631 6.31027 0
    endloop
  endfacet
  facet normal 0.980788 -0.195075 0
    outer loop
      vertex -1.18973 7.65663 6
      vertex -1.15911 7.81058 0
      vertex -1.15911 7.81058 6
    endloop
  endfacet
  facet normal 0.980788 -0.195075 0
    outer loop
      vertex -1.15911 7.81058 0
      vertex -1.18973 7.65663 6
      vertex -1.18973 7.65663 0
    endloop
  endfacet
  facet normal 0.659326 0.751857 -0
    outer loop
      vertex -0.730514 6.54798 0
      vertex -0.848528 6.65147 6
      vertex -0.730514 6.54798 6
    endloop
  endfacet
  facet normal 0.659326 0.751857 0
    outer loop
      vertex -0.848528 6.65147 6
      vertex -0.730514 6.54798 0
      vertex -0.848528 6.65147 0
    endloop
  endfacet
  facet normal -0.321463 -0.946922 0
    outer loop
      vertex 0.310582 8.65911 0
      vertex 0.45922 8.60865 6
      vertex 0.310582 8.65911 6
    endloop
  endfacet
  facet normal -0.321463 -0.946922 -0
    outer loop
      vertex 0.45922 8.60865 6
      vertex 0.310582 8.65911 0
      vertex 0.45922 8.60865 0
    endloop
  endfacet
  facet normal 0.195073 0.980789 -0
    outer loop
      vertex -0.156631 6.31027 0
      vertex -0.310582 6.34089 6
      vertex -0.156631 6.31027 6
    endloop
  endfacet
  facet normal 0.195073 0.980789 0
    outer loop
      vertex -0.310582 6.34089 6
      vertex -0.156631 6.31027 0
      vertex -0.310582 6.34089 0
    endloop
  endfacet
  facet normal -0.896885 0.442263 0
    outer loop
      vertex 1.03923 6.9 0
      vertex 1.10865 7.04078 6
      vertex 1.10865 7.04078 0
    endloop
  endfacet
  facet normal -0.896885 0.442263 0
    outer loop
      vertex 1.10865 7.04078 6
      vertex 1.03923 6.9 0
      vertex 1.03923 6.9 6
    endloop
  endfacet
  facet normal 0.831464 0.555579 0
    outer loop
      vertex -0.952024 6.76949 6
      vertex -1.03923 6.9 0
      vertex -1.03923 6.9 6
    endloop
  endfacet
  facet normal 0.831464 0.555579 0
    outer loop
      vertex -1.03923 6.9 0
      vertex -0.952024 6.76949 6
      vertex -0.952024 6.76949 0
    endloop
  endfacet
  facet normal -0.751855 -0.659329 0
    outer loop
      vertex 0.952024 8.23051 0
      vertex 0.848528 8.34853 6
      vertex 0.848528 8.34853 0
    endloop
  endfacet
  facet normal -0.751855 -0.659329 0
    outer loop
      vertex 0.848528 8.34853 6
      vertex 0.952024 8.23051 0
      vertex 0.952024 8.23051 6
    endloop
  endfacet
  facet normal -0.659326 -0.751857 0
    outer loop
      vertex 0.730514 8.45202 0
      vertex 0.848528 8.34853 6
      vertex 0.730514 8.45202 6
    endloop
  endfacet
  facet normal -0.659326 -0.751857 -0
    outer loop
      vertex 0.848528 8.34853 6
      vertex 0.730514 8.45202 0
      vertex 0.848528 8.34853 0
    endloop
  endfacet
  facet normal -0.555582 -0.831462 0
    outer loop
      vertex 0.599999 8.53923 0
      vertex 0.730514 8.45202 6
      vertex 0.599999 8.53923 6
    endloop
  endfacet
  facet normal -0.555582 -0.831462 -0
    outer loop
      vertex 0.730514 8.45202 6
      vertex 0.599999 8.53923 0
      vertex 0.730514 8.45202 0
    endloop
  endfacet
  facet normal 0.997857 0.065428 0
    outer loop
      vertex -1.18973 7.34337 6
      vertex -1.2 7.5 0
      vertex -1.2 7.5 6
    endloop
  endfacet
  facet normal 0.997857 0.065428 0
    outer loop
      vertex -1.2 7.5 0
      vertex -1.18973 7.34337 6
      vertex -1.18973 7.34337 0
    endloop
  endfacet
  facet normal -0.442317 0.896859 0
    outer loop
      vertex 0.599999 6.46077 0
      vertex 0.45922 6.39134 6
      vertex 0.599999 6.46077 6
    endloop
  endfacet
  facet normal -0.442317 0.896859 0
    outer loop
      vertex 0.45922 6.39134 6
      vertex 0.599999 6.46077 0
      vertex 0.45922 6.39134 0
    endloop
  endfacet
  facet normal -0.831464 0.555579 0
    outer loop
      vertex 0.952024 6.76949 0
      vertex 1.03923 6.9 6
      vertex 1.03923 6.9 0
    endloop
  endfacet
  facet normal -0.831464 0.555579 0
    outer loop
      vertex 1.03923 6.9 6
      vertex 0.952024 6.76949 0
      vertex 0.952024 6.76949 6
    endloop
  endfacet
  facet normal 0.442317 0.896859 -0
    outer loop
      vertex -0.45922 6.39134 0
      vertex -0.599999 6.46077 6
      vertex -0.45922 6.39134 6
    endloop
  endfacet
  facet normal 0.442317 0.896859 0
    outer loop
      vertex -0.599999 6.46077 6
      vertex -0.45922 6.39134 0
      vertex -0.599999 6.46077 0
    endloop
  endfacet
  facet normal 0.831464 -0.555579 0
    outer loop
      vertex -1.03923 8.1 6
      vertex -0.952024 8.23051 0
      vertex -0.952024 8.23051 6
    endloop
  endfacet
  facet normal 0.831464 -0.555579 0
    outer loop
      vertex -0.952024 8.23051 0
      vertex -1.03923 8.1 6
      vertex -1.03923 8.1 0
    endloop
  endfacet
  facet normal -0.195073 0.980789 0
    outer loop
      vertex 0.310582 6.34089 0
      vertex 0.156631 6.31027 6
      vertex 0.310582 6.34089 6
    endloop
  endfacet
  facet normal -0.195073 0.980789 0
    outer loop
      vertex 0.156631 6.31027 6
      vertex 0.310582 6.34089 0
      vertex 0.156631 6.31027 0
    endloop
  endfacet
  facet normal 0.751855 -0.659329 0
    outer loop
      vertex -0.952024 8.23051 6
      vertex -0.848528 8.34853 0
      vertex -0.848528 8.34853 6
    endloop
  endfacet
  facet normal 0.751855 -0.659329 0
    outer loop
      vertex -0.848528 8.34853 0
      vertex -0.952024 8.23051 6
      vertex -0.952024 8.23051 0
    endloop
  endfacet
  facet normal -0.831464 -0.555579 0
    outer loop
      vertex 1.03923 8.1 0
      vertex 0.952024 8.23051 6
      vertex 0.952024 8.23051 0
    endloop
  endfacet
  facet normal -0.831464 -0.555579 0
    outer loop
      vertex 0.952024 8.23051 6
      vertex 1.03923 8.1 0
      vertex 1.03923 8.1 6
    endloop
  endfacet
  facet normal -0.980788 -0.195075 0
    outer loop
      vertex 1.18973 7.65663 0
      vertex 1.15911 7.81058 6
      vertex 1.15911 7.81058 0
    endloop
  endfacet
  facet normal -0.980788 -0.195075 0
    outer loop
      vertex 1.15911 7.81058 6
      vertex 1.18973 7.65663 0
      vertex 1.18973 7.65663 6
    endloop
  endfacet
  facet normal 0.321406 0.946941 -0
    outer loop
      vertex -0.310582 6.34089 0
      vertex -0.45922 6.39134 6
      vertex -0.310582 6.34089 6
    endloop
  endfacet
  facet normal 0.321406 0.946941 0
    outer loop
      vertex -0.45922 6.39134 6
      vertex -0.310582 6.34089 0
      vertex -0.45922 6.39134 0
    endloop
  endfacet
  facet normal 0.980788 0.195075 0
    outer loop
      vertex -1.15911 7.18942 6
      vertex -1.18973 7.34337 0
      vertex -1.18973 7.34337 6
    endloop
  endfacet
  facet normal 0.980788 0.195075 0
    outer loop
      vertex -1.18973 7.34337 0
      vertex -1.15911 7.18942 6
      vertex -1.15911 7.18942 0
    endloop
  endfacet
  facet normal -0.997857 0.065428 0
    outer loop
      vertex 1.18973 7.34337 0
      vertex 1.2 7.5 6
      vertex 1.2 7.5 0
    endloop
  endfacet
  facet normal -0.997857 0.065428 0
    outer loop
      vertex 1.2 7.5 6
      vertex 1.18973 7.34337 0
      vertex 1.18973 7.34337 6
    endloop
  endfacet
  facet normal -0.946923 -0.32146 0
    outer loop
      vertex 1.15911 7.81058 0
      vertex 1.10865 7.95922 6
      vertex 1.10865 7.95922 0
    endloop
  endfacet
  facet normal -0.946923 -0.32146 0
    outer loop
      vertex 1.10865 7.95922 6
      vertex 1.15911 7.81058 0
      vertex 1.15911 7.81058 6
    endloop
  endfacet
  facet normal -0.321406 0.946941 0
    outer loop
      vertex 0.45922 6.39134 0
      vertex 0.310582 6.34089 6
      vertex 0.45922 6.39134 6
    endloop
  endfacet
  facet normal -0.321406 0.946941 0
    outer loop
      vertex 0.310582 6.34089 6
      vertex 0.45922 6.39134 0
      vertex 0.310582 6.34089 0
    endloop
  endfacet
  facet normal -0.659326 0.751857 0
    outer loop
      vertex 0.848528 6.65147 0
      vertex 0.730514 6.54798 6
      vertex 0.848528 6.65147 6
    endloop
  endfacet
  facet normal -0.659326 0.751857 0
    outer loop
      vertex 0.730514 6.54798 6
      vertex 0.848528 6.65147 0
      vertex 0.730514 6.54798 0
    endloop
  endfacet
  facet normal -0.980788 0.195075 0
    outer loop
      vertex 1.15911 7.18942 0
      vertex 1.18973 7.34337 6
      vertex 1.18973 7.34337 0
    endloop
  endfacet
  facet normal -0.980788 0.195075 0
    outer loop
      vertex 1.18973 7.34337 6
      vertex 1.15911 7.18942 0
      vertex 1.15911 7.18942 6
    endloop
  endfacet
  facet normal 0.980789 0.195073 0
    outer loop
      vertex -8.65911 -0.310582 6
      vertex -8.68973 -0.156631 0
      vertex -8.68973 -0.156631 6
    endloop
  endfacet
  facet normal 0.980789 0.195073 0
    outer loop
      vertex -8.68973 -0.156631 0
      vertex -8.65911 -0.310582 6
      vertex -8.65911 -0.310582 0
    endloop
  endfacet
  facet normal 0.946922 0.321463 0
    outer loop
      vertex -8.60865 -0.45922 6
      vertex -8.65911 -0.310582 0
      vertex -8.65911 -0.310582 6
    endloop
  endfacet
  facet normal 0.946922 0.321463 0
    outer loop
      vertex -8.65911 -0.310582 0
      vertex -8.60865 -0.45922 6
      vertex -8.60865 -0.45922 0
    endloop
  endfacet
  facet normal 0.065428 0.997857 -0
    outer loop
      vertex -7.5 -1.2 0
      vertex -7.65663 -1.18973 6
      vertex -7.5 -1.2 6
    endloop
  endfacet
  facet normal 0.065428 0.997857 0
    outer loop
      vertex -7.65663 -1.18973 6
      vertex -7.5 -1.2 0
      vertex -7.65663 -1.18973 0
    endloop
  endfacet
  facet normal -0.659329 -0.751855 0
    outer loop
      vertex -6.76949 0.952024 0
      vertex -6.65147 0.848528 6
      vertex -6.76949 0.952024 6
    endloop
  endfacet
  facet normal -0.659329 -0.751855 -0
    outer loop
      vertex -6.65147 0.848528 6
      vertex -6.76949 0.952024 0
      vertex -6.65147 0.848528 0
    endloop
  endfacet
  facet normal -0.997857 -0.0654276 0
    outer loop
      vertex -6.3 0 0
      vertex -6.31027 0.156631 6
      vertex -6.31027 0.156631 0
    endloop
  endfacet
  facet normal -0.997857 -0.0654276 0
    outer loop
      vertex -6.31027 0.156631 6
      vertex -6.3 0 0
      vertex -6.3 0 6
    endloop
  endfacet
  facet normal 0.997857 0.0654276 0
    outer loop
      vertex -8.68973 -0.156631 6
      vertex -8.7 0 0
      vertex -8.7 0 6
    endloop
  endfacet
  facet normal 0.997857 0.0654276 0
    outer loop
      vertex -8.7 0 0
      vertex -8.68973 -0.156631 6
      vertex -8.68973 -0.156631 0
    endloop
  endfacet
  facet normal -0.32146 0.946923 0
    outer loop
      vertex -7.04078 -1.10865 0
      vertex -7.18942 -1.15911 6
      vertex -7.04078 -1.10865 6
    endloop
  endfacet
  facet normal -0.32146 0.946923 0
    outer loop
      vertex -7.18942 -1.15911 6
      vertex -7.04078 -1.10865 0
      vertex -7.18942 -1.15911 0
    endloop
  endfacet
  facet normal 0.997857 -0.0654276 0
    outer loop
      vertex -8.7 0 6
      vertex -8.68973 0.156631 0
      vertex -8.68973 0.156631 6
    endloop
  endfacet
  facet normal 0.997857 -0.0654276 0
    outer loop
      vertex -8.68973 0.156631 0
      vertex -8.7 0 6
      vertex -8.7 0 0
    endloop
  endfacet
  facet normal 0.751857 0.659326 0
    outer loop
      vertex -8.34853 -0.848528 6
      vertex -8.45202 -0.730514 0
      vertex -8.45202 -0.730514 6
    endloop
  endfacet
  facet normal 0.751857 0.659326 0
    outer loop
      vertex -8.45202 -0.730514 0
      vertex -8.34853 -0.848528 6
      vertex -8.34853 -0.848528 0
    endloop
  endfacet
  facet normal 0.896884 -0.442266 0
    outer loop
      vertex -8.60865 0.45922 6
      vertex -8.53923 0.599999 0
      vertex -8.53923 0.599999 6
    endloop
  endfacet
  facet normal 0.896884 -0.442266 0
    outer loop
      vertex -8.53923 0.599999 0
      vertex -8.60865 0.45922 6
      vertex -8.60865 0.45922 0
    endloop
  endfacet
  facet normal 0.831462 0.555582 0
    outer loop
      vertex -8.45202 -0.730514 6
      vertex -8.53923 -0.599999 0
      vertex -8.53923 -0.599999 6
    endloop
  endfacet
  facet normal 0.831462 0.555582 0
    outer loop
      vertex -8.53923 -0.599999 0
      vertex -8.45202 -0.730514 6
      vertex -8.45202 -0.730514 0
    endloop
  endfacet
  facet normal 0.896884 0.442266 0
    outer loop
      vertex -8.53923 -0.599999 6
      vertex -8.60865 -0.45922 0
      vertex -8.60865 -0.45922 6
    endloop
  endfacet
  facet normal 0.896884 0.442266 0
    outer loop
      vertex -8.60865 -0.45922 0
      vertex -8.53923 -0.599999 6
      vertex -8.53923 -0.599999 0
    endloop
  endfacet
  facet normal -0.831462 -0.555582 0
    outer loop
      vertex -6.46077 0.599999 0
      vertex -6.54798 0.730514 6
      vertex -6.54798 0.730514 0
    endloop
  endfacet
  facet normal -0.831462 -0.555582 0
    outer loop
      vertex -6.54798 0.730514 6
      vertex -6.46077 0.599999 0
      vertex -6.46077 0.599999 6
    endloop
  endfacet
  facet normal 0.442263 -0.896885 0
    outer loop
      vertex -8.1 1.03923 0
      vertex -7.95922 1.10865 6
      vertex -8.1 1.03923 6
    endloop
  endfacet
  facet normal 0.442263 -0.896885 0
    outer loop
      vertex -7.95922 1.10865 6
      vertex -8.1 1.03923 0
      vertex -7.95922 1.10865 0
    endloop
  endfacet
  facet normal -0.831462 0.555582 0
    outer loop
      vertex -6.54798 -0.730514 0
      vertex -6.46077 -0.599999 6
      vertex -6.46077 -0.599999 0
    endloop
  endfacet
  facet normal -0.831462 0.555582 0
    outer loop
      vertex -6.46077 -0.599999 6
      vertex -6.54798 -0.730514 0
      vertex -6.54798 -0.730514 6
    endloop
  endfacet
  facet normal 0.195075 0.980788 -0
    outer loop
      vertex -7.65663 -1.18973 0
      vertex -7.81058 -1.15911 6
      vertex -7.65663 -1.18973 6
    endloop
  endfacet
  facet normal 0.195075 0.980788 0
    outer loop
      vertex -7.81058 -1.15911 6
      vertex -7.65663 -1.18973 0
      vertex -7.81058 -1.15911 0
    endloop
  endfacet
  facet normal -0.659329 0.751855 0
    outer loop
      vertex -6.65147 -0.848528 0
      vertex -6.76949 -0.952024 6
      vertex -6.65147 -0.848528 6
    endloop
  endfacet
  facet normal -0.659329 0.751855 0
    outer loop
      vertex -6.76949 -0.952024 6
      vertex -6.65147 -0.848528 0
      vertex -6.76949 -0.952024 0
    endloop
  endfacet
  facet normal 0.980789 -0.195073 0
    outer loop
      vertex -8.68973 0.156631 6
      vertex -8.65911 0.310582 0
      vertex -8.65911 0.310582 6
    endloop
  endfacet
  facet normal 0.980789 -0.195073 0
    outer loop
      vertex -8.65911 0.310582 0
      vertex -8.68973 0.156631 6
      vertex -8.68973 0.156631 0
    endloop
  endfacet
  facet normal 0.065428 -0.997857 0
    outer loop
      vertex -7.65663 1.18973 0
      vertex -7.5 1.2 6
      vertex -7.65663 1.18973 6
    endloop
  endfacet
  facet normal 0.065428 -0.997857 0
    outer loop
      vertex -7.5 1.2 6
      vertex -7.65663 1.18973 0
      vertex -7.5 1.2 0
    endloop
  endfacet
  facet normal 0.442263 0.896885 -0
    outer loop
      vertex -7.95922 -1.10865 0
      vertex -8.1 -1.03923 6
      vertex -7.95922 -1.10865 6
    endloop
  endfacet
  facet normal 0.442263 0.896885 0
    outer loop
      vertex -8.1 -1.03923 6
      vertex -7.95922 -1.10865 0
      vertex -8.1 -1.03923 0
    endloop
  endfacet
  facet normal -0.442263 0.896885 0
    outer loop
      vertex -6.9 -1.03923 0
      vertex -7.04078 -1.10865 6
      vertex -6.9 -1.03923 6
    endloop
  endfacet
  facet normal -0.442263 0.896885 0
    outer loop
      vertex -7.04078 -1.10865 6
      vertex -6.9 -1.03923 0
      vertex -7.04078 -1.10865 0
    endloop
  endfacet
  facet normal -0.997857 0.0654276 0
    outer loop
      vertex -6.31027 -0.156631 0
      vertex -6.3 0 6
      vertex -6.3 0 0
    endloop
  endfacet
  facet normal -0.997857 0.0654276 0
    outer loop
      vertex -6.3 0 6
      vertex -6.31027 -0.156631 0
      vertex -6.31027 -0.156631 6
    endloop
  endfacet
  facet normal -0.751857 0.659326 0
    outer loop
      vertex -6.65147 -0.848528 0
      vertex -6.54798 -0.730514 6
      vertex -6.54798 -0.730514 0
    endloop
  endfacet
  facet normal -0.751857 0.659326 0
    outer loop
      vertex -6.54798 -0.730514 6
      vertex -6.65147 -0.848528 0
      vertex -6.65147 -0.848528 6
    endloop
  endfacet
  facet normal 0.946922 -0.321463 0
    outer loop
      vertex -8.65911 0.310582 6
      vertex -8.60865 0.45922 0
      vertex -8.60865 0.45922 6
    endloop
  endfacet
  facet normal 0.946922 -0.321463 0
    outer loop
      vertex -8.60865 0.45922 0
      vertex -8.65911 0.310582 6
      vertex -8.65911 0.310582 0
    endloop
  endfacet
  facet normal -0.980789 0.195073 0
    outer loop
      vertex -6.34089 -0.310582 0
      vertex -6.31027 -0.156631 6
      vertex -6.31027 -0.156631 0
    endloop
  endfacet
  facet normal -0.980789 0.195073 0
    outer loop
      vertex -6.31027 -0.156631 6
      vertex -6.34089 -0.310582 0
      vertex -6.34089 -0.310582 6
    endloop
  endfacet
  facet normal -0.555579 0.831464 0
    outer loop
      vertex -6.76949 -0.952024 0
      vertex -6.9 -1.03923 6
      vertex -6.76949 -0.952024 6
    endloop
  endfacet
  facet normal -0.555579 0.831464 0
    outer loop
      vertex -6.9 -1.03923 6
      vertex -6.76949 -0.952024 0
      vertex -6.9 -1.03923 0
    endloop
  endfacet
  facet normal 0.659329 -0.751855 0
    outer loop
      vertex -8.34853 0.848528 0
      vertex -8.23051 0.952024 6
      vertex -8.34853 0.848528 6
    endloop
  endfacet
  facet normal 0.659329 -0.751855 0
    outer loop
      vertex -8.23051 0.952024 6
      vertex -8.34853 0.848528 0
      vertex -8.23051 0.952024 0
    endloop
  endfacet
  facet normal 0.751857 -0.659326 0
    outer loop
      vertex -8.45202 0.730514 6
      vertex -8.34853 0.848528 0
      vertex -8.34853 0.848528 6
    endloop
  endfacet
  facet normal 0.751857 -0.659326 0
    outer loop
      vertex -8.34853 0.848528 0
      vertex -8.45202 0.730514 6
      vertex -8.45202 0.730514 0
    endloop
  endfacet
  facet normal 0.831462 -0.555582 0
    outer loop
      vertex -8.53923 0.599999 6
      vertex -8.45202 0.730514 0
      vertex -8.45202 0.730514 6
    endloop
  endfacet
  facet normal 0.831462 -0.555582 0
    outer loop
      vertex -8.45202 0.730514 0
      vertex -8.53923 0.599999 6
      vertex -8.53923 0.599999 0
    endloop
  endfacet
  facet normal -0.065428 0.997857 0
    outer loop
      vertex -7.34337 -1.18973 0
      vertex -7.5 -1.2 6
      vertex -7.34337 -1.18973 6
    endloop
  endfacet
  facet normal -0.065428 0.997857 0
    outer loop
      vertex -7.5 -1.2 6
      vertex -7.34337 -1.18973 0
      vertex -7.5 -1.2 0
    endloop
  endfacet
  facet normal -0.896859 -0.442317 0
    outer loop
      vertex -6.39134 0.45922 0
      vertex -6.46077 0.599999 6
      vertex -6.46077 0.599999 0
    endloop
  endfacet
  facet normal -0.896859 -0.442317 0
    outer loop
      vertex -6.46077 0.599999 6
      vertex -6.39134 0.45922 0
      vertex -6.39134 0.45922 6
    endloop
  endfacet
  facet normal -0.555579 -0.831464 0
    outer loop
      vertex -6.9 1.03923 0
      vertex -6.76949 0.952024 6
      vertex -6.9 1.03923 6
    endloop
  endfacet
  facet normal -0.555579 -0.831464 -0
    outer loop
      vertex -6.76949 0.952024 6
      vertex -6.9 1.03923 0
      vertex -6.76949 0.952024 0
    endloop
  endfacet
  facet normal -0.896859 0.442317 0
    outer loop
      vertex -6.46077 -0.599999 0
      vertex -6.39134 -0.45922 6
      vertex -6.39134 -0.45922 0
    endloop
  endfacet
  facet normal -0.896859 0.442317 0
    outer loop
      vertex -6.39134 -0.45922 6
      vertex -6.46077 -0.599999 0
      vertex -6.46077 -0.599999 6
    endloop
  endfacet
  facet normal -0.442263 -0.896885 0
    outer loop
      vertex -7.04078 1.10865 0
      vertex -6.9 1.03923 6
      vertex -7.04078 1.10865 6
    endloop
  endfacet
  facet normal -0.442263 -0.896885 -0
    outer loop
      vertex -6.9 1.03923 6
      vertex -7.04078 1.10865 0
      vertex -6.9 1.03923 0
    endloop
  endfacet
  facet normal 0.555579 0.831464 -0
    outer loop
      vertex -8.1 -1.03923 0
      vertex -8.23051 -0.952024 6
      vertex -8.1 -1.03923 6
    endloop
  endfacet
  facet normal 0.555579 0.831464 0
    outer loop
      vertex -8.23051 -0.952024 6
      vertex -8.1 -1.03923 0
      vertex -8.23051 -0.952024 0
    endloop
  endfacet
  facet normal -0.32146 -0.946923 0
    outer loop
      vertex -7.18942 1.15911 0
      vertex -7.04078 1.10865 6
      vertex -7.18942 1.15911 6
    endloop
  endfacet
  facet normal -0.32146 -0.946923 -0
    outer loop
      vertex -7.04078 1.10865 6
      vertex -7.18942 1.15911 0
      vertex -7.04078 1.10865 0
    endloop
  endfacet
  facet normal -0.980789 -0.195073 0
    outer loop
      vertex -6.31027 0.156631 0
      vertex -6.34089 0.310582 6
      vertex -6.34089 0.310582 0
    endloop
  endfacet
  facet normal -0.980789 -0.195073 0
    outer loop
      vertex -6.34089 0.310582 6
      vertex -6.31027 0.156631 0
      vertex -6.31027 0.156631 6
    endloop
  endfacet
  facet normal 0.659329 0.751855 -0
    outer loop
      vertex -8.23051 -0.952024 0
      vertex -8.34853 -0.848528 6
      vertex -8.23051 -0.952024 6
    endloop
  endfacet
  facet normal 0.659329 0.751855 0
    outer loop
      vertex -8.34853 -0.848528 6
      vertex -8.23051 -0.952024 0
      vertex -8.34853 -0.848528 0
    endloop
  endfacet
  facet normal 0.555579 -0.831464 0
    outer loop
      vertex -8.23051 0.952024 0
      vertex -8.1 1.03923 6
      vertex -8.23051 0.952024 6
    endloop
  endfacet
  facet normal 0.555579 -0.831464 0
    outer loop
      vertex -8.1 1.03923 6
      vertex -8.23051 0.952024 0
      vertex -8.1 1.03923 0
    endloop
  endfacet
  facet normal 0.195075 -0.980788 0
    outer loop
      vertex -7.81058 1.15911 0
      vertex -7.65663 1.18973 6
      vertex -7.81058 1.15911 6
    endloop
  endfacet
  facet normal 0.195075 -0.980788 0
    outer loop
      vertex -7.65663 1.18973 6
      vertex -7.81058 1.15911 0
      vertex -7.65663 1.18973 0
    endloop
  endfacet
  facet normal -0.946941 0.321406 0
    outer loop
      vertex -6.39134 -0.45922 0
      vertex -6.34089 -0.310582 6
      vertex -6.34089 -0.310582 0
    endloop
  endfacet
  facet normal -0.946941 0.321406 0
    outer loop
      vertex -6.34089 -0.310582 6
      vertex -6.39134 -0.45922 0
      vertex -6.39134 -0.45922 6
    endloop
  endfacet
  facet normal -0.195075 0.980788 0
    outer loop
      vertex -7.18942 -1.15911 0
      vertex -7.34337 -1.18973 6
      vertex -7.18942 -1.15911 6
    endloop
  endfacet
  facet normal -0.195075 0.980788 0
    outer loop
      vertex -7.34337 -1.18973 6
      vertex -7.18942 -1.15911 0
      vertex -7.34337 -1.18973 0
    endloop
  endfacet
  facet normal -0.065428 -0.997857 0
    outer loop
      vertex -7.5 1.2 0
      vertex -7.34337 1.18973 6
      vertex -7.5 1.2 6
    endloop
  endfacet
  facet normal -0.065428 -0.997857 -0
    outer loop
      vertex -7.34337 1.18973 6
      vertex -7.5 1.2 0
      vertex -7.34337 1.18973 0
    endloop
  endfacet
  facet normal 0.32146 -0.946923 0
    outer loop
      vertex -7.95922 1.10865 0
      vertex -7.81058 1.15911 6
      vertex -7.95922 1.10865 6
    endloop
  endfacet
  facet normal 0.32146 -0.946923 0
    outer loop
      vertex -7.81058 1.15911 6
      vertex -7.95922 1.10865 0
      vertex -7.81058 1.15911 0
    endloop
  endfacet
  facet normal -0.946941 -0.321406 0
    outer loop
      vertex -6.34089 0.310582 0
      vertex -6.39134 0.45922 6
      vertex -6.39134 0.45922 0
    endloop
  endfacet
  facet normal -0.946941 -0.321406 0
    outer loop
      vertex -6.39134 0.45922 6
      vertex -6.34089 0.310582 0
      vertex -6.34089 0.310582 6
    endloop
  endfacet
  facet normal -0.751857 -0.659326 0
    outer loop
      vertex -6.54798 0.730514 0
      vertex -6.65147 0.848528 6
      vertex -6.65147 0.848528 0
    endloop
  endfacet
  facet normal -0.751857 -0.659326 0
    outer loop
      vertex -6.65147 0.848528 6
      vertex -6.54798 0.730514 0
      vertex -6.54798 0.730514 6
    endloop
  endfacet
  facet normal -0.195075 -0.980788 0
    outer loop
      vertex -7.34337 1.18973 0
      vertex -7.18942 1.15911 6
      vertex -7.34337 1.18973 6
    endloop
  endfacet
  facet normal -0.195075 -0.980788 -0
    outer loop
      vertex -7.18942 1.15911 6
      vertex -7.34337 1.18973 0
      vertex -7.18942 1.15911 0
    endloop
  endfacet
  facet normal 0.32146 0.946923 -0
    outer loop
      vertex -7.81058 -1.15911 0
      vertex -7.95922 -1.10865 6
      vertex -7.81058 -1.15911 6
    endloop
  endfacet
  facet normal 0.32146 0.946923 0
    outer loop
      vertex -7.95922 -1.10865 6
      vertex -7.81058 -1.15911 0
      vertex -7.95922 -1.10865 0
    endloop
  endfacet
  facet normal 0.997857 0.065428 0
    outer loop
      vertex -1.18973 -7.65663 6
      vertex -1.2 -7.5 0
      vertex -1.2 -7.5 6
    endloop
  endfacet
  facet normal 0.997857 0.065428 0
    outer loop
      vertex -1.2 -7.5 0
      vertex -1.18973 -7.65663 6
      vertex -1.18973 -7.65663 0
    endloop
  endfacet
  facet normal -0.321463 0.946922 0
    outer loop
      vertex 0.45922 -8.60865 0
      vertex 0.310582 -8.65911 6
      vertex 0.45922 -8.60865 6
    endloop
  endfacet
  facet normal -0.321463 0.946922 0
    outer loop
      vertex 0.310582 -8.65911 6
      vertex 0.45922 -8.60865 0
      vertex 0.310582 -8.65911 0
    endloop
  endfacet
  facet normal -0.997857 0.065428 0
    outer loop
      vertex 1.18973 -7.65663 0
      vertex 1.2 -7.5 6
      vertex 1.2 -7.5 0
    endloop
  endfacet
  facet normal -0.997857 0.065428 0
    outer loop
      vertex 1.2 -7.5 6
      vertex 1.18973 -7.65663 0
      vertex 1.18973 -7.65663 6
    endloop
  endfacet
  facet normal 0.751855 -0.659329 0
    outer loop
      vertex -0.952024 -6.76949 6
      vertex -0.848528 -6.65147 0
      vertex -0.848528 -6.65147 6
    endloop
  endfacet
  facet normal 0.751855 -0.659329 0
    outer loop
      vertex -0.848528 -6.65147 0
      vertex -0.952024 -6.76949 6
      vertex -0.952024 -6.76949 0
    endloop
  endfacet
  facet normal 0.0654276 -0.997857 0
    outer loop
      vertex -0.156631 -6.31027 0
      vertex 0 -6.3 6
      vertex -0.156631 -6.31027 6
    endloop
  endfacet
  facet normal 0.0654276 -0.997857 0
    outer loop
      vertex 0 -6.3 6
      vertex -0.156631 -6.31027 0
      vertex 0 -6.3 0
    endloop
  endfacet
  facet normal -0.0654276 0.997857 0
    outer loop
      vertex 0.156631 -8.68973 0
      vertex 0 -8.7 6
      vertex 0.156631 -8.68973 6
    endloop
  endfacet
  facet normal -0.0654276 0.997857 0
    outer loop
      vertex 0 -8.7 6
      vertex 0.156631 -8.68973 0
      vertex 0 -8.7 0
    endloop
  endfacet
  facet normal -0.751855 -0.659329 0
    outer loop
      vertex 0.952024 -6.76949 0
      vertex 0.848528 -6.65147 6
      vertex 0.848528 -6.65147 0
    endloop
  endfacet
  facet normal -0.751855 -0.659329 0
    outer loop
      vertex 0.848528 -6.65147 6
      vertex 0.952024 -6.76949 0
      vertex 0.952024 -6.76949 6
    endloop
  endfacet
  facet normal 0.0654276 0.997857 -0
    outer loop
      vertex 0 -8.7 0
      vertex -0.156631 -8.68973 6
      vertex 0 -8.7 6
    endloop
  endfacet
  facet normal 0.0654276 0.997857 0
    outer loop
      vertex -0.156631 -8.68973 6
      vertex 0 -8.7 0
      vertex -0.156631 -8.68973 0
    endloop
  endfacet
  facet normal -0.659326 0.751857 0
    outer loop
      vertex 0.848528 -8.34853 0
      vertex 0.730514 -8.45202 6
      vertex 0.848528 -8.34853 6
    endloop
  endfacet
  facet normal -0.659326 0.751857 0
    outer loop
      vertex 0.730514 -8.45202 6
      vertex 0.848528 -8.34853 0
      vertex 0.730514 -8.45202 0
    endloop
  endfacet
  facet normal 0.442266 0.896884 -0
    outer loop
      vertex -0.45922 -8.60865 0
      vertex -0.599999 -8.53923 6
      vertex -0.45922 -8.60865 6
    endloop
  endfacet
  facet normal 0.442266 0.896884 0
    outer loop
      vertex -0.599999 -8.53923 6
      vertex -0.45922 -8.60865 0
      vertex -0.599999 -8.53923 0
    endloop
  endfacet
  facet normal -0.555582 0.831462 0
    outer loop
      vertex 0.730514 -8.45202 0
      vertex 0.599999 -8.53923 6
      vertex 0.730514 -8.45202 6
    endloop
  endfacet
  facet normal -0.555582 0.831462 0
    outer loop
      vertex 0.599999 -8.53923 6
      vertex 0.730514 -8.45202 0
      vertex 0.599999 -8.53923 0
    endloop
  endfacet
  facet normal -0.442266 0.896884 0
    outer loop
      vertex 0.599999 -8.53923 0
      vertex 0.45922 -8.60865 6
      vertex 0.599999 -8.53923 6
    endloop
  endfacet
  facet normal -0.442266 0.896884 0
    outer loop
      vertex 0.45922 -8.60865 6
      vertex 0.599999 -8.53923 0
      vertex 0.45922 -8.60865 0
    endloop
  endfacet
  facet normal 0.555582 -0.831462 0
    outer loop
      vertex -0.730514 -6.54798 0
      vertex -0.599999 -6.46077 6
      vertex -0.730514 -6.54798 6
    endloop
  endfacet
  facet normal 0.555582 -0.831462 0
    outer loop
      vertex -0.599999 -6.46077 6
      vertex -0.730514 -6.54798 0
      vertex -0.599999 -6.46077 0
    endloop
  endfacet
  facet normal 0.896885 0.442263 0
    outer loop
      vertex -1.03923 -8.1 6
      vertex -1.10865 -7.95922 0
      vertex -1.10865 -7.95922 6
    endloop
  endfacet
  facet normal 0.896885 0.442263 0
    outer loop
      vertex -1.10865 -7.95922 0
      vertex -1.03923 -8.1 6
      vertex -1.03923 -8.1 0
    endloop
  endfacet
  facet normal -0.980788 0.195075 0
    outer loop
      vertex 1.15911 -7.81058 0
      vertex 1.18973 -7.65663 6
      vertex 1.18973 -7.65663 0
    endloop
  endfacet
  facet normal -0.980788 0.195075 0
    outer loop
      vertex 1.18973 -7.65663 6
      vertex 1.15911 -7.81058 0
      vertex 1.15911 -7.81058 6
    endloop
  endfacet
  facet normal -0.0654276 -0.997857 0
    outer loop
      vertex 0 -6.3 0
      vertex 0.156631 -6.31027 6
      vertex 0 -6.3 6
    endloop
  endfacet
  facet normal -0.0654276 -0.997857 -0
    outer loop
      vertex 0.156631 -6.31027 6
      vertex 0 -6.3 0
      vertex 0.156631 -6.31027 0
    endloop
  endfacet
  facet normal -0.896885 0.442263 0
    outer loop
      vertex 1.03923 -8.1 0
      vertex 1.10865 -7.95922 6
      vertex 1.10865 -7.95922 0
    endloop
  endfacet
  facet normal -0.896885 0.442263 0
    outer loop
      vertex 1.10865 -7.95922 6
      vertex 1.03923 -8.1 0
      vertex 1.03923 -8.1 6
    endloop
  endfacet
  facet normal -0.896885 -0.442263 0
    outer loop
      vertex 1.10865 -7.04078 0
      vertex 1.03923 -6.9 6
      vertex 1.03923 -6.9 0
    endloop
  endfacet
  facet normal -0.896885 -0.442263 0
    outer loop
      vertex 1.03923 -6.9 6
      vertex 1.10865 -7.04078 0
      vertex 1.10865 -7.04078 6
    endloop
  endfacet
  facet normal 0.195073 -0.980789 0
    outer loop
      vertex -0.310582 -6.34089 0
      vertex -0.156631 -6.31027 6
      vertex -0.310582 -6.34089 6
    endloop
  endfacet
  facet normal 0.195073 -0.980789 0
    outer loop
      vertex -0.156631 -6.31027 6
      vertex -0.310582 -6.34089 0
      vertex -0.156631 -6.31027 0
    endloop
  endfacet
  facet normal -0.659326 -0.751857 0
    outer loop
      vertex 0.730514 -6.54798 0
      vertex 0.848528 -6.65147 6
      vertex 0.730514 -6.54798 6
    endloop
  endfacet
  facet normal -0.659326 -0.751857 -0
    outer loop
      vertex 0.848528 -6.65147 6
      vertex 0.730514 -6.54798 0
      vertex 0.848528 -6.65147 0
    endloop
  endfacet
  facet normal 0.321463 0.946922 -0
    outer loop
      vertex -0.310582 -8.65911 0
      vertex -0.45922 -8.60865 6
      vertex -0.310582 -8.65911 6
    endloop
  endfacet
  facet normal 0.321463 0.946922 0
    outer loop
      vertex -0.45922 -8.60865 6
      vertex -0.310582 -8.65911 0
      vertex -0.45922 -8.60865 0
    endloop
  endfacet
  facet normal -0.195073 -0.980789 0
    outer loop
      vertex 0.156631 -6.31027 0
      vertex 0.310582 -6.34089 6
      vertex 0.156631 -6.31027 6
    endloop
  endfacet
  facet normal -0.195073 -0.980789 -0
    outer loop
      vertex 0.310582 -6.34089 6
      vertex 0.156631 -6.31027 0
      vertex 0.310582 -6.34089 0
    endloop
  endfacet
  facet normal -0.831464 -0.555579 0
    outer loop
      vertex 1.03923 -6.9 0
      vertex 0.952024 -6.76949 6
      vertex 0.952024 -6.76949 0
    endloop
  endfacet
  facet normal -0.831464 -0.555579 0
    outer loop
      vertex 0.952024 -6.76949 6
      vertex 1.03923 -6.9 0
      vertex 1.03923 -6.9 6
    endloop
  endfacet
  facet normal 0.751855 0.659329 0
    outer loop
      vertex -0.848528 -8.34853 6
      vertex -0.952024 -8.23051 0
      vertex -0.952024 -8.23051 6
    endloop
  endfacet
  facet normal 0.751855 0.659329 0
    outer loop
      vertex -0.952024 -8.23051 0
      vertex -0.848528 -8.34853 6
      vertex -0.848528 -8.34853 0
    endloop
  endfacet
  facet normal -0.946923 -0.32146 0
    outer loop
      vertex 1.15911 -7.18942 0
      vertex 1.10865 -7.04078 6
      vertex 1.10865 -7.04078 0
    endloop
  endfacet
  facet normal -0.946923 -0.32146 0
    outer loop
      vertex 1.10865 -7.04078 6
      vertex 1.15911 -7.18942 0
      vertex 1.15911 -7.18942 6
    endloop
  endfacet
  facet normal 0.555582 0.831462 -0
    outer loop
      vertex -0.599999 -8.53923 0
      vertex -0.730514 -8.45202 6
      vertex -0.599999 -8.53923 6
    endloop
  endfacet
  facet normal 0.555582 0.831462 0
    outer loop
      vertex -0.730514 -8.45202 6
      vertex -0.599999 -8.53923 0
      vertex -0.730514 -8.45202 0
    endloop
  endfacet
  facet normal -0.195073 0.980789 0
    outer loop
      vertex 0.310582 -8.65911 0
      vertex 0.156631 -8.68973 6
      vertex 0.310582 -8.65911 6
    endloop
  endfacet
  facet normal -0.195073 0.980789 0
    outer loop
      vertex 0.156631 -8.68973 6
      vertex 0.310582 -8.65911 0
      vertex 0.156631 -8.68973 0
    endloop
  endfacet
  facet normal 0.831464 0.555579 0
    outer loop
      vertex -0.952024 -8.23051 6
      vertex -1.03923 -8.1 0
      vertex -1.03923 -8.1 6
    endloop
  endfacet
  facet normal 0.831464 0.555579 0
    outer loop
      vertex -1.03923 -8.1 0
      vertex -0.952024 -8.23051 6
      vertex -0.952024 -8.23051 0
    endloop
  endfacet
  facet normal 0.659326 0.751857 -0
    outer loop
      vertex -0.730514 -8.45202 0
      vertex -0.848528 -8.34853 6
      vertex -0.730514 -8.45202 6
    endloop
  endfacet
  facet normal 0.659326 0.751857 0
    outer loop
      vertex -0.848528 -8.34853 6
      vertex -0.730514 -8.45202 0
      vertex -0.848528 -8.34853 0
    endloop
  endfacet
  facet normal 0.195073 0.980789 -0
    outer loop
      vertex -0.156631 -8.68973 0
      vertex -0.310582 -8.65911 6
      vertex -0.156631 -8.68973 6
    endloop
  endfacet
  facet normal 0.195073 0.980789 0
    outer loop
      vertex -0.310582 -8.65911 6
      vertex -0.156631 -8.68973 0
      vertex -0.310582 -8.65911 0
    endloop
  endfacet
  facet normal -0.997857 -0.065428 0
    outer loop
      vertex 1.2 -7.5 0
      vertex 1.18973 -7.34337 6
      vertex 1.18973 -7.34337 0
    endloop
  endfacet
  facet normal -0.997857 -0.065428 0
    outer loop
      vertex 1.18973 -7.34337 6
      vertex 1.2 -7.5 0
      vertex 1.2 -7.5 6
    endloop
  endfacet
  facet normal 0.442317 -0.896859 0
    outer loop
      vertex -0.599999 -6.46077 0
      vertex -0.45922 -6.39134 6
      vertex -0.599999 -6.46077 6
    endloop
  endfacet
  facet normal 0.442317 -0.896859 0
    outer loop
      vertex -0.45922 -6.39134 6
      vertex -0.599999 -6.46077 0
      vertex -0.45922 -6.39134 0
    endloop
  endfacet
  facet normal 0.831464 -0.555579 0
    outer loop
      vertex -1.03923 -6.9 6
      vertex -0.952024 -6.76949 0
      vertex -0.952024 -6.76949 6
    endloop
  endfacet
  facet normal 0.831464 -0.555579 0
    outer loop
      vertex -0.952024 -6.76949 0
      vertex -1.03923 -6.9 6
      vertex -1.03923 -6.9 0
    endloop
  endfacet
  facet normal -0.442317 -0.896859 0
    outer loop
      vertex 0.45922 -6.39134 0
      vertex 0.599999 -6.46077 6
      vertex 0.45922 -6.39134 6
    endloop
  endfacet
  facet normal -0.442317 -0.896859 -0
    outer loop
      vertex 0.599999 -6.46077 6
      vertex 0.45922 -6.39134 0
      vertex 0.599999 -6.46077 0
    endloop
  endfacet
  facet normal 0.896885 -0.442263 0
    outer loop
      vertex -1.10865 -7.04078 6
      vertex -1.03923 -6.9 0
      vertex -1.03923 -6.9 6
    endloop
  endfacet
  facet normal 0.896885 -0.442263 0
    outer loop
      vertex -1.03923 -6.9 0
      vertex -1.10865 -7.04078 6
      vertex -1.10865 -7.04078 0
    endloop
  endfacet
  facet normal -0.831464 0.555579 0
    outer loop
      vertex 0.952024 -8.23051 0
      vertex 1.03923 -8.1 6
      vertex 1.03923 -8.1 0
    endloop
  endfacet
  facet normal -0.831464 0.555579 0
    outer loop
      vertex 1.03923 -8.1 6
      vertex 0.952024 -8.23051 0
      vertex 0.952024 -8.23051 6
    endloop
  endfacet
  facet normal 0.946923 -0.32146 0
    outer loop
      vertex -1.15911 -7.18942 6
      vertex -1.10865 -7.04078 0
      vertex -1.10865 -7.04078 6
    endloop
  endfacet
  facet normal 0.946923 -0.32146 0
    outer loop
      vertex -1.10865 -7.04078 0
      vertex -1.15911 -7.18942 6
      vertex -1.15911 -7.18942 0
    endloop
  endfacet
  facet normal 0.946923 0.32146 0
    outer loop
      vertex -1.10865 -7.95922 6
      vertex -1.15911 -7.81058 0
      vertex -1.15911 -7.81058 6
    endloop
  endfacet
  facet normal 0.946923 0.32146 0
    outer loop
      vertex -1.15911 -7.81058 0
      vertex -1.10865 -7.95922 6
      vertex -1.10865 -7.95922 0
    endloop
  endfacet
  facet normal -0.751855 0.659329 0
    outer loop
      vertex 0.848528 -8.34853 0
      vertex 0.952024 -8.23051 6
      vertex 0.952024 -8.23051 0
    endloop
  endfacet
  facet normal -0.751855 0.659329 0
    outer loop
      vertex 0.952024 -8.23051 6
      vertex 0.848528 -8.34853 0
      vertex 0.848528 -8.34853 6
    endloop
  endfacet
  facet normal 0.980788 0.195075 0
    outer loop
      vertex -1.15911 -7.81058 6
      vertex -1.18973 -7.65663 0
      vertex -1.18973 -7.65663 6
    endloop
  endfacet
  facet normal 0.980788 0.195075 0
    outer loop
      vertex -1.18973 -7.65663 0
      vertex -1.15911 -7.81058 6
      vertex -1.15911 -7.81058 0
    endloop
  endfacet
  facet normal -0.321406 -0.946941 0
    outer loop
      vertex 0.310582 -6.34089 0
      vertex 0.45922 -6.39134 6
      vertex 0.310582 -6.34089 6
    endloop
  endfacet
  facet normal -0.321406 -0.946941 -0
    outer loop
      vertex 0.45922 -6.39134 6
      vertex 0.310582 -6.34089 0
      vertex 0.45922 -6.39134 0
    endloop
  endfacet
  facet normal -0.980788 -0.195075 0
    outer loop
      vertex 1.18973 -7.34337 0
      vertex 1.15911 -7.18942 6
      vertex 1.15911 -7.18942 0
    endloop
  endfacet
  facet normal -0.980788 -0.195075 0
    outer loop
      vertex 1.15911 -7.18942 6
      vertex 1.18973 -7.34337 0
      vertex 1.18973 -7.34337 6
    endloop
  endfacet
  facet normal 0.997857 -0.065428 0
    outer loop
      vertex -1.2 -7.5 6
      vertex -1.18973 -7.34337 0
      vertex -1.18973 -7.34337 6
    endloop
  endfacet
  facet normal 0.997857 -0.065428 0
    outer loop
      vertex -1.18973 -7.34337 0
      vertex -1.2 -7.5 6
      vertex -1.2 -7.5 0
    endloop
  endfacet
  facet normal 0.321406 -0.946941 0
    outer loop
      vertex -0.45922 -6.39134 0
      vertex -0.310582 -6.34089 6
      vertex -0.45922 -6.39134 6
    endloop
  endfacet
  facet normal 0.321406 -0.946941 0
    outer loop
      vertex -0.310582 -6.34089 6
      vertex -0.45922 -6.39134 0
      vertex -0.310582 -6.34089 0
    endloop
  endfacet
  facet normal 0.659326 -0.751857 0
    outer loop
      vertex -0.848528 -6.65147 0
      vertex -0.730514 -6.54798 6
      vertex -0.848528 -6.65147 6
    endloop
  endfacet
  facet normal 0.659326 -0.751857 0
    outer loop
      vertex -0.730514 -6.54798 6
      vertex -0.848528 -6.65147 0
      vertex -0.730514 -6.54798 0
    endloop
  endfacet
  facet normal 0.980788 -0.195075 0
    outer loop
      vertex -1.18973 -7.34337 6
      vertex -1.15911 -7.18942 0
      vertex -1.15911 -7.18942 6
    endloop
  endfacet
  facet normal 0.980788 -0.195075 0
    outer loop
      vertex -1.15911 -7.18942 0
      vertex -1.18973 -7.34337 6
      vertex -1.18973 -7.34337 0
    endloop
  endfacet
  facet normal -0.946923 0.32146 0
    outer loop
      vertex 1.10865 -7.95922 0
      vertex 1.15911 -7.81058 6
      vertex 1.15911 -7.81058 0
    endloop
  endfacet
  facet normal -0.946923 0.32146 0
    outer loop
      vertex 1.15911 -7.81058 6
      vertex 1.10865 -7.95922 0
      vertex 1.10865 -7.95922 6
    endloop
  endfacet
  facet normal -0.555582 -0.831462 0
    outer loop
      vertex 0.599999 -6.46077 0
      vertex 0.730514 -6.54798 6
      vertex 0.599999 -6.46077 6
    endloop
  endfacet
  facet normal -0.555582 -0.831462 -0
    outer loop
      vertex 0.730514 -6.54798 6
      vertex 0.599999 -6.46077 0
      vertex 0.730514 -6.54798 0
    endloop
  endfacet
  facet normal 0.980787 0.195079 0
    outer loop
      vertex -4.34667 -1.16469 6
      vertex -4.4615 -0.587367 0
      vertex -4.4615 -0.587367 6
    endloop
  endfacet
  facet normal 0.980787 0.195079 0
    outer loop
      vertex -4.4615 -0.587367 0
      vertex -4.34667 -1.16469 6
      vertex -4.34667 -1.16469 0
    endloop
  endfacet
  facet normal 0.831475 -0.555562 0
    outer loop
      vertex -3.89711 2.25 6
      vertex -3.57009 2.73943 0
      vertex -3.57009 2.73943 6
    endloop
  endfacet
  facet normal 0.831475 -0.555562 0
    outer loop
      vertex -3.57009 2.73943 0
      vertex -3.89711 2.25 6
      vertex -3.89711 2.25 0
    endloop
  endfacet
  facet normal -0.980787 -0.195079 0
    outer loop
      vertex 4.4615 0.587367 0
      vertex 4.34667 1.16469 6
      vertex 4.34667 1.16469 0
    endloop
  endfacet
  facet normal -0.980787 -0.195079 0
    outer loop
      vertex 4.34667 1.16469 6
      vertex 4.4615 0.587367 0
      vertex 4.4615 0.587367 6
    endloop
  endfacet
  facet normal -0.997859 0.0654064 0
    outer loop
      vertex 4.4615 -0.587367 0
      vertex 4.5 0 6
      vertex 4.5 0 0
    endloop
  endfacet
  facet normal -0.997859 0.0654064 0
    outer loop
      vertex 4.5 0 6
      vertex 4.4615 -0.587367 0
      vertex 4.4615 -0.587367 6
    endloop
  endfacet
  facet normal -0.751836 0.65935 0
    outer loop
      vertex 3.18198 -3.18198 0
      vertex 3.57009 -2.73943 6
      vertex 3.57009 -2.73943 0
    endloop
  endfacet
  facet normal -0.751836 0.65935 0
    outer loop
      vertex 3.57009 -2.73943 6
      vertex 3.18198 -3.18198 0
      vertex 3.18198 -3.18198 6
    endloop
  endfacet
  facet normal 0.751836 -0.65935 0
    outer loop
      vertex -3.57009 2.73943 6
      vertex -3.18198 3.18198 0
      vertex -3.18198 3.18198 6
    endloop
  endfacet
  facet normal 0.751836 -0.65935 0
    outer loop
      vertex -3.18198 3.18198 0
      vertex -3.57009 2.73943 6
      vertex -3.57009 2.73943 0
    endloop
  endfacet
  facet normal -0.195079 -0.980787 0
    outer loop
      vertex 0.587367 4.4615 0
      vertex 1.16469 4.34667 6
      vertex 0.587367 4.4615 6
    endloop
  endfacet
  facet normal -0.195079 -0.980787 -0
    outer loop
      vertex 1.16469 4.34667 6
      vertex 0.587367 4.4615 0
      vertex 1.16469 4.34667 0
    endloop
  endfacet
  facet normal -0.751836 -0.65935 0
    outer loop
      vertex 3.57009 2.73943 0
      vertex 3.18198 3.18198 6
      vertex 3.18198 3.18198 0
    endloop
  endfacet
  facet normal -0.751836 -0.65935 0
    outer loop
      vertex 3.18198 3.18198 6
      vertex 3.57009 2.73943 0
      vertex 3.57009 2.73943 6
    endloop
  endfacet
  facet normal 0.831475 0.555562 0
    outer loop
      vertex -3.57009 -2.73943 6
      vertex -3.89711 -2.25 0
      vertex -3.89711 -2.25 6
    endloop
  endfacet
  facet normal 0.831475 0.555562 0
    outer loop
      vertex -3.89711 -2.25 0
      vertex -3.57009 -2.73943 6
      vertex -3.57009 -2.73943 0
    endloop
  endfacet
  facet normal 0.555562 0.831475 -0
    outer loop
      vertex -2.25 -3.89711 0
      vertex -2.73943 -3.57009 6
      vertex -2.25 -3.89711 6
    endloop
  endfacet
  facet normal 0.555562 0.831475 0
    outer loop
      vertex -2.73943 -3.57009 6
      vertex -2.25 -3.89711 0
      vertex -2.73943 -3.57009 0
    endloop
  endfacet
  facet normal -0.442294 0.89687 0
    outer loop
      vertex 2.25 -3.89711 0
      vertex 1.72207 -4.15746 6
      vertex 2.25 -3.89711 6
    endloop
  endfacet
  facet normal -0.442294 0.89687 0
    outer loop
      vertex 1.72207 -4.15746 6
      vertex 2.25 -3.89711 0
      vertex 1.72207 -4.15746 0
    endloop
  endfacet
  facet normal 0.946928 -0.321447 0
    outer loop
      vertex -4.34667 1.16469 6
      vertex -4.15746 1.72207 0
      vertex -4.15746 1.72207 6
    endloop
  endfacet
  facet normal 0.946928 -0.321447 0
    outer loop
      vertex -4.15746 1.72207 0
      vertex -4.34667 1.16469 6
      vertex -4.34667 1.16469 0
    endloop
  endfacet
  facet normal 0.442294 0.89687 -0
    outer loop
      vertex -1.72207 -4.15746 0
      vertex -2.25 -3.89711 6
      vertex -1.72207 -4.15746 6
    endloop
  endfacet
  facet normal 0.442294 0.89687 0
    outer loop
      vertex -2.25 -3.89711 6
      vertex -1.72207 -4.15746 0
      vertex -2.25 -3.89711 0
    endloop
  endfacet
  facet normal 0.321447 0.946928 -0
    outer loop
      vertex -1.16469 -4.34667 0
      vertex -1.72207 -4.15746 6
      vertex -1.16469 -4.34667 6
    endloop
  endfacet
  facet normal 0.321447 0.946928 0
    outer loop
      vertex -1.72207 -4.15746 6
      vertex -1.16469 -4.34667 0
      vertex -1.72207 -4.15746 0
    endloop
  endfacet
  facet normal 0.997859 0.0654064 0
    outer loop
      vertex -4.4615 -0.587367 6
      vertex -4.5 0 0
      vertex -4.5 0 6
    endloop
  endfacet
  facet normal 0.997859 0.0654064 0
    outer loop
      vertex -4.5 0 0
      vertex -4.4615 -0.587367 6
      vertex -4.4615 -0.587367 0
    endloop
  endfacet
  facet normal -0.65935 -0.751836 0
    outer loop
      vertex 2.73943 3.57009 0
      vertex 3.18198 3.18198 6
      vertex 2.73943 3.57009 6
    endloop
  endfacet
  facet normal -0.65935 -0.751836 -0
    outer loop
      vertex 3.18198 3.18198 6
      vertex 2.73943 3.57009 0
      vertex 3.18198 3.18198 0
    endloop
  endfacet
  facet normal -0.997859 -0.0654064 0
    outer loop
      vertex 4.5 0 0
      vertex 4.4615 0.587367 6
      vertex 4.4615 0.587367 0
    endloop
  endfacet
  facet normal -0.997859 -0.0654064 0
    outer loop
      vertex 4.4615 0.587367 6
      vertex 4.5 0 0
      vertex 4.5 0 6
    endloop
  endfacet
  facet normal 0.946928 0.321447 0
    outer loop
      vertex -4.15746 -1.72207 6
      vertex -4.34667 -1.16469 0
      vertex -4.34667 -1.16469 6
    endloop
  endfacet
  facet normal 0.946928 0.321447 0
    outer loop
      vertex -4.34667 -1.16469 0
      vertex -4.15746 -1.72207 6
      vertex -4.15746 -1.72207 0
    endloop
  endfacet
  facet normal -0.89687 0.442294 0
    outer loop
      vertex 3.89711 -2.25 0
      vertex 4.15746 -1.72207 6
      vertex 4.15746 -1.72207 0
    endloop
  endfacet
  facet normal -0.89687 0.442294 0
    outer loop
      vertex 4.15746 -1.72207 6
      vertex 3.89711 -2.25 0
      vertex 3.89711 -2.25 6
    endloop
  endfacet
  facet normal 0.89687 -0.442294 0
    outer loop
      vertex -4.15746 1.72207 6
      vertex -3.89711 2.25 0
      vertex -3.89711 2.25 6
    endloop
  endfacet
  facet normal 0.89687 -0.442294 0
    outer loop
      vertex -3.89711 2.25 0
      vertex -4.15746 1.72207 6
      vertex -4.15746 1.72207 0
    endloop
  endfacet
  facet normal 0.0654064 0.997859 -0
    outer loop
      vertex 0 -4.5 0
      vertex -0.587367 -4.4615 6
      vertex 0 -4.5 6
    endloop
  endfacet
  facet normal 0.0654064 0.997859 0
    outer loop
      vertex -0.587367 -4.4615 6
      vertex 0 -4.5 0
      vertex -0.587367 -4.4615 0
    endloop
  endfacet
  facet normal -0.321447 -0.946928 0
    outer loop
      vertex 1.16469 4.34667 0
      vertex 1.72207 4.15746 6
      vertex 1.16469 4.34667 6
    endloop
  endfacet
  facet normal -0.321447 -0.946928 -0
    outer loop
      vertex 1.72207 4.15746 6
      vertex 1.16469 4.34667 0
      vertex 1.72207 4.15746 0
    endloop
  endfacet
  facet normal -0.89687 -0.442294 0
    outer loop
      vertex 4.15746 1.72207 0
      vertex 3.89711 2.25 6
      vertex 3.89711 2.25 0
    endloop
  endfacet
  facet normal -0.89687 -0.442294 0
    outer loop
      vertex 3.89711 2.25 6
      vertex 4.15746 1.72207 0
      vertex 4.15746 1.72207 6
    endloop
  endfacet
  facet normal -0.831475 -0.555562 0
    outer loop
      vertex 3.89711 2.25 0
      vertex 3.57009 2.73943 6
      vertex 3.57009 2.73943 0
    endloop
  endfacet
  facet normal -0.831475 -0.555562 0
    outer loop
      vertex 3.57009 2.73943 6
      vertex 3.89711 2.25 0
      vertex 3.89711 2.25 6
    endloop
  endfacet
  facet normal -0.946928 -0.321447 0
    outer loop
      vertex 4.34667 1.16469 0
      vertex 4.15746 1.72207 6
      vertex 4.15746 1.72207 0
    endloop
  endfacet
  facet normal -0.946928 -0.321447 0
    outer loop
      vertex 4.15746 1.72207 6
      vertex 4.34667 1.16469 0
      vertex 4.34667 1.16469 6
    endloop
  endfacet
  facet normal -0.555562 -0.831475 0
    outer loop
      vertex 2.25 3.89711 0
      vertex 2.73943 3.57009 6
      vertex 2.25 3.89711 6
    endloop
  endfacet
  facet normal -0.555562 -0.831475 -0
    outer loop
      vertex 2.73943 3.57009 6
      vertex 2.25 3.89711 0
      vertex 2.73943 3.57009 0
    endloop
  endfacet
  facet normal 0.195079 -0.980787 0
    outer loop
      vertex -1.16469 4.34667 0
      vertex -0.587367 4.4615 6
      vertex -1.16469 4.34667 6
    endloop
  endfacet
  facet normal 0.195079 -0.980787 0
    outer loop
      vertex -0.587367 4.4615 6
      vertex -1.16469 4.34667 0
      vertex -0.587367 4.4615 0
    endloop
  endfacet
  facet normal -0.321447 0.946928 0
    outer loop
      vertex 1.72207 -4.15746 0
      vertex 1.16469 -4.34667 6
      vertex 1.72207 -4.15746 6
    endloop
  endfacet
  facet normal -0.321447 0.946928 0
    outer loop
      vertex 1.16469 -4.34667 6
      vertex 1.72207 -4.15746 0
      vertex 1.16469 -4.34667 0
    endloop
  endfacet
  facet normal -0.442294 -0.89687 0
    outer loop
      vertex 1.72207 4.15746 0
      vertex 2.25 3.89711 6
      vertex 1.72207 4.15746 6
    endloop
  endfacet
  facet normal -0.442294 -0.89687 -0
    outer loop
      vertex 2.25 3.89711 6
      vertex 1.72207 4.15746 0
      vertex 2.25 3.89711 0
    endloop
  endfacet
  facet normal -0.0654064 0.997859 0
    outer loop
      vertex 0.587367 -4.4615 0
      vertex 0 -4.5 6
      vertex 0.587367 -4.4615 6
    endloop
  endfacet
  facet normal -0.0654064 0.997859 0
    outer loop
      vertex 0 -4.5 6
      vertex 0.587367 -4.4615 0
      vertex 0 -4.5 0
    endloop
  endfacet
  facet normal 0.0654064 -0.997859 0
    outer loop
      vertex -0.587367 4.4615 0
      vertex 0 4.5 6
      vertex -0.587367 4.4615 6
    endloop
  endfacet
  facet normal 0.0654064 -0.997859 0
    outer loop
      vertex 0 4.5 6
      vertex -0.587367 4.4615 0
      vertex 0 4.5 0
    endloop
  endfacet
  facet normal -0.980787 0.195079 0
    outer loop
      vertex 4.34667 -1.16469 0
      vertex 4.4615 -0.587367 6
      vertex 4.4615 -0.587367 0
    endloop
  endfacet
  facet normal -0.980787 0.195079 0
    outer loop
      vertex 4.4615 -0.587367 6
      vertex 4.34667 -1.16469 0
      vertex 4.34667 -1.16469 6
    endloop
  endfacet
  facet normal -0.195079 0.980787 0
    outer loop
      vertex 1.16469 -4.34667 0
      vertex 0.587367 -4.4615 6
      vertex 1.16469 -4.34667 6
    endloop
  endfacet
  facet normal -0.195079 0.980787 0
    outer loop
      vertex 0.587367 -4.4615 6
      vertex 1.16469 -4.34667 0
      vertex 0.587367 -4.4615 0
    endloop
  endfacet
  facet normal 0.442294 -0.89687 0
    outer loop
      vertex -2.25 3.89711 0
      vertex -1.72207 4.15746 6
      vertex -2.25 3.89711 6
    endloop
  endfacet
  facet normal 0.442294 -0.89687 0
    outer loop
      vertex -1.72207 4.15746 6
      vertex -2.25 3.89711 0
      vertex -1.72207 4.15746 0
    endloop
  endfacet
  facet normal -0.65935 0.751836 0
    outer loop
      vertex 3.18198 -3.18198 0
      vertex 2.73943 -3.57009 6
      vertex 3.18198 -3.18198 6
    endloop
  endfacet
  facet normal -0.65935 0.751836 0
    outer loop
      vertex 2.73943 -3.57009 6
      vertex 3.18198 -3.18198 0
      vertex 2.73943 -3.57009 0
    endloop
  endfacet
  facet normal 0.321447 -0.946928 0
    outer loop
      vertex -1.72207 4.15746 0
      vertex -1.16469 4.34667 6
      vertex -1.72207 4.15746 6
    endloop
  endfacet
  facet normal 0.321447 -0.946928 0
    outer loop
      vertex -1.16469 4.34667 6
      vertex -1.72207 4.15746 0
      vertex -1.16469 4.34667 0
    endloop
  endfacet
  facet normal 0.89687 0.442294 0
    outer loop
      vertex -3.89711 -2.25 6
      vertex -4.15746 -1.72207 0
      vertex -4.15746 -1.72207 6
    endloop
  endfacet
  facet normal 0.89687 0.442294 0
    outer loop
      vertex -4.15746 -1.72207 0
      vertex -3.89711 -2.25 6
      vertex -3.89711 -2.25 0
    endloop
  endfacet
  facet normal -0.831475 0.555562 0
    outer loop
      vertex 3.57009 -2.73943 0
      vertex 3.89711 -2.25 6
      vertex 3.89711 -2.25 0
    endloop
  endfacet
  facet normal -0.831475 0.555562 0
    outer loop
      vertex 3.89711 -2.25 6
      vertex 3.57009 -2.73943 0
      vertex 3.57009 -2.73943 6
    endloop
  endfacet
  facet normal -0.0654064 -0.997859 0
    outer loop
      vertex 0 4.5 0
      vertex 0.587367 4.4615 6
      vertex 0 4.5 6
    endloop
  endfacet
  facet normal -0.0654064 -0.997859 -0
    outer loop
      vertex 0.587367 4.4615 6
      vertex 0 4.5 0
      vertex 0.587367 4.4615 0
    endloop
  endfacet
  facet normal 0.555562 -0.831475 0
    outer loop
      vertex -2.73943 3.57009 0
      vertex -2.25 3.89711 6
      vertex -2.73943 3.57009 6
    endloop
  endfacet
  facet normal 0.555562 -0.831475 0
    outer loop
      vertex -2.25 3.89711 6
      vertex -2.73943 3.57009 0
      vertex -2.25 3.89711 0
    endloop
  endfacet
  facet normal -0.946928 0.321447 0
    outer loop
      vertex 4.15746 -1.72207 0
      vertex 4.34667 -1.16469 6
      vertex 4.34667 -1.16469 0
    endloop
  endfacet
  facet normal -0.946928 0.321447 0
    outer loop
      vertex 4.34667 -1.16469 6
      vertex 4.15746 -1.72207 0
      vertex 4.15746 -1.72207 6
    endloop
  endfacet
  facet normal 0.980787 -0.195079 0
    outer loop
      vertex -4.4615 0.587367 6
      vertex -4.34667 1.16469 0
      vertex -4.34667 1.16469 6
    endloop
  endfacet
  facet normal 0.980787 -0.195079 0
    outer loop
      vertex -4.34667 1.16469 0
      vertex -4.4615 0.587367 6
      vertex -4.4615 0.587367 0
    endloop
  endfacet
  facet normal 0.65935 -0.751836 0
    outer loop
      vertex -3.18198 3.18198 0
      vertex -2.73943 3.57009 6
      vertex -3.18198 3.18198 6
    endloop
  endfacet
  facet normal 0.65935 -0.751836 0
    outer loop
      vertex -2.73943 3.57009 6
      vertex -3.18198 3.18198 0
      vertex -2.73943 3.57009 0
    endloop
  endfacet
  facet normal 0.997859 -0.0654064 0
    outer loop
      vertex -4.5 0 6
      vertex -4.4615 0.587367 0
      vertex -4.4615 0.587367 6
    endloop
  endfacet
  facet normal 0.997859 -0.0654064 0
    outer loop
      vertex -4.4615 0.587367 0
      vertex -4.5 0 6
      vertex -4.5 0 0
    endloop
  endfacet
  facet normal -0.555562 0.831475 0
    outer loop
      vertex 2.73943 -3.57009 0
      vertex 2.25 -3.89711 6
      vertex 2.73943 -3.57009 6
    endloop
  endfacet
  facet normal -0.555562 0.831475 0
    outer loop
      vertex 2.25 -3.89711 6
      vertex 2.73943 -3.57009 0
      vertex 2.25 -3.89711 0
    endloop
  endfacet
  facet normal 0.751836 0.65935 0
    outer loop
      vertex -3.18198 -3.18198 6
      vertex -3.57009 -2.73943 0
      vertex -3.57009 -2.73943 6
    endloop
  endfacet
  facet normal 0.751836 0.65935 0
    outer loop
      vertex -3.57009 -2.73943 0
      vertex -3.18198 -3.18198 6
      vertex -3.18198 -3.18198 0
    endloop
  endfacet
  facet normal 0.65935 0.751836 -0
    outer loop
      vertex -2.73943 -3.57009 0
      vertex -3.18198 -3.18198 6
      vertex -2.73943 -3.57009 6
    endloop
  endfacet
  facet normal 0.65935 0.751836 0
    outer loop
      vertex -3.18198 -3.18198 6
      vertex -2.73943 -3.57009 0
      vertex -3.18198 -3.18198 0
    endloop
  endfacet
  facet normal 0.195079 0.980787 -0
    outer loop
      vertex -0.587367 -4.4615 0
      vertex -1.16469 -4.34667 6
      vertex -0.587367 -4.4615 6
    endloop
  endfacet
  facet normal 0.195079 0.980787 0
    outer loop
      vertex -1.16469 -4.34667 6
      vertex -0.587367 -4.4615 0
      vertex -1.16469 -4.34667 0
    endloop
  endfacet
  facet normal -0.980761 -0.195211 0
    outer loop
      vertex -33.7111 -11.3303 0
      vertex -33.7443 -11.1635 6
      vertex -33.7443 -11.1635 0
    endloop
  endfacet
  facet normal -0.980761 -0.195211 0
    outer loop
      vertex -33.7443 -11.1635 6
      vertex -33.7111 -11.3303 0
      vertex -33.7111 -11.3303 6
    endloop
  endfacet
  facet normal -0.997868 -0.0652701 0
    outer loop
      vertex -33.7 -11.5 0
      vertex -33.7111 -11.3303 6
      vertex -33.7111 -11.3303 0
    endloop
  endfacet
  facet normal -0.997868 -0.0652701 0
    outer loop
      vertex -33.7111 -11.3303 6
      vertex -33.7 -11.5 0
      vertex -33.7 -11.5 6
    endloop
  endfacet
  facet normal -0.946844 -0.321692 0
    outer loop
      vertex -33.7443 -11.1635 0
      vertex -33.799 -11.0025 6
      vertex -33.799 -11.0025 0
    endloop
  endfacet
  facet normal -0.946844 -0.321692 0
    outer loop
      vertex -33.799 -11.0025 6
      vertex -33.7443 -11.1635 0
      vertex -33.7443 -11.1635 6
    endloop
  endfacet
  facet normal -0.442267 -0.896884 0
    outer loop
      vertex -34.5025 -10.299 0
      vertex -34.35 -10.3742 6
      vertex -34.5025 -10.299 6
    endloop
  endfacet
  facet normal -0.442267 -0.896884 -0
    outer loop
      vertex -34.35 -10.3742 6
      vertex -34.5025 -10.299 0
      vertex -34.35 -10.3742 0
    endloop
  endfacet
  facet normal -0.896884 -0.442267 0
    outer loop
      vertex -33.799 -11.0025 0
      vertex -33.8742 -10.85 6
      vertex -33.8742 -10.85 0
    endloop
  endfacet
  facet normal -0.896884 -0.442267 0
    outer loop
      vertex -33.8742 -10.85 6
      vertex -33.799 -11.0025 0
      vertex -33.799 -11.0025 6
    endloop
  endfacet
  facet normal -0.831688 -0.555243 0
    outer loop
      vertex -33.8742 -10.85 0
      vertex -33.9686 -10.7086 6
      vertex -33.9686 -10.7086 0
    endloop
  endfacet
  facet normal -0.831688 -0.555243 0
    outer loop
      vertex -33.9686 -10.7086 6
      vertex -33.8742 -10.85 0
      vertex -33.8742 -10.85 6
    endloop
  endfacet
  facet normal 0.442267 -0.896884 0
    outer loop
      vertex -35.65 -10.3742 0
      vertex -35.4975 -10.299 6
      vertex -35.65 -10.3742 6
    endloop
  endfacet
  facet normal 0.442267 -0.896884 0
    outer loop
      vertex -35.4975 -10.299 6
      vertex -35.65 -10.3742 0
      vertex -35.4975 -10.299 0
    endloop
  endfacet
  facet normal 0.831688 -0.555243 0
    outer loop
      vertex -36.1258 -10.85 6
      vertex -36.0314 -10.7086 0
      vertex -36.0314 -10.7086 6
    endloop
  endfacet
  facet normal 0.831688 -0.555243 0
    outer loop
      vertex -36.0314 -10.7086 0
      vertex -36.1258 -10.85 6
      vertex -36.1258 -10.85 0
    endloop
  endfacet
  facet normal -0.896884 0.442267 0
    outer loop
      vertex -33.8742 -12.15 0
      vertex -33.799 -11.9975 6
      vertex -33.799 -11.9975 0
    endloop
  endfacet
  facet normal -0.896884 0.442267 0
    outer loop
      vertex -33.799 -11.9975 6
      vertex -33.8742 -12.15 0
      vertex -33.8742 -12.15 6
    endloop
  endfacet
  facet normal 0.659753 -0.751483 0
    outer loop
      vertex -35.9192 -10.5808 0
      vertex -35.7914 -10.4686 6
      vertex -35.9192 -10.5808 6
    endloop
  endfacet
  facet normal 0.659753 -0.751483 0
    outer loop
      vertex -35.7914 -10.4686 6
      vertex -35.9192 -10.5808 0
      vertex -35.7914 -10.4686 0
    endloop
  endfacet
  facet normal -0.751483 -0.659753 0
    outer loop
      vertex -33.9686 -10.7086 0
      vertex -34.0808 -10.5808 6
      vertex -34.0808 -10.5808 0
    endloop
  endfacet
  facet normal -0.751483 -0.659753 0
    outer loop
      vertex -34.0808 -10.5808 6
      vertex -33.9686 -10.7086 0
      vertex -33.9686 -10.7086 6
    endloop
  endfacet
  facet normal 0.997868 0.0652701 0
    outer loop
      vertex -36.2889 -11.6697 6
      vertex -36.3 -11.5 0
      vertex -36.3 -11.5 6
    endloop
  endfacet
  facet normal 0.997868 0.0652701 0
    outer loop
      vertex -36.3 -11.5 0
      vertex -36.2889 -11.6697 6
      vertex -36.2889 -11.6697 0
    endloop
  endfacet
  facet normal -0.980761 0.195211 0
    outer loop
      vertex -33.7443 -11.8365 0
      vertex -33.7111 -11.6697 6
      vertex -33.7111 -11.6697 0
    endloop
  endfacet
  facet normal -0.980761 0.195211 0
    outer loop
      vertex -33.7111 -11.6697 6
      vertex -33.7443 -11.8365 0
      vertex -33.7443 -11.8365 6
    endloop
  endfacet
  facet normal -0.946844 0.321692 0
    outer loop
      vertex -33.799 -11.9975 0
      vertex -33.7443 -11.8365 6
      vertex -33.7443 -11.8365 0
    endloop
  endfacet
  facet normal -0.946844 0.321692 0
    outer loop
      vertex -33.7443 -11.8365 6
      vertex -33.799 -11.9975 0
      vertex -33.799 -11.9975 6
    endloop
  endfacet
  facet normal 0.980761 0.195211 0
    outer loop
      vertex -36.2557 -11.8365 6
      vertex -36.2889 -11.6697 0
      vertex -36.2889 -11.6697 6
    endloop
  endfacet
  facet normal 0.980761 0.195211 0
    outer loop
      vertex -36.2889 -11.6697 0
      vertex -36.2557 -11.8365 6
      vertex -36.2557 -11.8365 0
    endloop
  endfacet
  facet normal 0.751483 0.659753 0
    outer loop
      vertex -35.9192 -12.4192 6
      vertex -36.0314 -12.2914 0
      vertex -36.0314 -12.2914 6
    endloop
  endfacet
  facet normal 0.751483 0.659753 0
    outer loop
      vertex -36.0314 -12.2914 0
      vertex -35.9192 -12.4192 6
      vertex -35.9192 -12.4192 0
    endloop
  endfacet
  facet normal -0.555243 -0.831688 0
    outer loop
      vertex -34.35 -10.3742 0
      vertex -34.2086 -10.4686 6
      vertex -34.35 -10.3742 6
    endloop
  endfacet
  facet normal -0.555243 -0.831688 -0
    outer loop
      vertex -34.2086 -10.4686 6
      vertex -34.35 -10.3742 0
      vertex -34.2086 -10.4686 0
    endloop
  endfacet
  facet normal -0.831688 0.555243 0
    outer loop
      vertex -33.9686 -12.2914 0
      vertex -33.8742 -12.15 6
      vertex -33.8742 -12.15 0
    endloop
  endfacet
  facet normal -0.831688 0.555243 0
    outer loop
      vertex -33.8742 -12.15 6
      vertex -33.9686 -12.2914 0
      vertex -33.9686 -12.2914 6
    endloop
  endfacet
  facet normal -0.321692 0.946844 0
    outer loop
      vertex -34.5025 -12.701 0
      vertex -34.6635 -12.7557 6
      vertex -34.5025 -12.701 6
    endloop
  endfacet
  facet normal -0.321692 0.946844 0
    outer loop
      vertex -34.6635 -12.7557 6
      vertex -34.5025 -12.701 0
      vertex -34.6635 -12.7557 0
    endloop
  endfacet
  facet normal 0.946844 -0.321692 0
    outer loop
      vertex -36.2557 -11.1635 6
      vertex -36.201 -11.0025 0
      vertex -36.201 -11.0025 6
    endloop
  endfacet
  facet normal 0.946844 -0.321692 0
    outer loop
      vertex -36.201 -11.0025 0
      vertex -36.2557 -11.1635 6
      vertex -36.2557 -11.1635 0
    endloop
  endfacet
  facet normal -0.195211 0.980761 0
    outer loop
      vertex -34.6635 -12.7557 0
      vertex -34.8303 -12.7889 6
      vertex -34.6635 -12.7557 6
    endloop
  endfacet
  facet normal -0.195211 0.980761 0
    outer loop
      vertex -34.8303 -12.7889 6
      vertex -34.6635 -12.7557 0
      vertex -34.8303 -12.7889 0
    endloop
  endfacet
  facet normal 0.997868 -0.0652701 0
    outer loop
      vertex -36.3 -11.5 6
      vertex -36.2889 -11.3303 0
      vertex -36.2889 -11.3303 6
    endloop
  endfacet
  facet normal 0.997868 -0.0652701 0
    outer loop
      vertex -36.2889 -11.3303 0
      vertex -36.3 -11.5 6
      vertex -36.3 -11.5 0
    endloop
  endfacet
  facet normal 0.0652701 0.997868 -0
    outer loop
      vertex -35 -12.8 0
      vertex -35.1697 -12.7889 6
      vertex -35 -12.8 6
    endloop
  endfacet
  facet normal 0.0652701 0.997868 0
    outer loop
      vertex -35.1697 -12.7889 6
      vertex -35 -12.8 0
      vertex -35.1697 -12.7889 0
    endloop
  endfacet
  facet normal 0.195211 -0.980761 0
    outer loop
      vertex -35.3365 -10.2443 0
      vertex -35.1697 -10.2111 6
      vertex -35.3365 -10.2443 6
    endloop
  endfacet
  facet normal 0.195211 -0.980761 0
    outer loop
      vertex -35.1697 -10.2111 6
      vertex -35.3365 -10.2443 0
      vertex -35.1697 -10.2111 0
    endloop
  endfacet
  facet normal 0.659753 0.751483 -0
    outer loop
      vertex -35.7914 -12.5314 0
      vertex -35.9192 -12.4192 6
      vertex -35.7914 -12.5314 6
    endloop
  endfacet
  facet normal 0.659753 0.751483 0
    outer loop
      vertex -35.9192 -12.4192 6
      vertex -35.7914 -12.5314 0
      vertex -35.9192 -12.4192 0
    endloop
  endfacet
  facet normal 0.831688 0.555243 0
    outer loop
      vertex -36.0314 -12.2914 6
      vertex -36.1258 -12.15 0
      vertex -36.1258 -12.15 6
    endloop
  endfacet
  facet normal 0.831688 0.555243 0
    outer loop
      vertex -36.1258 -12.15 0
      vertex -36.0314 -12.2914 6
      vertex -36.0314 -12.2914 0
    endloop
  endfacet
  facet normal 0.896884 -0.442267 0
    outer loop
      vertex -36.201 -11.0025 6
      vertex -36.1258 -10.85 0
      vertex -36.1258 -10.85 6
    endloop
  endfacet
  facet normal 0.896884 -0.442267 0
    outer loop
      vertex -36.1258 -10.85 0
      vertex -36.201 -11.0025 6
      vertex -36.201 -11.0025 0
    endloop
  endfacet
  facet normal -0.555243 0.831688 0
    outer loop
      vertex -34.2086 -12.5314 0
      vertex -34.35 -12.6258 6
      vertex -34.2086 -12.5314 6
    endloop
  endfacet
  facet normal -0.555243 0.831688 0
    outer loop
      vertex -34.35 -12.6258 6
      vertex -34.2086 -12.5314 0
      vertex -34.35 -12.6258 0
    endloop
  endfacet
  facet normal -0.659753 -0.751483 0
    outer loop
      vertex -34.2086 -10.4686 0
      vertex -34.0808 -10.5808 6
      vertex -34.2086 -10.4686 6
    endloop
  endfacet
  facet normal -0.659753 -0.751483 -0
    outer loop
      vertex -34.0808 -10.5808 6
      vertex -34.2086 -10.4686 0
      vertex -34.0808 -10.5808 0
    endloop
  endfacet
  facet normal 0.980761 -0.195211 0
    outer loop
      vertex -36.2889 -11.3303 6
      vertex -36.2557 -11.1635 0
      vertex -36.2557 -11.1635 6
    endloop
  endfacet
  facet normal 0.980761 -0.195211 0
    outer loop
      vertex -36.2557 -11.1635 0
      vertex -36.2889 -11.3303 6
      vertex -36.2889 -11.3303 0
    endloop
  endfacet
  facet normal -0.751483 0.659753 0
    outer loop
      vertex -34.0808 -12.4192 0
      vertex -33.9686 -12.2914 6
      vertex -33.9686 -12.2914 0
    endloop
  endfacet
  facet normal -0.751483 0.659753 0
    outer loop
      vertex -33.9686 -12.2914 6
      vertex -34.0808 -12.4192 0
      vertex -34.0808 -12.4192 6
    endloop
  endfacet
  facet normal 0.321692 -0.946844 0
    outer loop
      vertex -35.4975 -10.299 0
      vertex -35.3365 -10.2443 6
      vertex -35.4975 -10.299 6
    endloop
  endfacet
  facet normal 0.321692 -0.946844 0
    outer loop
      vertex -35.3365 -10.2443 6
      vertex -35.4975 -10.299 0
      vertex -35.3365 -10.2443 0
    endloop
  endfacet
  facet normal 0.946844 0.321692 0
    outer loop
      vertex -36.201 -11.9975 6
      vertex -36.2557 -11.8365 0
      vertex -36.2557 -11.8365 6
    endloop
  endfacet
  facet normal 0.946844 0.321692 0
    outer loop
      vertex -36.2557 -11.8365 0
      vertex -36.201 -11.9975 6
      vertex -36.201 -11.9975 0
    endloop
  endfacet
  facet normal -0.0652701 0.997868 0
    outer loop
      vertex -34.8303 -12.7889 0
      vertex -35 -12.8 6
      vertex -34.8303 -12.7889 6
    endloop
  endfacet
  facet normal -0.0652701 0.997868 0
    outer loop
      vertex -35 -12.8 6
      vertex -34.8303 -12.7889 0
      vertex -35 -12.8 0
    endloop
  endfacet
  facet normal 0.751483 -0.659753 0
    outer loop
      vertex -36.0314 -10.7086 6
      vertex -35.9192 -10.5808 0
      vertex -35.9192 -10.5808 6
    endloop
  endfacet
  facet normal 0.751483 -0.659753 0
    outer loop
      vertex -35.9192 -10.5808 0
      vertex -36.0314 -10.7086 6
      vertex -36.0314 -10.7086 0
    endloop
  endfacet
  facet normal -0.321692 -0.946844 0
    outer loop
      vertex -34.6635 -10.2443 0
      vertex -34.5025 -10.299 6
      vertex -34.6635 -10.2443 6
    endloop
  endfacet
  facet normal -0.321692 -0.946844 -0
    outer loop
      vertex -34.5025 -10.299 6
      vertex -34.6635 -10.2443 0
      vertex -34.5025 -10.299 0
    endloop
  endfacet
  facet normal 0.195211 0.980761 -0
    outer loop
      vertex -35.1697 -12.7889 0
      vertex -35.3365 -12.7557 6
      vertex -35.1697 -12.7889 6
    endloop
  endfacet
  facet normal 0.195211 0.980761 0
    outer loop
      vertex -35.3365 -12.7557 6
      vertex -35.1697 -12.7889 0
      vertex -35.3365 -12.7557 0
    endloop
  endfacet
  facet normal 0.896884 0.442267 0
    outer loop
      vertex -36.1258 -12.15 6
      vertex -36.201 -11.9975 0
      vertex -36.201 -11.9975 6
    endloop
  endfacet
  facet normal 0.896884 0.442267 0
    outer loop
      vertex -36.201 -11.9975 0
      vertex -36.1258 -12.15 6
      vertex -36.1258 -12.15 0
    endloop
  endfacet
  facet normal -0.997868 0.0652701 0
    outer loop
      vertex -33.7111 -11.6697 0
      vertex -33.7 -11.5 6
      vertex -33.7 -11.5 0
    endloop
  endfacet
  facet normal -0.997868 0.0652701 0
    outer loop
      vertex -33.7 -11.5 6
      vertex -33.7111 -11.6697 0
      vertex -33.7111 -11.6697 6
    endloop
  endfacet
  facet normal 0.0652701 -0.997868 0
    outer loop
      vertex -35.1697 -10.2111 0
      vertex -35 -10.2 6
      vertex -35.1697 -10.2111 6
    endloop
  endfacet
  facet normal 0.0652701 -0.997868 0
    outer loop
      vertex -35 -10.2 6
      vertex -35.1697 -10.2111 0
      vertex -35 -10.2 0
    endloop
  endfacet
  facet normal 0.555243 -0.831688 0
    outer loop
      vertex -35.7914 -10.4686 0
      vertex -35.65 -10.3742 6
      vertex -35.7914 -10.4686 6
    endloop
  endfacet
  facet normal 0.555243 -0.831688 0
    outer loop
      vertex -35.65 -10.3742 6
      vertex -35.7914 -10.4686 0
      vertex -35.65 -10.3742 0
    endloop
  endfacet
  facet normal 0.321692 0.946844 -0
    outer loop
      vertex -35.3365 -12.7557 0
      vertex -35.4975 -12.701 6
      vertex -35.3365 -12.7557 6
    endloop
  endfacet
  facet normal 0.321692 0.946844 0
    outer loop
      vertex -35.4975 -12.701 6
      vertex -35.3365 -12.7557 0
      vertex -35.4975 -12.701 0
    endloop
  endfacet
  facet normal -0.0652701 -0.997868 0
    outer loop
      vertex -35 -10.2 0
      vertex -34.8303 -10.2111 6
      vertex -35 -10.2 6
    endloop
  endfacet
  facet normal -0.0652701 -0.997868 -0
    outer loop
      vertex -34.8303 -10.2111 6
      vertex -35 -10.2 0
      vertex -34.8303 -10.2111 0
    endloop
  endfacet
  facet normal -0.195211 -0.980761 0
    outer loop
      vertex -34.8303 -10.2111 0
      vertex -34.6635 -10.2443 6
      vertex -34.8303 -10.2111 6
    endloop
  endfacet
  facet normal -0.195211 -0.980761 -0
    outer loop
      vertex -34.6635 -10.2443 6
      vertex -34.8303 -10.2111 0
      vertex -34.6635 -10.2443 0
    endloop
  endfacet
  facet normal -0.442267 0.896884 0
    outer loop
      vertex -34.35 -12.6258 0
      vertex -34.5025 -12.701 6
      vertex -34.35 -12.6258 6
    endloop
  endfacet
  facet normal -0.442267 0.896884 0
    outer loop
      vertex -34.5025 -12.701 6
      vertex -34.35 -12.6258 0
      vertex -34.5025 -12.701 0
    endloop
  endfacet
  facet normal 0.442267 0.896884 -0
    outer loop
      vertex -35.4975 -12.701 0
      vertex -35.65 -12.6258 6
      vertex -35.4975 -12.701 6
    endloop
  endfacet
  facet normal 0.442267 0.896884 0
    outer loop
      vertex -35.65 -12.6258 6
      vertex -35.4975 -12.701 0
      vertex -35.65 -12.6258 0
    endloop
  endfacet
  facet normal -0.659753 0.751483 0
    outer loop
      vertex -34.0808 -12.4192 0
      vertex -34.2086 -12.5314 6
      vertex -34.0808 -12.4192 6
    endloop
  endfacet
  facet normal -0.659753 0.751483 0
    outer loop
      vertex -34.2086 -12.5314 6
      vertex -34.0808 -12.4192 0
      vertex -34.2086 -12.5314 0
    endloop
  endfacet
  facet normal 0.555243 0.831688 -0
    outer loop
      vertex -35.65 -12.6258 0
      vertex -35.7914 -12.5314 6
      vertex -35.65 -12.6258 6
    endloop
  endfacet
  facet normal 0.555243 0.831688 0
    outer loop
      vertex -35.7914 -12.5314 6
      vertex -35.65 -12.6258 0
      vertex -35.7914 -12.5314 0
    endloop
  endfacet
  facet normal -0.321692 0.946844 0
    outer loop
      vertex -34.5025 10.299 0
      vertex -34.6635 10.2443 6
      vertex -34.5025 10.299 6
    endloop
  endfacet
  facet normal -0.321692 0.946844 0
    outer loop
      vertex -34.6635 10.2443 6
      vertex -34.5025 10.299 0
      vertex -34.6635 10.2443 0
    endloop
  endfacet
  facet normal -0.980761 -0.195211 0
    outer loop
      vertex -33.7111 11.6697 0
      vertex -33.7443 11.8365 6
      vertex -33.7443 11.8365 0
    endloop
  endfacet
  facet normal -0.980761 -0.195211 0
    outer loop
      vertex -33.7443 11.8365 6
      vertex -33.7111 11.6697 0
      vertex -33.7111 11.6697 6
    endloop
  endfacet
  facet normal -0.997868 -0.0652701 0
    outer loop
      vertex -33.7 11.5 0
      vertex -33.7111 11.6697 6
      vertex -33.7111 11.6697 0
    endloop
  endfacet
  facet normal -0.997868 -0.0652701 0
    outer loop
      vertex -33.7111 11.6697 6
      vertex -33.7 11.5 0
      vertex -33.7 11.5 6
    endloop
  endfacet
  facet normal -0.946844 -0.321692 0
    outer loop
      vertex -33.7443 11.8365 0
      vertex -33.799 11.9975 6
      vertex -33.799 11.9975 0
    endloop
  endfacet
  facet normal -0.946844 -0.321692 0
    outer loop
      vertex -33.799 11.9975 6
      vertex -33.7443 11.8365 0
      vertex -33.7443 11.8365 6
    endloop
  endfacet
  facet normal -0.321692 -0.946844 0
    outer loop
      vertex -34.6635 12.7557 0
      vertex -34.5025 12.701 6
      vertex -34.6635 12.7557 6
    endloop
  endfacet
  facet normal -0.321692 -0.946844 -0
    outer loop
      vertex -34.5025 12.701 6
      vertex -34.6635 12.7557 0
      vertex -34.5025 12.701 0
    endloop
  endfacet
  facet normal 0.896884 -0.442267 0
    outer loop
      vertex -36.201 11.9975 6
      vertex -36.1258 12.15 0
      vertex -36.1258 12.15 6
    endloop
  endfacet
  facet normal 0.896884 -0.442267 0
    outer loop
      vertex -36.1258 12.15 0
      vertex -36.201 11.9975 6
      vertex -36.201 11.9975 0
    endloop
  endfacet
  facet normal -0.831688 -0.555243 0
    outer loop
      vertex -33.8742 12.15 0
      vertex -33.9686 12.2914 6
      vertex -33.9686 12.2914 0
    endloop
  endfacet
  facet normal -0.831688 -0.555243 0
    outer loop
      vertex -33.9686 12.2914 6
      vertex -33.8742 12.15 0
      vertex -33.8742 12.15 6
    endloop
  endfacet
  facet normal -0.896884 -0.442267 0
    outer loop
      vertex -33.799 11.9975 0
      vertex -33.8742 12.15 6
      vertex -33.8742 12.15 0
    endloop
  endfacet
  facet normal -0.896884 -0.442267 0
    outer loop
      vertex -33.8742 12.15 6
      vertex -33.799 11.9975 0
      vertex -33.799 11.9975 6
    endloop
  endfacet
  facet normal 0.442267 0.896884 -0
    outer loop
      vertex -35.4975 10.299 0
      vertex -35.65 10.3742 6
      vertex -35.4975 10.299 6
    endloop
  endfacet
  facet normal 0.442267 0.896884 0
    outer loop
      vertex -35.65 10.3742 6
      vertex -35.4975 10.299 0
      vertex -35.65 10.3742 0
    endloop
  endfacet
  facet normal 0.946844 -0.321692 0
    outer loop
      vertex -36.2557 11.8365 6
      vertex -36.201 11.9975 0
      vertex -36.201 11.9975 6
    endloop
  endfacet
  facet normal 0.946844 -0.321692 0
    outer loop
      vertex -36.201 11.9975 0
      vertex -36.2557 11.8365 6
      vertex -36.2557 11.8365 0
    endloop
  endfacet
  facet normal 0.751483 -0.659753 0
    outer loop
      vertex -36.0314 12.2914 6
      vertex -35.9192 12.4192 0
      vertex -35.9192 12.4192 6
    endloop
  endfacet
  facet normal 0.751483 -0.659753 0
    outer loop
      vertex -35.9192 12.4192 0
      vertex -36.0314 12.2914 6
      vertex -36.0314 12.2914 0
    endloop
  endfacet
  facet normal -0.946844 0.321692 0
    outer loop
      vertex -33.799 11.0025 0
      vertex -33.7443 11.1635 6
      vertex -33.7443 11.1635 0
    endloop
  endfacet
  facet normal -0.946844 0.321692 0
    outer loop
      vertex -33.7443 11.1635 6
      vertex -33.799 11.0025 0
      vertex -33.799 11.0025 6
    endloop
  endfacet
  facet normal -0.659753 -0.751483 0
    outer loop
      vertex -34.2086 12.5314 0
      vertex -34.0808 12.4192 6
      vertex -34.2086 12.5314 6
    endloop
  endfacet
  facet normal -0.659753 -0.751483 -0
    outer loop
      vertex -34.0808 12.4192 6
      vertex -34.2086 12.5314 0
      vertex -34.0808 12.4192 0
    endloop
  endfacet
  facet normal -0.442267 0.896884 0
    outer loop
      vertex -34.35 10.3742 0
      vertex -34.5025 10.299 6
      vertex -34.35 10.3742 6
    endloop
  endfacet
  facet normal -0.442267 0.896884 0
    outer loop
      vertex -34.5025 10.299 6
      vertex -34.35 10.3742 0
      vertex -34.5025 10.299 0
    endloop
  endfacet
  facet normal 0.442267 -0.896884 0
    outer loop
      vertex -35.65 12.6258 0
      vertex -35.4975 12.701 6
      vertex -35.65 12.6258 6
    endloop
  endfacet
  facet normal 0.442267 -0.896884 0
    outer loop
      vertex -35.4975 12.701 6
      vertex -35.65 12.6258 0
      vertex -35.4975 12.701 0
    endloop
  endfacet
  facet normal -0.831688 0.555243 0
    outer loop
      vertex -33.9686 10.7086 0
      vertex -33.8742 10.85 6
      vertex -33.8742 10.85 0
    endloop
  endfacet
  facet normal -0.831688 0.555243 0
    outer loop
      vertex -33.8742 10.85 6
      vertex -33.9686 10.7086 0
      vertex -33.9686 10.7086 6
    endloop
  endfacet
  facet normal 0.321692 0.946844 -0
    outer loop
      vertex -35.3365 10.2443 0
      vertex -35.4975 10.299 6
      vertex -35.3365 10.2443 6
    endloop
  endfacet
  facet normal 0.321692 0.946844 0
    outer loop
      vertex -35.4975 10.299 6
      vertex -35.3365 10.2443 0
      vertex -35.4975 10.299 0
    endloop
  endfacet
  facet normal -0.195211 0.980761 0
    outer loop
      vertex -34.6635 10.2443 0
      vertex -34.8303 10.2111 6
      vertex -34.6635 10.2443 6
    endloop
  endfacet
  facet normal -0.195211 0.980761 0
    outer loop
      vertex -34.8303 10.2111 6
      vertex -34.6635 10.2443 0
      vertex -34.8303 10.2111 0
    endloop
  endfacet
  facet normal -0.0652701 -0.997868 0
    outer loop
      vertex -35 12.8 0
      vertex -34.8303 12.7889 6
      vertex -35 12.8 6
    endloop
  endfacet
  facet normal -0.0652701 -0.997868 -0
    outer loop
      vertex -34.8303 12.7889 6
      vertex -35 12.8 0
      vertex -34.8303 12.7889 0
    endloop
  endfacet
  facet normal -0.980761 0.195211 0
    outer loop
      vertex -33.7443 11.1635 0
      vertex -33.7111 11.3303 6
      vertex -33.7111 11.3303 0
    endloop
  endfacet
  facet normal -0.980761 0.195211 0
    outer loop
      vertex -33.7111 11.3303 6
      vertex -33.7443 11.1635 0
      vertex -33.7443 11.1635 6
    endloop
  endfacet
  facet normal 0.659753 0.751483 -0
    outer loop
      vertex -35.7914 10.4686 0
      vertex -35.9192 10.5808 6
      vertex -35.7914 10.4686 6
    endloop
  endfacet
  facet normal 0.659753 0.751483 0
    outer loop
      vertex -35.9192 10.5808 6
      vertex -35.7914 10.4686 0
      vertex -35.9192 10.5808 0
    endloop
  endfacet
  facet normal -0.555243 0.831688 0
    outer loop
      vertex -34.2086 10.4686 0
      vertex -34.35 10.3742 6
      vertex -34.2086 10.4686 6
    endloop
  endfacet
  facet normal -0.555243 0.831688 0
    outer loop
      vertex -34.35 10.3742 6
      vertex -34.2086 10.4686 0
      vertex -34.35 10.3742 0
    endloop
  endfacet
  facet normal -0.555243 -0.831688 0
    outer loop
      vertex -34.35 12.6258 0
      vertex -34.2086 12.5314 6
      vertex -34.35 12.6258 6
    endloop
  endfacet
  facet normal -0.555243 -0.831688 -0
    outer loop
      vertex -34.2086 12.5314 6
      vertex -34.35 12.6258 0
      vertex -34.2086 12.5314 0
    endloop
  endfacet
  facet normal -0.896884 0.442267 0
    outer loop
      vertex -33.8742 10.85 0
      vertex -33.799 11.0025 6
      vertex -33.799 11.0025 0
    endloop
  endfacet
  facet normal -0.896884 0.442267 0
    outer loop
      vertex -33.799 11.0025 6
      vertex -33.8742 10.85 0
      vertex -33.8742 10.85 6
    endloop
  endfacet
  facet normal 0.555243 -0.831688 0
    outer loop
      vertex -35.7914 12.5314 0
      vertex -35.65 12.6258 6
      vertex -35.7914 12.5314 6
    endloop
  endfacet
  facet normal 0.555243 -0.831688 0
    outer loop
      vertex -35.65 12.6258 6
      vertex -35.7914 12.5314 0
      vertex -35.65 12.6258 0
    endloop
  endfacet
  facet normal -0.751483 0.659753 0
    outer loop
      vertex -34.0808 10.5808 0
      vertex -33.9686 10.7086 6
      vertex -33.9686 10.7086 0
    endloop
  endfacet
  facet normal -0.751483 0.659753 0
    outer loop
      vertex -33.9686 10.7086 6
      vertex -34.0808 10.5808 0
      vertex -34.0808 10.5808 6
    endloop
  endfacet
  facet normal -0.195211 -0.980761 0
    outer loop
      vertex -34.8303 12.7889 0
      vertex -34.6635 12.7557 6
      vertex -34.8303 12.7889 6
    endloop
  endfacet
  facet normal -0.195211 -0.980761 -0
    outer loop
      vertex -34.6635 12.7557 6
      vertex -34.8303 12.7889 0
      vertex -34.6635 12.7557 0
    endloop
  endfacet
  facet normal 0.997868 -0.0652701 0
    outer loop
      vertex -36.3 11.5 6
      vertex -36.2889 11.6697 0
      vertex -36.2889 11.6697 6
    endloop
  endfacet
  facet normal 0.997868 -0.0652701 0
    outer loop
      vertex -36.2889 11.6697 0
      vertex -36.3 11.5 6
      vertex -36.3 11.5 0
    endloop
  endfacet
  facet normal 0.659753 -0.751483 0
    outer loop
      vertex -35.9192 12.4192 0
      vertex -35.7914 12.5314 6
      vertex -35.9192 12.4192 6
    endloop
  endfacet
  facet normal 0.659753 -0.751483 0
    outer loop
      vertex -35.7914 12.5314 6
      vertex -35.9192 12.4192 0
      vertex -35.7914 12.5314 0
    endloop
  endfacet
  facet normal 0.321692 -0.946844 0
    outer loop
      vertex -35.4975 12.701 0
      vertex -35.3365 12.7557 6
      vertex -35.4975 12.701 6
    endloop
  endfacet
  facet normal 0.321692 -0.946844 0
    outer loop
      vertex -35.3365 12.7557 6
      vertex -35.4975 12.701 0
      vertex -35.3365 12.7557 0
    endloop
  endfacet
  facet normal -0.997868 0.0652701 0
    outer loop
      vertex -33.7111 11.3303 0
      vertex -33.7 11.5 6
      vertex -33.7 11.5 0
    endloop
  endfacet
  facet normal -0.997868 0.0652701 0
    outer loop
      vertex -33.7 11.5 6
      vertex -33.7111 11.3303 0
      vertex -33.7111 11.3303 6
    endloop
  endfacet
  facet normal 0.980761 0.195211 0
    outer loop
      vertex -36.2557 11.1635 6
      vertex -36.2889 11.3303 0
      vertex -36.2889 11.3303 6
    endloop
  endfacet
  facet normal 0.980761 0.195211 0
    outer loop
      vertex -36.2889 11.3303 0
      vertex -36.2557 11.1635 6
      vertex -36.2557 11.1635 0
    endloop
  endfacet
  facet normal -0.0652701 0.997868 0
    outer loop
      vertex -34.8303 10.2111 0
      vertex -35 10.2 6
      vertex -34.8303 10.2111 6
    endloop
  endfacet
  facet normal -0.0652701 0.997868 0
    outer loop
      vertex -35 10.2 6
      vertex -34.8303 10.2111 0
      vertex -35 10.2 0
    endloop
  endfacet
  facet normal 0.896884 0.442267 0
    outer loop
      vertex -36.1258 10.85 6
      vertex -36.201 11.0025 0
      vertex -36.201 11.0025 6
    endloop
  endfacet
  facet normal 0.896884 0.442267 0
    outer loop
      vertex -36.201 11.0025 0
      vertex -36.1258 10.85 6
      vertex -36.1258 10.85 0
    endloop
  endfacet
  facet normal 0.831688 0.555243 0
    outer loop
      vertex -36.0314 10.7086 6
      vertex -36.1258 10.85 0
      vertex -36.1258 10.85 6
    endloop
  endfacet
  facet normal 0.831688 0.555243 0
    outer loop
      vertex -36.1258 10.85 0
      vertex -36.0314 10.7086 6
      vertex -36.0314 10.7086 0
    endloop
  endfacet
  facet normal 0.0652701 -0.997868 0
    outer loop
      vertex -35.1697 12.7889 0
      vertex -35 12.8 6
      vertex -35.1697 12.7889 6
    endloop
  endfacet
  facet normal 0.0652701 -0.997868 0
    outer loop
      vertex -35 12.8 6
      vertex -35.1697 12.7889 0
      vertex -35 12.8 0
    endloop
  endfacet
  facet normal 0.751483 0.659753 0
    outer loop
      vertex -35.9192 10.5808 6
      vertex -36.0314 10.7086 0
      vertex -36.0314 10.7086 6
    endloop
  endfacet
  facet normal 0.751483 0.659753 0
    outer loop
      vertex -36.0314 10.7086 0
      vertex -35.9192 10.5808 6
      vertex -35.9192 10.5808 0
    endloop
  endfacet
  facet normal -0.442267 -0.896884 0
    outer loop
      vertex -34.5025 12.701 0
      vertex -34.35 12.6258 6
      vertex -34.5025 12.701 6
    endloop
  endfacet
  facet normal -0.442267 -0.896884 -0
    outer loop
      vertex -34.35 12.6258 6
      vertex -34.5025 12.701 0
      vertex -34.35 12.6258 0
    endloop
  endfacet
  facet normal 0.946844 0.321692 0
    outer loop
      vertex -36.201 11.0025 6
      vertex -36.2557 11.1635 0
      vertex -36.2557 11.1635 6
    endloop
  endfacet
  facet normal 0.946844 0.321692 0
    outer loop
      vertex -36.2557 11.1635 0
      vertex -36.201 11.0025 6
      vertex -36.201 11.0025 0
    endloop
  endfacet
  facet normal 0.195211 -0.980761 0
    outer loop
      vertex -35.3365 12.7557 0
      vertex -35.1697 12.7889 6
      vertex -35.3365 12.7557 6
    endloop
  endfacet
  facet normal 0.195211 -0.980761 0
    outer loop
      vertex -35.1697 12.7889 6
      vertex -35.3365 12.7557 0
      vertex -35.1697 12.7889 0
    endloop
  endfacet
  facet normal 0.997868 0.0652701 0
    outer loop
      vertex -36.2889 11.3303 6
      vertex -36.3 11.5 0
      vertex -36.3 11.5 6
    endloop
  endfacet
  facet normal 0.997868 0.0652701 0
    outer loop
      vertex -36.3 11.5 0
      vertex -36.2889 11.3303 6
      vertex -36.2889 11.3303 0
    endloop
  endfacet
  facet normal 0.195211 0.980761 -0
    outer loop
      vertex -35.1697 10.2111 0
      vertex -35.3365 10.2443 6
      vertex -35.1697 10.2111 6
    endloop
  endfacet
  facet normal 0.195211 0.980761 0
    outer loop
      vertex -35.3365 10.2443 6
      vertex -35.1697 10.2111 0
      vertex -35.3365 10.2443 0
    endloop
  endfacet
  facet normal -0.751483 -0.659753 0
    outer loop
      vertex -33.9686 12.2914 0
      vertex -34.0808 12.4192 6
      vertex -34.0808 12.4192 0
    endloop
  endfacet
  facet normal -0.751483 -0.659753 0
    outer loop
      vertex -34.0808 12.4192 6
      vertex -33.9686 12.2914 0
      vertex -33.9686 12.2914 6
    endloop
  endfacet
  facet normal 0.831688 -0.555243 0
    outer loop
      vertex -36.1258 12.15 6
      vertex -36.0314 12.2914 0
      vertex -36.0314 12.2914 6
    endloop
  endfacet
  facet normal 0.831688 -0.555243 0
    outer loop
      vertex -36.0314 12.2914 0
      vertex -36.1258 12.15 6
      vertex -36.1258 12.15 0
    endloop
  endfacet
  facet normal 0.555243 0.831688 -0
    outer loop
      vertex -35.65 10.3742 0
      vertex -35.7914 10.4686 6
      vertex -35.65 10.3742 6
    endloop
  endfacet
  facet normal 0.555243 0.831688 0
    outer loop
      vertex -35.7914 10.4686 6
      vertex -35.65 10.3742 0
      vertex -35.7914 10.4686 0
    endloop
  endfacet
  facet normal 0.980761 -0.195211 0
    outer loop
      vertex -36.2889 11.6697 6
      vertex -36.2557 11.8365 0
      vertex -36.2557 11.8365 6
    endloop
  endfacet
  facet normal 0.980761 -0.195211 0
    outer loop
      vertex -36.2557 11.8365 0
      vertex -36.2889 11.6697 6
      vertex -36.2889 11.6697 0
    endloop
  endfacet
  facet normal 0.0652701 0.997868 -0
    outer loop
      vertex -35 10.2 0
      vertex -35.1697 10.2111 6
      vertex -35 10.2 6
    endloop
  endfacet
  facet normal 0.0652701 0.997868 0
    outer loop
      vertex -35.1697 10.2111 6
      vertex -35 10.2 0
      vertex -35.1697 10.2111 0
    endloop
  endfacet
  facet normal -0.659753 0.751483 0
    outer loop
      vertex -34.0808 10.5808 0
      vertex -34.2086 10.4686 6
      vertex -34.0808 10.5808 6
    endloop
  endfacet
  facet normal -0.659753 0.751483 0
    outer loop
      vertex -34.2086 10.4686 6
      vertex -34.0808 10.5808 0
      vertex -34.2086 10.4686 0
    endloop
  endfacet
  facet normal -0.980761 -0.195211 0
    outer loop
      vertex 36.2889 -11.3303 0
      vertex 36.2557 -11.1635 6
      vertex 36.2557 -11.1635 0
    endloop
  endfacet
  facet normal -0.980761 -0.195211 0
    outer loop
      vertex 36.2557 -11.1635 6
      vertex 36.2889 -11.3303 0
      vertex 36.2889 -11.3303 6
    endloop
  endfacet
  facet normal -0.997868 -0.0652701 0
    outer loop
      vertex 36.3 -11.5 0
      vertex 36.2889 -11.3303 6
      vertex 36.2889 -11.3303 0
    endloop
  endfacet
  facet normal -0.997868 -0.0652701 0
    outer loop
      vertex 36.2889 -11.3303 6
      vertex 36.3 -11.5 0
      vertex 36.3 -11.5 6
    endloop
  endfacet
  facet normal -0.946844 -0.321692 0
    outer loop
      vertex 36.2557 -11.1635 0
      vertex 36.201 -11.0025 6
      vertex 36.201 -11.0025 0
    endloop
  endfacet
  facet normal -0.946844 -0.321692 0
    outer loop
      vertex 36.201 -11.0025 6
      vertex 36.2557 -11.1635 0
      vertex 36.2557 -11.1635 6
    endloop
  endfacet
  facet normal -0.442267 -0.896884 0
    outer loop
      vertex 35.4975 -10.299 0
      vertex 35.65 -10.3742 6
      vertex 35.4975 -10.299 6
    endloop
  endfacet
  facet normal -0.442267 -0.896884 -0
    outer loop
      vertex 35.65 -10.3742 6
      vertex 35.4975 -10.299 0
      vertex 35.65 -10.3742 0
    endloop
  endfacet
  facet normal -0.896884 -0.442267 0
    outer loop
      vertex 36.201 -11.0025 0
      vertex 36.1258 -10.85 6
      vertex 36.1258 -10.85 0
    endloop
  endfacet
  facet normal -0.896884 -0.442267 0
    outer loop
      vertex 36.1258 -10.85 6
      vertex 36.201 -11.0025 0
      vertex 36.201 -11.0025 6
    endloop
  endfacet
  facet normal -0.831688 -0.555243 0
    outer loop
      vertex 36.1258 -10.85 0
      vertex 36.0314 -10.7086 6
      vertex 36.0314 -10.7086 0
    endloop
  endfacet
  facet normal -0.831688 -0.555243 0
    outer loop
      vertex 36.0314 -10.7086 6
      vertex 36.1258 -10.85 0
      vertex 36.1258 -10.85 6
    endloop
  endfacet
  facet normal 0.442267 -0.896884 0
    outer loop
      vertex 34.35 -10.3742 0
      vertex 34.5025 -10.299 6
      vertex 34.35 -10.3742 6
    endloop
  endfacet
  facet normal 0.442267 -0.896884 0
    outer loop
      vertex 34.5025 -10.299 6
      vertex 34.35 -10.3742 0
      vertex 34.5025 -10.299 0
    endloop
  endfacet
  facet normal 0.831688 -0.555243 0
    outer loop
      vertex 33.8742 -10.85 6
      vertex 33.9686 -10.7086 0
      vertex 33.9686 -10.7086 6
    endloop
  endfacet
  facet normal 0.831688 -0.555243 0
    outer loop
      vertex 33.9686 -10.7086 0
      vertex 33.8742 -10.85 6
      vertex 33.8742 -10.85 0
    endloop
  endfacet
  facet normal -0.896884 0.442267 0
    outer loop
      vertex 36.1258 -12.15 0
      vertex 36.201 -11.9975 6
      vertex 36.201 -11.9975 0
    endloop
  endfacet
  facet normal -0.896884 0.442267 0
    outer loop
      vertex 36.201 -11.9975 6
      vertex 36.1258 -12.15 0
      vertex 36.1258 -12.15 6
    endloop
  endfacet
  facet normal 0.659753 -0.751483 0
    outer loop
      vertex 34.0808 -10.5808 0
      vertex 34.2086 -10.4686 6
      vertex 34.0808 -10.5808 6
    endloop
  endfacet
  facet normal 0.659753 -0.751483 0
    outer loop
      vertex 34.2086 -10.4686 6
      vertex 34.0808 -10.5808 0
      vertex 34.2086 -10.4686 0
    endloop
  endfacet
  facet normal -0.751483 -0.659753 0
    outer loop
      vertex 36.0314 -10.7086 0
      vertex 35.9192 -10.5808 6
      vertex 35.9192 -10.5808 0
    endloop
  endfacet
  facet normal -0.751483 -0.659753 0
    outer loop
      vertex 35.9192 -10.5808 6
      vertex 36.0314 -10.7086 0
      vertex 36.0314 -10.7086 6
    endloop
  endfacet
  facet normal 0.997868 0.0652701 0
    outer loop
      vertex 33.7111 -11.6697 6
      vertex 33.7 -11.5 0
      vertex 33.7 -11.5 6
    endloop
  endfacet
  facet normal 0.997868 0.0652701 0
    outer loop
      vertex 33.7 -11.5 0
      vertex 33.7111 -11.6697 6
      vertex 33.7111 -11.6697 0
    endloop
  endfacet
  facet normal -0.980761 0.195211 0
    outer loop
      vertex 36.2557 -11.8365 0
      vertex 36.2889 -11.6697 6
      vertex 36.2889 -11.6697 0
    endloop
  endfacet
  facet normal -0.980761 0.195211 0
    outer loop
      vertex 36.2889 -11.6697 6
      vertex 36.2557 -11.8365 0
      vertex 36.2557 -11.8365 6
    endloop
  endfacet
  facet normal -0.946844 0.321692 0
    outer loop
      vertex 36.201 -11.9975 0
      vertex 36.2557 -11.8365 6
      vertex 36.2557 -11.8365 0
    endloop
  endfacet
  facet normal -0.946844 0.321692 0
    outer loop
      vertex 36.2557 -11.8365 6
      vertex 36.201 -11.9975 0
      vertex 36.201 -11.9975 6
    endloop
  endfacet
  facet normal 0.980761 0.195211 0
    outer loop
      vertex 33.7443 -11.8365 6
      vertex 33.7111 -11.6697 0
      vertex 33.7111 -11.6697 6
    endloop
  endfacet
  facet normal 0.980761 0.195211 0
    outer loop
      vertex 33.7111 -11.6697 0
      vertex 33.7443 -11.8365 6
      vertex 33.7443 -11.8365 0
    endloop
  endfacet
  facet normal 0.751483 0.659753 0
    outer loop
      vertex 34.0808 -12.4192 6
      vertex 33.9686 -12.2914 0
      vertex 33.9686 -12.2914 6
    endloop
  endfacet
  facet normal 0.751483 0.659753 0
    outer loop
      vertex 33.9686 -12.2914 0
      vertex 34.0808 -12.4192 6
      vertex 34.0808 -12.4192 0
    endloop
  endfacet
  facet normal -0.555243 -0.831688 0
    outer loop
      vertex 35.65 -10.3742 0
      vertex 35.7914 -10.4686 6
      vertex 35.65 -10.3742 6
    endloop
  endfacet
  facet normal -0.555243 -0.831688 -0
    outer loop
      vertex 35.7914 -10.4686 6
      vertex 35.65 -10.3742 0
      vertex 35.7914 -10.4686 0
    endloop
  endfacet
  facet normal -0.831688 0.555243 0
    outer loop
      vertex 36.0314 -12.2914 0
      vertex 36.1258 -12.15 6
      vertex 36.1258 -12.15 0
    endloop
  endfacet
  facet normal -0.831688 0.555243 0
    outer loop
      vertex 36.1258 -12.15 6
      vertex 36.0314 -12.2914 0
      vertex 36.0314 -12.2914 6
    endloop
  endfacet
  facet normal -0.321692 0.946844 0
    outer loop
      vertex 35.4975 -12.701 0
      vertex 35.3365 -12.7557 6
      vertex 35.4975 -12.701 6
    endloop
  endfacet
  facet normal -0.321692 0.946844 0
    outer loop
      vertex 35.3365 -12.7557 6
      vertex 35.4975 -12.701 0
      vertex 35.3365 -12.7557 0
    endloop
  endfacet
  facet normal 0.946844 -0.321692 0
    outer loop
      vertex 33.7443 -11.1635 6
      vertex 33.799 -11.0025 0
      vertex 33.799 -11.0025 6
    endloop
  endfacet
  facet normal 0.946844 -0.321692 0
    outer loop
      vertex 33.799 -11.0025 0
      vertex 33.7443 -11.1635 6
      vertex 33.7443 -11.1635 0
    endloop
  endfacet
  facet normal -0.195211 0.980761 0
    outer loop
      vertex 35.3365 -12.7557 0
      vertex 35.1697 -12.7889 6
      vertex 35.3365 -12.7557 6
    endloop
  endfacet
  facet normal -0.195211 0.980761 0
    outer loop
      vertex 35.1697 -12.7889 6
      vertex 35.3365 -12.7557 0
      vertex 35.1697 -12.7889 0
    endloop
  endfacet
  facet normal 0.997868 -0.0652701 0
    outer loop
      vertex 33.7 -11.5 6
      vertex 33.7111 -11.3303 0
      vertex 33.7111 -11.3303 6
    endloop
  endfacet
  facet normal 0.997868 -0.0652701 0
    outer loop
      vertex 33.7111 -11.3303 0
      vertex 33.7 -11.5 6
      vertex 33.7 -11.5 0
    endloop
  endfacet
  facet normal 0.0652701 0.997868 -0
    outer loop
      vertex 35 -12.8 0
      vertex 34.8303 -12.7889 6
      vertex 35 -12.8 6
    endloop
  endfacet
  facet normal 0.0652701 0.997868 0
    outer loop
      vertex 34.8303 -12.7889 6
      vertex 35 -12.8 0
      vertex 34.8303 -12.7889 0
    endloop
  endfacet
  facet normal 0.195211 -0.980761 0
    outer loop
      vertex 34.6635 -10.2443 0
      vertex 34.8303 -10.2111 6
      vertex 34.6635 -10.2443 6
    endloop
  endfacet
  facet normal 0.195211 -0.980761 0
    outer loop
      vertex 34.8303 -10.2111 6
      vertex 34.6635 -10.2443 0
      vertex 34.8303 -10.2111 0
    endloop
  endfacet
  facet normal 0.659753 0.751483 -0
    outer loop
      vertex 34.2086 -12.5314 0
      vertex 34.0808 -12.4192 6
      vertex 34.2086 -12.5314 6
    endloop
  endfacet
  facet normal 0.659753 0.751483 0
    outer loop
      vertex 34.0808 -12.4192 6
      vertex 34.2086 -12.5314 0
      vertex 34.0808 -12.4192 0
    endloop
  endfacet
  facet normal 0.831688 0.555243 0
    outer loop
      vertex 33.9686 -12.2914 6
      vertex 33.8742 -12.15 0
      vertex 33.8742 -12.15 6
    endloop
  endfacet
  facet normal 0.831688 0.555243 0
    outer loop
      vertex 33.8742 -12.15 0
      vertex 33.9686 -12.2914 6
      vertex 33.9686 -12.2914 0
    endloop
  endfacet
  facet normal 0.896884 -0.442267 0
    outer loop
      vertex 33.799 -11.0025 6
      vertex 33.8742 -10.85 0
      vertex 33.8742 -10.85 6
    endloop
  endfacet
  facet normal 0.896884 -0.442267 0
    outer loop
      vertex 33.8742 -10.85 0
      vertex 33.799 -11.0025 6
      vertex 33.799 -11.0025 0
    endloop
  endfacet
  facet normal -0.555243 0.831688 0
    outer loop
      vertex 35.7914 -12.5314 0
      vertex 35.65 -12.6258 6
      vertex 35.7914 -12.5314 6
    endloop
  endfacet
  facet normal -0.555243 0.831688 0
    outer loop
      vertex 35.65 -12.6258 6
      vertex 35.7914 -12.5314 0
      vertex 35.65 -12.6258 0
    endloop
  endfacet
  facet normal -0.659753 -0.751483 0
    outer loop
      vertex 35.7914 -10.4686 0
      vertex 35.9192 -10.5808 6
      vertex 35.7914 -10.4686 6
    endloop
  endfacet
  facet normal -0.659753 -0.751483 -0
    outer loop
      vertex 35.9192 -10.5808 6
      vertex 35.7914 -10.4686 0
      vertex 35.9192 -10.5808 0
    endloop
  endfacet
  facet normal 0.980761 -0.195211 0
    outer loop
      vertex 33.7111 -11.3303 6
      vertex 33.7443 -11.1635 0
      vertex 33.7443 -11.1635 6
    endloop
  endfacet
  facet normal 0.980761 -0.195211 0
    outer loop
      vertex 33.7443 -11.1635 0
      vertex 33.7111 -11.3303 6
      vertex 33.7111 -11.3303 0
    endloop
  endfacet
  facet normal -0.751483 0.659753 0
    outer loop
      vertex 35.9192 -12.4192 0
      vertex 36.0314 -12.2914 6
      vertex 36.0314 -12.2914 0
    endloop
  endfacet
  facet normal -0.751483 0.659753 0
    outer loop
      vertex 36.0314 -12.2914 6
      vertex 35.9192 -12.4192 0
      vertex 35.9192 -12.4192 6
    endloop
  endfacet
  facet normal 0.321692 -0.946844 0
    outer loop
      vertex 34.5025 -10.299 0
      vertex 34.6635 -10.2443 6
      vertex 34.5025 -10.299 6
    endloop
  endfacet
  facet normal 0.321692 -0.946844 0
    outer loop
      vertex 34.6635 -10.2443 6
      vertex 34.5025 -10.299 0
      vertex 34.6635 -10.2443 0
    endloop
  endfacet
  facet normal 0.946844 0.321692 0
    outer loop
      vertex 33.799 -11.9975 6
      vertex 33.7443 -11.8365 0
      vertex 33.7443 -11.8365 6
    endloop
  endfacet
  facet normal 0.946844 0.321692 0
    outer loop
      vertex 33.7443 -11.8365 0
      vertex 33.799 -11.9975 6
      vertex 33.799 -11.9975 0
    endloop
  endfacet
  facet normal -0.0652701 0.997868 0
    outer loop
      vertex 35.1697 -12.7889 0
      vertex 35 -12.8 6
      vertex 35.1697 -12.7889 6
    endloop
  endfacet
  facet normal -0.0652701 0.997868 0
    outer loop
      vertex 35 -12.8 6
      vertex 35.1697 -12.7889 0
      vertex 35 -12.8 0
    endloop
  endfacet
  facet normal 0.751483 -0.659753 0
    outer loop
      vertex 33.9686 -10.7086 6
      vertex 34.0808 -10.5808 0
      vertex 34.0808 -10.5808 6
    endloop
  endfacet
  facet normal 0.751483 -0.659753 0
    outer loop
      vertex 34.0808 -10.5808 0
      vertex 33.9686 -10.7086 6
      vertex 33.9686 -10.7086 0
    endloop
  endfacet
  facet normal -0.321692 -0.946844 0
    outer loop
      vertex 35.3365 -10.2443 0
      vertex 35.4975 -10.299 6
      vertex 35.3365 -10.2443 6
    endloop
  endfacet
  facet normal -0.321692 -0.946844 -0
    outer loop
      vertex 35.4975 -10.299 6
      vertex 35.3365 -10.2443 0
      vertex 35.4975 -10.299 0
    endloop
  endfacet
  facet normal 0.195211 0.980761 -0
    outer loop
      vertex 34.8303 -12.7889 0
      vertex 34.6635 -12.7557 6
      vertex 34.8303 -12.7889 6
    endloop
  endfacet
  facet normal 0.195211 0.980761 0
    outer loop
      vertex 34.6635 -12.7557 6
      vertex 34.8303 -12.7889 0
      vertex 34.6635 -12.7557 0
    endloop
  endfacet
  facet normal 0.896884 0.442267 0
    outer loop
      vertex 33.8742 -12.15 6
      vertex 33.799 -11.9975 0
      vertex 33.799 -11.9975 6
    endloop
  endfacet
  facet normal 0.896884 0.442267 0
    outer loop
      vertex 33.799 -11.9975 0
      vertex 33.8742 -12.15 6
      vertex 33.8742 -12.15 0
    endloop
  endfacet
  facet normal -0.997868 0.0652701 0
    outer loop
      vertex 36.2889 -11.6697 0
      vertex 36.3 -11.5 6
      vertex 36.3 -11.5 0
    endloop
  endfacet
  facet normal -0.997868 0.0652701 0
    outer loop
      vertex 36.3 -11.5 6
      vertex 36.2889 -11.6697 0
      vertex 36.2889 -11.6697 6
    endloop
  endfacet
  facet normal 0.0652701 -0.997868 0
    outer loop
      vertex 34.8303 -10.2111 0
      vertex 35 -10.2 6
      vertex 34.8303 -10.2111 6
    endloop
  endfacet
  facet normal 0.0652701 -0.997868 0
    outer loop
      vertex 35 -10.2 6
      vertex 34.8303 -10.2111 0
      vertex 35 -10.2 0
    endloop
  endfacet
  facet normal 0.555243 -0.831688 0
    outer loop
      vertex 34.2086 -10.4686 0
      vertex 34.35 -10.3742 6
      vertex 34.2086 -10.4686 6
    endloop
  endfacet
  facet normal 0.555243 -0.831688 0
    outer loop
      vertex 34.35 -10.3742 6
      vertex 34.2086 -10.4686 0
      vertex 34.35 -10.3742 0
    endloop
  endfacet
  facet normal 0.321692 0.946844 -0
    outer loop
      vertex 34.6635 -12.7557 0
      vertex 34.5025 -12.701 6
      vertex 34.6635 -12.7557 6
    endloop
  endfacet
  facet normal 0.321692 0.946844 0
    outer loop
      vertex 34.5025 -12.701 6
      vertex 34.6635 -12.7557 0
      vertex 34.5025 -12.701 0
    endloop
  endfacet
  facet normal -0.0652701 -0.997868 0
    outer loop
      vertex 35 -10.2 0
      vertex 35.1697 -10.2111 6
      vertex 35 -10.2 6
    endloop
  endfacet
  facet normal -0.0652701 -0.997868 -0
    outer loop
      vertex 35.1697 -10.2111 6
      vertex 35 -10.2 0
      vertex 35.1697 -10.2111 0
    endloop
  endfacet
  facet normal -0.195211 -0.980761 0
    outer loop
      vertex 35.1697 -10.2111 0
      vertex 35.3365 -10.2443 6
      vertex 35.1697 -10.2111 6
    endloop
  endfacet
  facet normal -0.195211 -0.980761 -0
    outer loop
      vertex 35.3365 -10.2443 6
      vertex 35.1697 -10.2111 0
      vertex 35.3365 -10.2443 0
    endloop
  endfacet
  facet normal -0.442267 0.896884 0
    outer loop
      vertex 35.65 -12.6258 0
      vertex 35.4975 -12.701 6
      vertex 35.65 -12.6258 6
    endloop
  endfacet
  facet normal -0.442267 0.896884 0
    outer loop
      vertex 35.4975 -12.701 6
      vertex 35.65 -12.6258 0
      vertex 35.4975 -12.701 0
    endloop
  endfacet
  facet normal 0.442267 0.896884 -0
    outer loop
      vertex 34.5025 -12.701 0
      vertex 34.35 -12.6258 6
      vertex 34.5025 -12.701 6
    endloop
  endfacet
  facet normal 0.442267 0.896884 0
    outer loop
      vertex 34.35 -12.6258 6
      vertex 34.5025 -12.701 0
      vertex 34.35 -12.6258 0
    endloop
  endfacet
  facet normal -0.659753 0.751483 0
    outer loop
      vertex 35.9192 -12.4192 0
      vertex 35.7914 -12.5314 6
      vertex 35.9192 -12.4192 6
    endloop
  endfacet
  facet normal -0.659753 0.751483 0
    outer loop
      vertex 35.7914 -12.5314 6
      vertex 35.9192 -12.4192 0
      vertex 35.7914 -12.5314 0
    endloop
  endfacet
  facet normal 0.555243 0.831688 -0
    outer loop
      vertex 34.35 -12.6258 0
      vertex 34.2086 -12.5314 6
      vertex 34.35 -12.6258 6
    endloop
  endfacet
  facet normal 0.555243 0.831688 0
    outer loop
      vertex 34.2086 -12.5314 6
      vertex 34.35 -12.6258 0
      vertex 34.2086 -12.5314 0
    endloop
  endfacet
  facet normal -0.321692 0.946844 0
    outer loop
      vertex 35.4975 10.299 0
      vertex 35.3365 10.2443 6
      vertex 35.4975 10.299 6
    endloop
  endfacet
  facet normal -0.321692 0.946844 0
    outer loop
      vertex 35.3365 10.2443 6
      vertex 35.4975 10.299 0
      vertex 35.3365 10.2443 0
    endloop
  endfacet
  facet normal -0.980761 -0.195211 0
    outer loop
      vertex 36.2889 11.6697 0
      vertex 36.2557 11.8365 6
      vertex 36.2557 11.8365 0
    endloop
  endfacet
  facet normal -0.980761 -0.195211 0
    outer loop
      vertex 36.2557 11.8365 6
      vertex 36.2889 11.6697 0
      vertex 36.2889 11.6697 6
    endloop
  endfacet
  facet normal -0.997868 -0.0652701 0
    outer loop
      vertex 36.3 11.5 0
      vertex 36.2889 11.6697 6
      vertex 36.2889 11.6697 0
    endloop
  endfacet
  facet normal -0.997868 -0.0652701 0
    outer loop
      vertex 36.2889 11.6697 6
      vertex 36.3 11.5 0
      vertex 36.3 11.5 6
    endloop
  endfacet
  facet normal -0.946844 -0.321692 0
    outer loop
      vertex 36.2557 11.8365 0
      vertex 36.201 11.9975 6
      vertex 36.201 11.9975 0
    endloop
  endfacet
  facet normal -0.946844 -0.321692 0
    outer loop
      vertex 36.201 11.9975 6
      vertex 36.2557 11.8365 0
      vertex 36.2557 11.8365 6
    endloop
  endfacet
  facet normal -0.321692 -0.946844 0
    outer loop
      vertex 35.3365 12.7557 0
      vertex 35.4975 12.701 6
      vertex 35.3365 12.7557 6
    endloop
  endfacet
  facet normal -0.321692 -0.946844 -0
    outer loop
      vertex 35.4975 12.701 6
      vertex 35.3365 12.7557 0
      vertex 35.4975 12.701 0
    endloop
  endfacet
  facet normal 0.896884 -0.442267 0
    outer loop
      vertex 33.799 11.9975 6
      vertex 33.8742 12.15 0
      vertex 33.8742 12.15 6
    endloop
  endfacet
  facet normal 0.896884 -0.442267 0
    outer loop
      vertex 33.8742 12.15 0
      vertex 33.799 11.9975 6
      vertex 33.799 11.9975 0
    endloop
  endfacet
  facet normal -0.831688 -0.555243 0
    outer loop
      vertex 36.1258 12.15 0
      vertex 36.0314 12.2914 6
      vertex 36.0314 12.2914 0
    endloop
  endfacet
  facet normal -0.831688 -0.555243 0
    outer loop
      vertex 36.0314 12.2914 6
      vertex 36.1258 12.15 0
      vertex 36.1258 12.15 6
    endloop
  endfacet
  facet normal -0.896884 -0.442267 0
    outer loop
      vertex 36.201 11.9975 0
      vertex 36.1258 12.15 6
      vertex 36.1258 12.15 0
    endloop
  endfacet
  facet normal -0.896884 -0.442267 0
    outer loop
      vertex 36.1258 12.15 6
      vertex 36.201 11.9975 0
      vertex 36.201 11.9975 6
    endloop
  endfacet
  facet normal 0.442267 0.896884 -0
    outer loop
      vertex 34.5025 10.299 0
      vertex 34.35 10.3742 6
      vertex 34.5025 10.299 6
    endloop
  endfacet
  facet normal 0.442267 0.896884 0
    outer loop
      vertex 34.35 10.3742 6
      vertex 34.5025 10.299 0
      vertex 34.35 10.3742 0
    endloop
  endfacet
  facet normal 0.946844 -0.321692 0
    outer loop
      vertex 33.7443 11.8365 6
      vertex 33.799 11.9975 0
      vertex 33.799 11.9975 6
    endloop
  endfacet
  facet normal 0.946844 -0.321692 0
    outer loop
      vertex 33.799 11.9975 0
      vertex 33.7443 11.8365 6
      vertex 33.7443 11.8365 0
    endloop
  endfacet
  facet normal 0.751483 -0.659753 0
    outer loop
      vertex 33.9686 12.2914 6
      vertex 34.0808 12.4192 0
      vertex 34.0808 12.4192 6
    endloop
  endfacet
  facet normal 0.751483 -0.659753 0
    outer loop
      vertex 34.0808 12.4192 0
      vertex 33.9686 12.2914 6
      vertex 33.9686 12.2914 0
    endloop
  endfacet
  facet normal -0.946844 0.321692 0
    outer loop
      vertex 36.201 11.0025 0
      vertex 36.2557 11.1635 6
      vertex 36.2557 11.1635 0
    endloop
  endfacet
  facet normal -0.946844 0.321692 0
    outer loop
      vertex 36.2557 11.1635 6
      vertex 36.201 11.0025 0
      vertex 36.201 11.0025 6
    endloop
  endfacet
  facet normal -0.659753 -0.751483 0
    outer loop
      vertex 35.7914 12.5314 0
      vertex 35.9192 12.4192 6
      vertex 35.7914 12.5314 6
    endloop
  endfacet
  facet normal -0.659753 -0.751483 -0
    outer loop
      vertex 35.9192 12.4192 6
      vertex 35.7914 12.5314 0
      vertex 35.9192 12.4192 0
    endloop
  endfacet
  facet normal -0.442267 0.896884 0
    outer loop
      vertex 35.65 10.3742 0
      vertex 35.4975 10.299 6
      vertex 35.65 10.3742 6
    endloop
  endfacet
  facet normal -0.442267 0.896884 0
    outer loop
      vertex 35.4975 10.299 6
      vertex 35.65 10.3742 0
      vertex 35.4975 10.299 0
    endloop
  endfacet
  facet normal 0.442267 -0.896884 0
    outer loop
      vertex 34.35 12.6258 0
      vertex 34.5025 12.701 6
      vertex 34.35 12.6258 6
    endloop
  endfacet
  facet normal 0.442267 -0.896884 0
    outer loop
      vertex 34.5025 12.701 6
      vertex 34.35 12.6258 0
      vertex 34.5025 12.701 0
    endloop
  endfacet
  facet normal -0.831688 0.555243 0
    outer loop
      vertex 36.0314 10.7086 0
      vertex 36.1258 10.85 6
      vertex 36.1258 10.85 0
    endloop
  endfacet
  facet normal -0.831688 0.555243 0
    outer loop
      vertex 36.1258 10.85 6
      vertex 36.0314 10.7086 0
      vertex 36.0314 10.7086 6
    endloop
  endfacet
  facet normal 0.321692 0.946844 -0
    outer loop
      vertex 34.6635 10.2443 0
      vertex 34.5025 10.299 6
      vertex 34.6635 10.2443 6
    endloop
  endfacet
  facet normal 0.321692 0.946844 0
    outer loop
      vertex 34.5025 10.299 6
      vertex 34.6635 10.2443 0
      vertex 34.5025 10.299 0
    endloop
  endfacet
  facet normal -0.195211 0.980761 0
    outer loop
      vertex 35.3365 10.2443 0
      vertex 35.1697 10.2111 6
      vertex 35.3365 10.2443 6
    endloop
  endfacet
  facet normal -0.195211 0.980761 0
    outer loop
      vertex 35.1697 10.2111 6
      vertex 35.3365 10.2443 0
      vertex 35.1697 10.2111 0
    endloop
  endfacet
  facet normal -0.0652701 -0.997868 0
    outer loop
      vertex 35 12.8 0
      vertex 35.1697 12.7889 6
      vertex 35 12.8 6
    endloop
  endfacet
  facet normal -0.0652701 -0.997868 -0
    outer loop
      vertex 35.1697 12.7889 6
      vertex 35 12.8 0
      vertex 35.1697 12.7889 0
    endloop
  endfacet
  facet normal -0.980761 0.195211 0
    outer loop
      vertex 36.2557 11.1635 0
      vertex 36.2889 11.3303 6
      vertex 36.2889 11.3303 0
    endloop
  endfacet
  facet normal -0.980761 0.195211 0
    outer loop
      vertex 36.2889 11.3303 6
      vertex 36.2557 11.1635 0
      vertex 36.2557 11.1635 6
    endloop
  endfacet
  facet normal 0.659753 0.751483 -0
    outer loop
      vertex 34.2086 10.4686 0
      vertex 34.0808 10.5808 6
      vertex 34.2086 10.4686 6
    endloop
  endfacet
  facet normal 0.659753 0.751483 0
    outer loop
      vertex 34.0808 10.5808 6
      vertex 34.2086 10.4686 0
      vertex 34.0808 10.5808 0
    endloop
  endfacet
  facet normal -0.555243 0.831688 0
    outer loop
      vertex 35.7914 10.4686 0
      vertex 35.65 10.3742 6
      vertex 35.7914 10.4686 6
    endloop
  endfacet
  facet normal -0.555243 0.831688 0
    outer loop
      vertex 35.65 10.3742 6
      vertex 35.7914 10.4686 0
      vertex 35.65 10.3742 0
    endloop
  endfacet
  facet normal -0.555243 -0.831688 0
    outer loop
      vertex 35.65 12.6258 0
      vertex 35.7914 12.5314 6
      vertex 35.65 12.6258 6
    endloop
  endfacet
  facet normal -0.555243 -0.831688 -0
    outer loop
      vertex 35.7914 12.5314 6
      vertex 35.65 12.6258 0
      vertex 35.7914 12.5314 0
    endloop
  endfacet
  facet normal -0.896884 0.442267 0
    outer loop
      vertex 36.1258 10.85 0
      vertex 36.201 11.0025 6
      vertex 36.201 11.0025 0
    endloop
  endfacet
  facet normal -0.896884 0.442267 0
    outer loop
      vertex 36.201 11.0025 6
      vertex 36.1258 10.85 0
      vertex 36.1258 10.85 6
    endloop
  endfacet
  facet normal 0.555243 -0.831688 0
    outer loop
      vertex 34.2086 12.5314 0
      vertex 34.35 12.6258 6
      vertex 34.2086 12.5314 6
    endloop
  endfacet
  facet normal 0.555243 -0.831688 0
    outer loop
      vertex 34.35 12.6258 6
      vertex 34.2086 12.5314 0
      vertex 34.35 12.6258 0
    endloop
  endfacet
  facet normal -0.751483 0.659753 0
    outer loop
      vertex 35.9192 10.5808 0
      vertex 36.0314 10.7086 6
      vertex 36.0314 10.7086 0
    endloop
  endfacet
  facet normal -0.751483 0.659753 0
    outer loop
      vertex 36.0314 10.7086 6
      vertex 35.9192 10.5808 0
      vertex 35.9192 10.5808 6
    endloop
  endfacet
  facet normal -0.195211 -0.980761 0
    outer loop
      vertex 35.1697 12.7889 0
      vertex 35.3365 12.7557 6
      vertex 35.1697 12.7889 6
    endloop
  endfacet
  facet normal -0.195211 -0.980761 -0
    outer loop
      vertex 35.3365 12.7557 6
      vertex 35.1697 12.7889 0
      vertex 35.3365 12.7557 0
    endloop
  endfacet
  facet normal 0.997868 -0.0652701 0
    outer loop
      vertex 33.7 11.5 6
      vertex 33.7111 11.6697 0
      vertex 33.7111 11.6697 6
    endloop
  endfacet
  facet normal 0.997868 -0.0652701 0
    outer loop
      vertex 33.7111 11.6697 0
      vertex 33.7 11.5 6
      vertex 33.7 11.5 0
    endloop
  endfacet
  facet normal 0.659753 -0.751483 0
    outer loop
      vertex 34.0808 12.4192 0
      vertex 34.2086 12.5314 6
      vertex 34.0808 12.4192 6
    endloop
  endfacet
  facet normal 0.659753 -0.751483 0
    outer loop
      vertex 34.2086 12.5314 6
      vertex 34.0808 12.4192 0
      vertex 34.2086 12.5314 0
    endloop
  endfacet
  facet normal 0.321692 -0.946844 0
    outer loop
      vertex 34.5025 12.701 0
      vertex 34.6635 12.7557 6
      vertex 34.5025 12.701 6
    endloop
  endfacet
  facet normal 0.321692 -0.946844 0
    outer loop
      vertex 34.6635 12.7557 6
      vertex 34.5025 12.701 0
      vertex 34.6635 12.7557 0
    endloop
  endfacet
  facet normal -0.997868 0.0652701 0
    outer loop
      vertex 36.2889 11.3303 0
      vertex 36.3 11.5 6
      vertex 36.3 11.5 0
    endloop
  endfacet
  facet normal -0.997868 0.0652701 0
    outer loop
      vertex 36.3 11.5 6
      vertex 36.2889 11.3303 0
      vertex 36.2889 11.3303 6
    endloop
  endfacet
  facet normal 0.980761 0.195211 0
    outer loop
      vertex 33.7443 11.1635 6
      vertex 33.7111 11.3303 0
      vertex 33.7111 11.3303 6
    endloop
  endfacet
  facet normal 0.980761 0.195211 0
    outer loop
      vertex 33.7111 11.3303 0
      vertex 33.7443 11.1635 6
      vertex 33.7443 11.1635 0
    endloop
  endfacet
  facet normal -0.0652701 0.997868 0
    outer loop
      vertex 35.1697 10.2111 0
      vertex 35 10.2 6
      vertex 35.1697 10.2111 6
    endloop
  endfacet
  facet normal -0.0652701 0.997868 0
    outer loop
      vertex 35 10.2 6
      vertex 35.1697 10.2111 0
      vertex 35 10.2 0
    endloop
  endfacet
  facet normal 0.896884 0.442267 0
    outer loop
      vertex 33.8742 10.85 6
      vertex 33.799 11.0025 0
      vertex 33.799 11.0025 6
    endloop
  endfacet
  facet normal 0.896884 0.442267 0
    outer loop
      vertex 33.799 11.0025 0
      vertex 33.8742 10.85 6
      vertex 33.8742 10.85 0
    endloop
  endfacet
  facet normal 0.831688 0.555243 0
    outer loop
      vertex 33.9686 10.7086 6
      vertex 33.8742 10.85 0
      vertex 33.8742 10.85 6
    endloop
  endfacet
  facet normal 0.831688 0.555243 0
    outer loop
      vertex 33.8742 10.85 0
      vertex 33.9686 10.7086 6
      vertex 33.9686 10.7086 0
    endloop
  endfacet
  facet normal 0.0652701 -0.997868 0
    outer loop
      vertex 34.8303 12.7889 0
      vertex 35 12.8 6
      vertex 34.8303 12.7889 6
    endloop
  endfacet
  facet normal 0.0652701 -0.997868 0
    outer loop
      vertex 35 12.8 6
      vertex 34.8303 12.7889 0
      vertex 35 12.8 0
    endloop
  endfacet
  facet normal 0.751483 0.659753 0
    outer loop
      vertex 34.0808 10.5808 6
      vertex 33.9686 10.7086 0
      vertex 33.9686 10.7086 6
    endloop
  endfacet
  facet normal 0.751483 0.659753 0
    outer loop
      vertex 33.9686 10.7086 0
      vertex 34.0808 10.5808 6
      vertex 34.0808 10.5808 0
    endloop
  endfacet
  facet normal -0.442267 -0.896884 0
    outer loop
      vertex 35.4975 12.701 0
      vertex 35.65 12.6258 6
      vertex 35.4975 12.701 6
    endloop
  endfacet
  facet normal -0.442267 -0.896884 -0
    outer loop
      vertex 35.65 12.6258 6
      vertex 35.4975 12.701 0
      vertex 35.65 12.6258 0
    endloop
  endfacet
  facet normal 0.946844 0.321692 0
    outer loop
      vertex 33.799 11.0025 6
      vertex 33.7443 11.1635 0
      vertex 33.7443 11.1635 6
    endloop
  endfacet
  facet normal 0.946844 0.321692 0
    outer loop
      vertex 33.7443 11.1635 0
      vertex 33.799 11.0025 6
      vertex 33.799 11.0025 0
    endloop
  endfacet
  facet normal 0.195211 -0.980761 0
    outer loop
      vertex 34.6635 12.7557 0
      vertex 34.8303 12.7889 6
      vertex 34.6635 12.7557 6
    endloop
  endfacet
  facet normal 0.195211 -0.980761 0
    outer loop
      vertex 34.8303 12.7889 6
      vertex 34.6635 12.7557 0
      vertex 34.8303 12.7889 0
    endloop
  endfacet
  facet normal 0.997868 0.0652701 0
    outer loop
      vertex 33.7111 11.3303 6
      vertex 33.7 11.5 0
      vertex 33.7 11.5 6
    endloop
  endfacet
  facet normal 0.997868 0.0652701 0
    outer loop
      vertex 33.7 11.5 0
      vertex 33.7111 11.3303 6
      vertex 33.7111 11.3303 0
    endloop
  endfacet
  facet normal 0.195211 0.980761 -0
    outer loop
      vertex 34.8303 10.2111 0
      vertex 34.6635 10.2443 6
      vertex 34.8303 10.2111 6
    endloop
  endfacet
  facet normal 0.195211 0.980761 0
    outer loop
      vertex 34.6635 10.2443 6
      vertex 34.8303 10.2111 0
      vertex 34.6635 10.2443 0
    endloop
  endfacet
  facet normal -0.751483 -0.659753 0
    outer loop
      vertex 36.0314 12.2914 0
      vertex 35.9192 12.4192 6
      vertex 35.9192 12.4192 0
    endloop
  endfacet
  facet normal -0.751483 -0.659753 0
    outer loop
      vertex 35.9192 12.4192 6
      vertex 36.0314 12.2914 0
      vertex 36.0314 12.2914 6
    endloop
  endfacet
  facet normal 0.831688 -0.555243 0
    outer loop
      vertex 33.8742 12.15 6
      vertex 33.9686 12.2914 0
      vertex 33.9686 12.2914 6
    endloop
  endfacet
  facet normal 0.831688 -0.555243 0
    outer loop
      vertex 33.9686 12.2914 0
      vertex 33.8742 12.15 6
      vertex 33.8742 12.15 0
    endloop
  endfacet
  facet normal 0.555243 0.831688 -0
    outer loop
      vertex 34.35 10.3742 0
      vertex 34.2086 10.4686 6
      vertex 34.35 10.3742 6
    endloop
  endfacet
  facet normal 0.555243 0.831688 0
    outer loop
      vertex 34.2086 10.4686 6
      vertex 34.35 10.3742 0
      vertex 34.2086 10.4686 0
    endloop
  endfacet
  facet normal 0.980761 -0.195211 0
    outer loop
      vertex 33.7111 11.6697 6
      vertex 33.7443 11.8365 0
      vertex 33.7443 11.8365 6
    endloop
  endfacet
  facet normal 0.980761 -0.195211 0
    outer loop
      vertex 33.7443 11.8365 0
      vertex 33.7111 11.6697 6
      vertex 33.7111 11.6697 0
    endloop
  endfacet
  facet normal 0.0652701 0.997868 -0
    outer loop
      vertex 35 10.2 0
      vertex 34.8303 10.2111 6
      vertex 35 10.2 6
    endloop
  endfacet
  facet normal 0.0652701 0.997868 0
    outer loop
      vertex 34.8303 10.2111 6
      vertex 35 10.2 0
      vertex 34.8303 10.2111 0
    endloop
  endfacet
  facet normal -0.659753 0.751483 0
    outer loop
      vertex 35.9192 10.5808 0
      vertex 35.7914 10.4686 6
      vertex 35.9192 10.5808 6
    endloop
  endfacet
  facet normal -0.659753 0.751483 0
    outer loop
      vertex 35.7914 10.4686 6
      vertex 35.9192 10.5808 0
      vertex 35.7914 10.4686 0
    endloop
  endfacet
  facet normal 0.980785 0.195091 0
    outer loop
      vertex 51.5551 6.78736 6
      vertex 50.2281 13.4586 0
      vertex 50.2281 13.4586 6
    endloop
  endfacet
  facet normal 0.980785 0.195091 0
    outer loop
      vertex 50.2281 13.4586 0
      vertex 51.5551 6.78736 6
      vertex 51.5551 6.78736 0
    endloop
  endfacet
  facet normal 0.997859 0.0654079 0
    outer loop
      vertex 52 0 6
      vertex 51.5551 6.78736 0
      vertex 51.5551 6.78736 6
    endloop
  endfacet
  facet normal 0.997859 0.0654079 0
    outer loop
      vertex 51.5551 6.78736 0
      vertex 52 0 6
      vertex 52 0 0
    endloop
  endfacet
  facet normal 0.94693 0.321441 0
    outer loop
      vertex 50.2281 13.4586 6
      vertex 48.0417 19.8995 0
      vertex 48.0417 19.8995 6
    endloop
  endfacet
  facet normal 0.94693 0.321441 0
    outer loop
      vertex 48.0417 19.8995 0
      vertex 50.2281 13.4586 6
      vertex 50.2281 13.4586 0
    endloop
  endfacet
  facet normal -0.195091 -0.980785 0
    outer loop
      vertex -13.4586 -50.2281 0
      vertex -6.78736 -51.5551 6
      vertex -13.4586 -50.2281 6
    endloop
  endfacet
  facet normal -0.195091 -0.980785 -0
    outer loop
      vertex -6.78736 -51.5551 6
      vertex -13.4586 -50.2281 0
      vertex -6.78736 -51.5551 0
    endloop
  endfacet
  facet normal 0.442285 0.896875 -0
    outer loop
      vertex 26 45.0333 0
      vertex 19.8995 48.0417 6
      vertex 26 45.0333 6
    endloop
  endfacet
  facet normal 0.442285 0.896875 0
    outer loop
      vertex 19.8995 48.0417 6
      vertex 26 45.0333 0
      vertex 19.8995 48.0417 0
    endloop
  endfacet
  facet normal 0.896875 0.442285 0
    outer loop
      vertex 48.0417 19.8995 6
      vertex 45.0333 26 0
      vertex 45.0333 26 6
    endloop
  endfacet
  facet normal 0.896875 0.442285 0
    outer loop
      vertex 45.0333 26 0
      vertex 48.0417 19.8995 6
      vertex 48.0417 19.8995 0
    endloop
  endfacet
  facet normal 0.831473 0.555565 0
    outer loop
      vertex 45.0333 26 6
      vertex 41.2544 31.6556 0
      vertex 41.2544 31.6556 6
    endloop
  endfacet
  facet normal 0.831473 0.555565 0
    outer loop
      vertex 41.2544 31.6556 0
      vertex 45.0333 26 6
      vertex 45.0333 26 0
    endloop
  endfacet
  facet normal 0.751844 -0.659341 0
    outer loop
      vertex 36.7696 -36.7696 6
      vertex 41.2544 -31.6556 0
      vertex 41.2544 -31.6556 6
    endloop
  endfacet
  facet normal 0.751844 -0.659341 0
    outer loop
      vertex 41.2544 -31.6556 0
      vertex 36.7696 -36.7696 6
      vertex 36.7696 -36.7696 0
    endloop
  endfacet
  facet normal -0.442285 0.896875 0
    outer loop
      vertex -19.8995 48.0417 0
      vertex -26 45.0333 6
      vertex -19.8995 48.0417 6
    endloop
  endfacet
  facet normal -0.442285 0.896875 0
    outer loop
      vertex -26 45.0333 6
      vertex -19.8995 48.0417 0
      vertex -26 45.0333 0
    endloop
  endfacet
  facet normal -0.997859 -0.0654079 0
    outer loop
      vertex -51.5551 -6.78736 0
      vertex -52 0 6
      vertex -52 0 0
    endloop
  endfacet
  facet normal -0.997859 -0.0654079 0
    outer loop
      vertex -52 0 6
      vertex -51.5551 -6.78736 0
      vertex -51.5551 -6.78736 6
    endloop
  endfacet
  facet normal 0.896875 -0.442285 0
    outer loop
      vertex 45.0333 -26 6
      vertex 48.0417 -19.8995 0
      vertex 48.0417 -19.8995 6
    endloop
  endfacet
  facet normal 0.896875 -0.442285 0
    outer loop
      vertex 48.0417 -19.8995 0
      vertex 45.0333 -26 6
      vertex 45.0333 -26 0
    endloop
  endfacet
  facet normal -0.659341 0.751844 0
    outer loop
      vertex -31.6556 41.2544 0
      vertex -36.7696 36.7696 6
      vertex -31.6556 41.2544 6
    endloop
  endfacet
  facet normal -0.659341 0.751844 0
    outer loop
      vertex -36.7696 36.7696 6
      vertex -31.6556 41.2544 0
      vertex -36.7696 36.7696 0
    endloop
  endfacet
  facet normal 0.751844 0.659341 0
    outer loop
      vertex 41.2544 31.6556 6
      vertex 36.7696 36.7696 0
      vertex 36.7696 36.7696 6
    endloop
  endfacet
  facet normal 0.751844 0.659341 0
    outer loop
      vertex 36.7696 36.7696 0
      vertex 41.2544 31.6556 6
      vertex 41.2544 31.6556 0
    endloop
  endfacet
  facet normal 0.980785 -0.195091 0
    outer loop
      vertex 50.2281 -13.4586 6
      vertex 51.5551 -6.78736 0
      vertex 51.5551 -6.78736 6
    endloop
  endfacet
  facet normal 0.980785 -0.195091 0
    outer loop
      vertex 51.5551 -6.78736 0
      vertex 50.2281 -13.4586 6
      vertex 50.2281 -13.4586 0
    endloop
  endfacet
  facet normal 0.94693 -0.321441 0
    outer loop
      vertex 48.0417 -19.8995 6
      vertex 50.2281 -13.4586 0
      vertex 50.2281 -13.4586 6
    endloop
  endfacet
  facet normal 0.94693 -0.321441 0
    outer loop
      vertex 50.2281 -13.4586 0
      vertex 48.0417 -19.8995 6
      vertex 48.0417 -19.8995 0
    endloop
  endfacet
  facet normal -0.980785 -0.195091 0
    outer loop
      vertex -50.2281 -13.4586 0
      vertex -51.5551 -6.78736 6
      vertex -51.5551 -6.78736 0
    endloop
  endfacet
  facet normal -0.980785 -0.195091 0
    outer loop
      vertex -51.5551 -6.78736 6
      vertex -50.2281 -13.4586 0
      vertex -50.2281 -13.4586 6
    endloop
  endfacet
  facet normal -0.751844 -0.659341 0
    outer loop
      vertex -36.7696 -36.7696 0
      vertex -41.2544 -31.6556 6
      vertex -41.2544 -31.6556 0
    endloop
  endfacet
  facet normal -0.751844 -0.659341 0
    outer loop
      vertex -41.2544 -31.6556 6
      vertex -36.7696 -36.7696 0
      vertex -36.7696 -36.7696 6
    endloop
  endfacet
  facet normal 0.555565 0.831473 -0
    outer loop
      vertex 31.6556 41.2544 0
      vertex 26 45.0333 6
      vertex 31.6556 41.2544 6
    endloop
  endfacet
  facet normal 0.555565 0.831473 0
    outer loop
      vertex 26 45.0333 6
      vertex 31.6556 41.2544 0
      vertex 26 45.0333 0
    endloop
  endfacet
  facet normal 0.831473 -0.555565 0
    outer loop
      vertex 41.2544 -31.6556 6
      vertex 45.0333 -26 0
      vertex 45.0333 -26 6
    endloop
  endfacet
  facet normal 0.831473 -0.555565 0
    outer loop
      vertex 45.0333 -26 0
      vertex 41.2544 -31.6556 6
      vertex 41.2544 -31.6556 0
    endloop
  endfacet
  facet normal 0.321441 -0.94693 0
    outer loop
      vertex 13.4586 -50.2281 0
      vertex 19.8995 -48.0417 6
      vertex 13.4586 -50.2281 6
    endloop
  endfacet
  facet normal 0.321441 -0.94693 0
    outer loop
      vertex 19.8995 -48.0417 6
      vertex 13.4586 -50.2281 0
      vertex 19.8995 -48.0417 0
    endloop
  endfacet
  facet normal -0.555565 0.831473 0
    outer loop
      vertex -26 45.0333 0
      vertex -31.6556 41.2544 6
      vertex -26 45.0333 6
    endloop
  endfacet
  facet normal -0.555565 0.831473 0
    outer loop
      vertex -31.6556 41.2544 6
      vertex -26 45.0333 0
      vertex -31.6556 41.2544 0
    endloop
  endfacet
  facet normal 0.195091 -0.980785 0
    outer loop
      vertex 6.78736 -51.5551 0
      vertex 13.4586 -50.2281 6
      vertex 6.78736 -51.5551 6
    endloop
  endfacet
  facet normal 0.195091 -0.980785 0
    outer loop
      vertex 13.4586 -50.2281 6
      vertex 6.78736 -51.5551 0
      vertex 13.4586 -50.2281 0
    endloop
  endfacet
  facet normal -0.0654079 -0.997859 0
    outer loop
      vertex -6.78736 -51.5551 0
      vertex 0 -52 6
      vertex -6.78736 -51.5551 6
    endloop
  endfacet
  facet normal -0.0654079 -0.997859 -0
    outer loop
      vertex 0 -52 6
      vertex -6.78736 -51.5551 0
      vertex 0 -52 0
    endloop
  endfacet
  facet normal -0.659341 -0.751844 0
    outer loop
      vertex -36.7696 -36.7696 0
      vertex -31.6556 -41.2544 6
      vertex -36.7696 -36.7696 6
    endloop
  endfacet
  facet normal -0.659341 -0.751844 -0
    outer loop
      vertex -31.6556 -41.2544 6
      vertex -36.7696 -36.7696 0
      vertex -31.6556 -41.2544 0
    endloop
  endfacet
  facet normal 0.659341 0.751844 -0
    outer loop
      vertex 36.7696 36.7696 0
      vertex 31.6556 41.2544 6
      vertex 36.7696 36.7696 6
    endloop
  endfacet
  facet normal 0.659341 0.751844 0
    outer loop
      vertex 31.6556 41.2544 6
      vertex 36.7696 36.7696 0
      vertex 31.6556 41.2544 0
    endloop
  endfacet
  facet normal -0.980785 0.195091 0
    outer loop
      vertex -51.5551 6.78736 0
      vertex -50.2281 13.4586 6
      vertex -50.2281 13.4586 0
    endloop
  endfacet
  facet normal -0.980785 0.195091 0
    outer loop
      vertex -50.2281 13.4586 6
      vertex -51.5551 6.78736 0
      vertex -51.5551 6.78736 6
    endloop
  endfacet
  facet normal -0.321441 0.94693 0
    outer loop
      vertex -13.4586 50.2281 0
      vertex -19.8995 48.0417 6
      vertex -13.4586 50.2281 6
    endloop
  endfacet
  facet normal -0.321441 0.94693 0
    outer loop
      vertex -19.8995 48.0417 6
      vertex -13.4586 50.2281 0
      vertex -19.8995 48.0417 0
    endloop
  endfacet
  facet normal 0.659341 -0.751844 0
    outer loop
      vertex 31.6556 -41.2544 0
      vertex 36.7696 -36.7696 6
      vertex 31.6556 -41.2544 6
    endloop
  endfacet
  facet normal 0.659341 -0.751844 0
    outer loop
      vertex 36.7696 -36.7696 6
      vertex 31.6556 -41.2544 0
      vertex 36.7696 -36.7696 0
    endloop
  endfacet
  facet normal -0.94693 -0.321441 0
    outer loop
      vertex -48.0417 -19.8995 0
      vertex -50.2281 -13.4586 6
      vertex -50.2281 -13.4586 0
    endloop
  endfacet
  facet normal -0.94693 -0.321441 0
    outer loop
      vertex -50.2281 -13.4586 6
      vertex -48.0417 -19.8995 0
      vertex -48.0417 -19.8995 6
    endloop
  endfacet
  facet normal 0.0654079 -0.997859 0
    outer loop
      vertex 0 -52 0
      vertex 6.78736 -51.5551 6
      vertex 0 -52 6
    endloop
  endfacet
  facet normal 0.0654079 -0.997859 0
    outer loop
      vertex 6.78736 -51.5551 6
      vertex 0 -52 0
      vertex 6.78736 -51.5551 0
    endloop
  endfacet
  facet normal -0.751844 0.659341 0
    outer loop
      vertex -41.2544 31.6556 0
      vertex -36.7696 36.7696 6
      vertex -36.7696 36.7696 0
    endloop
  endfacet
  facet normal -0.751844 0.659341 0
    outer loop
      vertex -36.7696 36.7696 6
      vertex -41.2544 31.6556 0
      vertex -41.2544 31.6556 6
    endloop
  endfacet
  facet normal -0.831473 0.555565 0
    outer loop
      vertex -45.0333 26 0
      vertex -41.2544 31.6556 6
      vertex -41.2544 31.6556 0
    endloop
  endfacet
  facet normal -0.831473 0.555565 0
    outer loop
      vertex -41.2544 31.6556 6
      vertex -45.0333 26 0
      vertex -45.0333 26 6
    endloop
  endfacet
  facet normal -0.94693 0.321441 0
    outer loop
      vertex -50.2281 13.4586 0
      vertex -48.0417 19.8995 6
      vertex -48.0417 19.8995 0
    endloop
  endfacet
  facet normal -0.94693 0.321441 0
    outer loop
      vertex -48.0417 19.8995 6
      vertex -50.2281 13.4586 0
      vertex -50.2281 13.4586 6
    endloop
  endfacet
  facet normal 0.321441 0.94693 -0
    outer loop
      vertex 19.8995 48.0417 0
      vertex 13.4586 50.2281 6
      vertex 19.8995 48.0417 6
    endloop
  endfacet
  facet normal 0.321441 0.94693 0
    outer loop
      vertex 13.4586 50.2281 6
      vertex 19.8995 48.0417 0
      vertex 13.4586 50.2281 0
    endloop
  endfacet
  facet normal -0.997859 0.0654079 0
    outer loop
      vertex -52 0 0
      vertex -51.5551 6.78736 6
      vertex -51.5551 6.78736 0
    endloop
  endfacet
  facet normal -0.997859 0.0654079 0
    outer loop
      vertex -51.5551 6.78736 6
      vertex -52 0 0
      vertex -52 0 6
    endloop
  endfacet
  facet normal -0.831473 -0.555565 0
    outer loop
      vertex -41.2544 -31.6556 0
      vertex -45.0333 -26 6
      vertex -45.0333 -26 0
    endloop
  endfacet
  facet normal -0.831473 -0.555565 0
    outer loop
      vertex -45.0333 -26 6
      vertex -41.2544 -31.6556 0
      vertex -41.2544 -31.6556 6
    endloop
  endfacet
  facet normal 0.997859 -0.0654079 0
    outer loop
      vertex 51.5551 -6.78736 6
      vertex 52 0 0
      vertex 52 0 6
    endloop
  endfacet
  facet normal 0.997859 -0.0654079 0
    outer loop
      vertex 52 0 0
      vertex 51.5551 -6.78736 6
      vertex 51.5551 -6.78736 0
    endloop
  endfacet
  facet normal -0.0654079 0.997859 0
    outer loop
      vertex 0 52 0
      vertex -6.78736 51.5551 6
      vertex 0 52 6
    endloop
  endfacet
  facet normal -0.0654079 0.997859 0
    outer loop
      vertex -6.78736 51.5551 6
      vertex 0 52 0
      vertex -6.78736 51.5551 0
    endloop
  endfacet
  facet normal 0.555565 -0.831473 0
    outer loop
      vertex 26 -45.0333 0
      vertex 31.6556 -41.2544 6
      vertex 26 -45.0333 6
    endloop
  endfacet
  facet normal 0.555565 -0.831473 0
    outer loop
      vertex 31.6556 -41.2544 6
      vertex 26 -45.0333 0
      vertex 31.6556 -41.2544 0
    endloop
  endfacet
  facet normal -0.195091 0.980785 0
    outer loop
      vertex -6.78736 51.5551 0
      vertex -13.4586 50.2281 6
      vertex -6.78736 51.5551 6
    endloop
  endfacet
  facet normal -0.195091 0.980785 0
    outer loop
      vertex -13.4586 50.2281 6
      vertex -6.78736 51.5551 0
      vertex -13.4586 50.2281 0
    endloop
  endfacet
  facet normal -0.896875 0.442285 0
    outer loop
      vertex -48.0417 19.8995 0
      vertex -45.0333 26 6
      vertex -45.0333 26 0
    endloop
  endfacet
  facet normal -0.896875 0.442285 0
    outer loop
      vertex -45.0333 26 6
      vertex -48.0417 19.8995 0
      vertex -48.0417 19.8995 6
    endloop
  endfacet
  facet normal -0.321441 -0.94693 0
    outer loop
      vertex -19.8995 -48.0417 0
      vertex -13.4586 -50.2281 6
      vertex -19.8995 -48.0417 6
    endloop
  endfacet
  facet normal -0.321441 -0.94693 -0
    outer loop
      vertex -13.4586 -50.2281 6
      vertex -19.8995 -48.0417 0
      vertex -13.4586 -50.2281 0
    endloop
  endfacet
  facet normal 0.0654079 0.997859 -0
    outer loop
      vertex 6.78736 51.5551 0
      vertex 0 52 6
      vertex 6.78736 51.5551 6
    endloop
  endfacet
  facet normal 0.0654079 0.997859 0
    outer loop
      vertex 0 52 6
      vertex 6.78736 51.5551 0
      vertex 0 52 0
    endloop
  endfacet
  facet normal 0.195091 0.980785 -0
    outer loop
      vertex 13.4586 50.2281 0
      vertex 6.78736 51.5551 6
      vertex 13.4586 50.2281 6
    endloop
  endfacet
  facet normal 0.195091 0.980785 0
    outer loop
      vertex 6.78736 51.5551 6
      vertex 13.4586 50.2281 0
      vertex 6.78736 51.5551 0
    endloop
  endfacet
  facet normal 0.442285 -0.896875 0
    outer loop
      vertex 19.8995 -48.0417 0
      vertex 26 -45.0333 6
      vertex 19.8995 -48.0417 6
    endloop
  endfacet
  facet normal 0.442285 -0.896875 0
    outer loop
      vertex 26 -45.0333 6
      vertex 19.8995 -48.0417 0
      vertex 26 -45.0333 0
    endloop
  endfacet
  facet normal -0.442285 -0.896875 0
    outer loop
      vertex -26 -45.0333 0
      vertex -19.8995 -48.0417 6
      vertex -26 -45.0333 6
    endloop
  endfacet
  facet normal -0.442285 -0.896875 -0
    outer loop
      vertex -19.8995 -48.0417 6
      vertex -26 -45.0333 0
      vertex -19.8995 -48.0417 0
    endloop
  endfacet
  facet normal -0.896875 -0.442285 0
    outer loop
      vertex -45.0333 -26 0
      vertex -48.0417 -19.8995 6
      vertex -48.0417 -19.8995 0
    endloop
  endfacet
  facet normal -0.896875 -0.442285 0
    outer loop
      vertex -48.0417 -19.8995 6
      vertex -45.0333 -26 0
      vertex -45.0333 -26 6
    endloop
  endfacet
  facet normal 0 0 -1
    outer loop
      vertex -33.8742 -10.85 0
      vertex -8.65911 -0.310582 0
      vertex -33.799 -11.0025 0
    endloop
  endfacet
  facet normal 0 0 -1
    outer loop
      vertex -8.7 0 0
      vertex -33.7111 11.3303 0
      vertex -33.7 11.5 0
    endloop
  endfacet
  facet normal -0 0 -1
    outer loop
      vertex -8.65911 -0.310582 0
      vertex -33.8742 -10.85 0
      vertex -8.68973 -0.156631 0
    endloop
  endfacet
  facet normal 0 0 -1
    outer loop
      vertex -8.7 0 0
      vertex -33.7443 11.1635 0
      vertex -33.7111 11.3303 0
    endloop
  endfacet
  facet normal 0 0 -1
    outer loop
      vertex -33.9686 -10.7086 0
      vertex -8.68973 -0.156631 0
      vertex -33.8742 -10.85 0
    endloop
  endfacet
  facet normal 0 0 -1
    outer loop
      vertex -8.7 0 0
      vertex -33.799 11.0025 0
      vertex -33.7443 11.1635 0
    endloop
  endfacet
  facet normal -0 0 -1
    outer loop
      vertex -8.68973 -0.156631 0
      vertex -33.9686 -10.7086 0
      vertex -8.7 0 0
    endloop
  endfacet
  facet normal 0 0 -1
    outer loop
      vertex -8.7 0 0
      vertex -33.8742 10.85 0
      vertex -33.799 11.0025 0
    endloop
  endfacet
  facet normal 0 0 -1
    outer loop
      vertex -34.0808 -10.5808 0
      vertex -8.7 0 0
      vertex -33.9686 -10.7086 0
    endloop
  endfacet
  facet normal 0 0 -1
    outer loop
      vertex -8.7 0 0
      vertex -33.9686 10.7086 0
      vertex -33.8742 10.85 0
    endloop
  endfacet
  facet normal 0 0 -1
    outer loop
      vertex -34.0808 10.5808 0
      vertex -8.7 0 0
      vertex -34.0808 -10.5808 0
    endloop
  endfacet
  facet normal 0 0 -1
    outer loop
      vertex -8.7 0 0
      vertex -34.0808 10.5808 0
      vertex -33.9686 10.7086 0
    endloop
  endfacet
  facet normal 0 0 -1
    outer loop
      vertex -34.2086 -10.4686 0
      vertex -34.0808 10.5808 0
      vertex -34.0808 -10.5808 0
    endloop
  endfacet
  facet normal 0 0 -1
    outer loop
      vertex -34.2086 -10.4686 0
      vertex -34.2086 10.4686 0
      vertex -34.0808 10.5808 0
    endloop
  endfacet
  facet normal 0 0 -1
    outer loop
      vertex -34.35 -10.3742 0
      vertex -34.2086 10.4686 0
      vertex -34.2086 -10.4686 0
    endloop
  endfacet
  facet normal 0 0 -1
    outer loop
      vertex -34.35 -10.3742 0
      vertex -34.35 10.3742 0
      vertex -34.2086 10.4686 0
    endloop
  endfacet
  facet normal 0 0 -1
    outer loop
      vertex -34.5025 -10.299 0
      vertex -34.35 10.3742 0
      vertex -34.35 -10.3742 0
    endloop
  endfacet
  facet normal 0 0 -1
    outer loop
      vertex -34.5025 -10.299 0
      vertex -34.5025 10.299 0
      vertex -34.35 10.3742 0
    endloop
  endfacet
  facet normal 0 0 -1
    outer loop
      vertex -34.6635 -10.2443 0
      vertex -34.5025 10.299 0
      vertex -34.5025 -10.299 0
    endloop
  endfacet
  facet normal 0 0 -1
    outer loop
      vertex -34.6635 -10.2443 0
      vertex -34.6635 10.2443 0
      vertex -34.5025 10.299 0
    endloop
  endfacet
  facet normal 0 0 -1
    outer loop
      vertex -34.8303 -10.2111 0
      vertex -34.6635 10.2443 0
      vertex -34.6635 -10.2443 0
    endloop
  endfacet
  facet normal 0 0 -1
    outer loop
      vertex -34.8303 -10.2111 0
      vertex -34.8303 10.2111 0
      vertex -34.6635 10.2443 0
    endloop
  endfacet
  facet normal 0 0 -1
    outer loop
      vertex -35 -10.2 0
      vertex -34.8303 10.2111 0
      vertex -34.8303 -10.2111 0
    endloop
  endfacet
  facet normal 0 0 -1
    outer loop
      vertex -35 -10.2 0
      vertex -35 10.2 0
      vertex -34.8303 10.2111 0
    endloop
  endfacet
  facet normal 0 0 -1
    outer loop
      vertex -35.1697 -10.2111 0
      vertex -35 10.2 0
      vertex -35 -10.2 0
    endloop
  endfacet
  facet normal 0 0 -1
    outer loop
      vertex -35.1697 -10.2111 0
      vertex -35.1697 10.2111 0
      vertex -35 10.2 0
    endloop
  endfacet
  facet normal 0 0 -1
    outer loop
      vertex -35.3365 -10.2443 0
      vertex -35.1697 10.2111 0
      vertex -35.1697 -10.2111 0
    endloop
  endfacet
  facet normal 0 0 -1
    outer loop
      vertex -35.3365 -10.2443 0
      vertex -35.3365 10.2443 0
      vertex -35.1697 10.2111 0
    endloop
  endfacet
  facet normal 0 0 -1
    outer loop
      vertex -35.4975 -10.299 0
      vertex -35.3365 10.2443 0
      vertex -35.3365 -10.2443 0
    endloop
  endfacet
  facet normal 0 0 -1
    outer loop
      vertex -35.4975 -10.299 0
      vertex -35.4975 10.299 0
      vertex -35.3365 10.2443 0
    endloop
  endfacet
  facet normal 0 0 -1
    outer loop
      vertex -52 0 0
      vertex -35.4975 -10.299 0
      vertex -35.65 -10.3742 0
    endloop
  endfacet
  facet normal 0 0 -1
    outer loop
      vertex -35.4975 -10.299 0
      vertex -52 0 0
      vertex -35.4975 10.299 0
    endloop
  endfacet
  facet normal 0 0 -1
    outer loop
      vertex -52 0 0
      vertex -35.65 -10.3742 0
      vertex -35.7914 -10.4686 0
    endloop
  endfacet
  facet normal -0 0 -1
    outer loop
      vertex -35.4975 10.299 0
      vertex -52 0 0
      vertex -35.65 10.3742 0
    endloop
  endfacet
  facet normal 0 0 -1
    outer loop
      vertex -51.5551 -6.78736 0
      vertex -35.7914 -10.4686 0
      vertex -35.9192 -10.5808 0
    endloop
  endfacet
  facet normal -0 0 -1
    outer loop
      vertex -35.65 10.3742 0
      vertex -52 0 0
      vertex -35.7914 10.4686 0
    endloop
  endfacet
  facet normal 0 0 -1
    outer loop
      vertex -51.5551 -6.78736 0
      vertex -35.9192 -10.5808 0
      vertex -36.0314 -10.7086 0
    endloop
  endfacet
  facet normal 0 -0 -1
    outer loop
      vertex -51.5551 6.78736 0
      vertex -35.7914 10.4686 0
      vertex -52 0 0
    endloop
  endfacet
  facet normal 0 0 -1
    outer loop
      vertex -51.5551 -6.78736 0
      vertex -36.0314 -10.7086 0
      vertex -36.1258 -10.85 0
    endloop
  endfacet
  facet normal -0 0 -1
    outer loop
      vertex -35.7914 10.4686 0
      vertex -51.5551 6.78736 0
      vertex -35.9192 10.5808 0
    endloop
  endfacet
  facet normal 0 0 -1
    outer loop
      vertex -51.5551 -6.78736 0
      vertex -36.1258 -10.85 0
      vertex -36.201 -11.0025 0
    endloop
  endfacet
  facet normal -0 0 -1
    outer loop
      vertex -35.9192 10.5808 0
      vertex -51.5551 6.78736 0
      vertex -36.0314 10.7086 0
    endloop
  endfacet
  facet normal 0 0 -1
    outer loop
      vertex -51.5551 -6.78736 0
      vertex -36.201 -11.0025 0
      vertex -36.2557 -11.1635 0
    endloop
  endfacet
  facet normal -0 0 -1
    outer loop
      vertex -36.0314 10.7086 0
      vertex -51.5551 6.78736 0
      vertex -36.1258 10.85 0
    endloop
  endfacet
  facet normal 0 0 -1
    outer loop
      vertex -50.2281 -13.4586 0
      vertex -36.2557 -11.1635 0
      vertex -36.2889 -11.3303 0
    endloop
  endfacet
  facet normal -0 0 -1
    outer loop
      vertex -36.1258 10.85 0
      vertex -51.5551 6.78736 0
      vertex -36.201 11.0025 0
    endloop
  endfacet
  facet normal 0 0 -1
    outer loop
      vertex -50.2281 -13.4586 0
      vertex -36.2889 -11.3303 0
      vertex -36.3 -11.5 0
    endloop
  endfacet
  facet normal -0 0 -1
    outer loop
      vertex -36.201 11.0025 0
      vertex -51.5551 6.78736 0
      vertex -36.2557 11.1635 0
    endloop
  endfacet
  facet normal 0 0 -1
    outer loop
      vertex -1.03923 8.1 0
      vertex -33.799 11.9975 0
      vertex -0.952024 8.23051 0
    endloop
  endfacet
  facet normal 0 0 -1
    outer loop
      vertex -33.8742 12.15 0
      vertex -0.952024 8.23051 0
      vertex -33.799 11.9975 0
    endloop
  endfacet
  facet normal 0 0 -1
    outer loop
      vertex -0.952024 8.23051 0
      vertex -33.8742 12.15 0
      vertex -0.848528 8.34853 0
    endloop
  endfacet
  facet normal 0 0 -1
    outer loop
      vertex -33.9686 12.2914 0
      vertex -0.848528 8.34853 0
      vertex -33.8742 12.15 0
    endloop
  endfacet
  facet normal 0 0 -1
    outer loop
      vertex -0.848528 8.34853 0
      vertex -33.9686 12.2914 0
      vertex -26 45.0333 0
    endloop
  endfacet
  facet normal 0 0 -1
    outer loop
      vertex -26 45.0333 0
      vertex -33.9686 12.2914 0
      vertex -31.6556 41.2544 0
    endloop
  endfacet
  facet normal 0 0 -1
    outer loop
      vertex -34.0808 12.4192 0
      vertex -31.6556 41.2544 0
      vertex -33.9686 12.2914 0
    endloop
  endfacet
  facet normal 0 0 -1
    outer loop
      vertex -34.2086 12.5314 0
      vertex -31.6556 41.2544 0
      vertex -34.0808 12.4192 0
    endloop
  endfacet
  facet normal 0 0 -1
    outer loop
      vertex -36.7696 36.7696 0
      vertex -34.2086 12.5314 0
      vertex -34.35 12.6258 0
    endloop
  endfacet
  facet normal 0 0 -1
    outer loop
      vertex -36.7696 36.7696 0
      vertex -34.35 12.6258 0
      vertex -34.5025 12.701 0
    endloop
  endfacet
  facet normal 0 0 -1
    outer loop
      vertex -41.2544 31.6556 0
      vertex -34.5025 12.701 0
      vertex -34.6635 12.7557 0
    endloop
  endfacet
  facet normal 0 0 -1
    outer loop
      vertex -41.2544 31.6556 0
      vertex -34.6635 12.7557 0
      vertex -34.8303 12.7889 0
    endloop
  endfacet
  facet normal 0 0 -1
    outer loop
      vertex -41.2544 31.6556 0
      vertex -34.8303 12.7889 0
      vertex -35 12.8 0
    endloop
  endfacet
  facet normal 0 0 -1
    outer loop
      vertex -45.0333 26 0
      vertex -35 12.8 0
      vertex -35.1697 12.7889 0
    endloop
  endfacet
  facet normal 0 0 -1
    outer loop
      vertex -45.0333 26 0
      vertex -35.1697 12.7889 0
      vertex -35.3365 12.7557 0
    endloop
  endfacet
  facet normal 0 0 -1
    outer loop
      vertex -45.0333 26 0
      vertex -35.3365 12.7557 0
      vertex -35.4975 12.701 0
    endloop
  endfacet
  facet normal 0 0 -1
    outer loop
      vertex -45.0333 26 0
      vertex -35.4975 12.701 0
      vertex -35.65 12.6258 0
    endloop
  endfacet
  facet normal 0 0 -1
    outer loop
      vertex -48.0417 19.8995 0
      vertex -35.65 12.6258 0
      vertex -35.7914 12.5314 0
    endloop
  endfacet
  facet normal 0 0 -1
    outer loop
      vertex -48.0417 19.8995 0
      vertex -35.7914 12.5314 0
      vertex -35.9192 12.4192 0
    endloop
  endfacet
  facet normal 0 0 -1
    outer loop
      vertex -48.0417 19.8995 0
      vertex -35.9192 12.4192 0
      vertex -36.0314 12.2914 0
    endloop
  endfacet
  facet normal 0 0 -1
    outer loop
      vertex -48.0417 19.8995 0
      vertex -36.0314 12.2914 0
      vertex -36.1258 12.15 0
    endloop
  endfacet
  facet normal 0 0 -1
    outer loop
      vertex -48.0417 19.8995 0
      vertex -36.1258 12.15 0
      vertex -36.201 11.9975 0
    endloop
  endfacet
  facet normal 0 0 -1
    outer loop
      vertex -50.2281 13.4586 0
      vertex -36.201 11.9975 0
      vertex -36.2557 11.8365 0
    endloop
  endfacet
  facet normal 0 0 -1
    outer loop
      vertex -50.2281 13.4586 0
      vertex -36.2557 11.8365 0
      vertex -36.2889 11.6697 0
    endloop
  endfacet
  facet normal 0 0 -1
    outer loop
      vertex -34.2086 12.5314 0
      vertex -36.7696 36.7696 0
      vertex -31.6556 41.2544 0
    endloop
  endfacet
  facet normal 0 0 -1
    outer loop
      vertex -50.2281 13.4586 0
      vertex -36.2889 11.6697 0
      vertex -36.3 11.5 0
    endloop
  endfacet
  facet normal -0 0 -1
    outer loop
      vertex -36.201 -11.9975 0
      vertex -50.2281 -13.4586 0
      vertex -36.2557 -11.8365 0
    endloop
  endfacet
  facet normal -0 0 -1
    outer loop
      vertex -36.2557 -11.8365 0
      vertex -50.2281 -13.4586 0
      vertex -36.2889 -11.6697 0
    endloop
  endfacet
  facet normal 0 0 -1
    outer loop
      vertex -34.5025 12.701 0
      vertex -41.2544 31.6556 0
      vertex -36.7696 36.7696 0
    endloop
  endfacet
  facet normal -0 0 -1
    outer loop
      vertex -36.2889 -11.6697 0
      vertex -50.2281 -13.4586 0
      vertex -36.3 -11.5 0
    endloop
  endfacet
  facet normal 0 0 -1
    outer loop
      vertex -35 12.8 0
      vertex -45.0333 26 0
      vertex -41.2544 31.6556 0
    endloop
  endfacet
  facet normal -0 0 -1
    outer loop
      vertex -36.2557 -11.1635 0
      vertex -50.2281 -13.4586 0
      vertex -51.5551 -6.78736 0
    endloop
  endfacet
  facet normal 0 0 -1
    outer loop
      vertex -35.65 12.6258 0
      vertex -48.0417 19.8995 0
      vertex -45.0333 26 0
    endloop
  endfacet
  facet normal 0 0 -1
    outer loop
      vertex -35.7914 -10.4686 0
      vertex -51.5551 -6.78736 0
      vertex -52 0 0
    endloop
  endfacet
  facet normal 0 0 -1
    outer loop
      vertex -36.201 11.9975 0
      vertex -50.2281 13.4586 0
      vertex -48.0417 19.8995 0
    endloop
  endfacet
  facet normal 0 -0 -1
    outer loop
      vertex -50.2281 13.4586 0
      vertex -36.2557 11.1635 0
      vertex -51.5551 6.78736 0
    endloop
  endfacet
  facet normal 0 0 -1
    outer loop
      vertex -36.2889 11.3303 0
      vertex -50.2281 13.4586 0
      vertex -36.3 11.5 0
    endloop
  endfacet
  facet normal 0 0 -1
    outer loop
      vertex -36.2557 11.1635 0
      vertex -50.2281 13.4586 0
      vertex -36.2889 11.3303 0
    endloop
  endfacet
  facet normal 0 0 -1
    outer loop
      vertex 2.73943 3.57009 0
      vertex 1.18973 7.34337 0
      vertex 1.2 7.5 0
    endloop
  endfacet
  facet normal 0 0 -1
    outer loop
      vertex 0.848528 6.65147 0
      vertex 1.72207 4.15746 0
      vertex 1.16469 4.34667 0
    endloop
  endfacet
  facet normal 0 0 -1
    outer loop
      vertex 2.25 3.89711 0
      vertex 1.15911 7.18942 0
      vertex 1.18973 7.34337 0
    endloop
  endfacet
  facet normal 0 0 -1
    outer loop
      vertex 2.25 3.89711 0
      vertex 1.10865 7.04078 0
      vertex 1.15911 7.18942 0
    endloop
  endfacet
  facet normal 0 0 -1
    outer loop
      vertex 2.25 3.89711 0
      vertex 1.03923 6.9 0
      vertex 1.10865 7.04078 0
    endloop
  endfacet
  facet normal 0 0 -1
    outer loop
      vertex 1.72207 4.15746 0
      vertex 0.952024 6.76949 0
      vertex 1.03923 6.9 0
    endloop
  endfacet
  facet normal 0 0 -1
    outer loop
      vertex 1.72207 4.15746 0
      vertex 0.848528 6.65147 0
      vertex 0.952024 6.76949 0
    endloop
  endfacet
  facet normal 0 0 -1
    outer loop
      vertex 1.16469 4.34667 0
      vertex 0.730514 6.54798 0
      vertex 0.848528 6.65147 0
    endloop
  endfacet
  facet normal 0 0 -1
    outer loop
      vertex 1.16469 4.34667 0
      vertex 0.599999 6.46077 0
      vertex 0.730514 6.54798 0
    endloop
  endfacet
  facet normal 0 0 -1
    outer loop
      vertex 0.587367 4.4615 0
      vertex 0.599999 6.46077 0
      vertex 1.16469 4.34667 0
    endloop
  endfacet
  facet normal 0 0 -1
    outer loop
      vertex 0.587367 4.4615 0
      vertex 0.45922 6.39134 0
      vertex 0.599999 6.46077 0
    endloop
  endfacet
  facet normal 0 0 -1
    outer loop
      vertex 0.587367 4.4615 0
      vertex 0.310582 6.34089 0
      vertex 0.45922 6.39134 0
    endloop
  endfacet
  facet normal 0 0 -1
    outer loop
      vertex 0.587367 4.4615 0
      vertex 0.156631 6.31027 0
      vertex 0.310582 6.34089 0
    endloop
  endfacet
  facet normal 0 0 -1
    outer loop
      vertex 0 4.5 0
      vertex 0.156631 6.31027 0
      vertex 0.587367 4.4615 0
    endloop
  endfacet
  facet normal 0 0 -1
    outer loop
      vertex 0 4.5 0
      vertex 0 6.3 0
      vertex 0.156631 6.31027 0
    endloop
  endfacet
  facet normal 0 0 -1
    outer loop
      vertex 0 4.5 0
      vertex -0.156631 6.31027 0
      vertex 0 6.3 0
    endloop
  endfacet
  facet normal 0 0 -1
    outer loop
      vertex -0.587367 4.4615 0
      vertex -0.156631 6.31027 0
      vertex 0 4.5 0
    endloop
  endfacet
  facet normal -0 0 -1
    outer loop
      vertex -0.156631 6.31027 0
      vertex -0.587367 4.4615 0
      vertex -0.310582 6.34089 0
    endloop
  endfacet
  facet normal -0 0 -1
    outer loop
      vertex -0.310582 6.34089 0
      vertex -0.587367 4.4615 0
      vertex -0.45922 6.39134 0
    endloop
  endfacet
  facet normal 0 0 -1
    outer loop
      vertex -0.587367 4.4615 0
      vertex -0.599999 6.46077 0
      vertex -0.45922 6.39134 0
    endloop
  endfacet
  facet normal 0 0 -1
    outer loop
      vertex -1.16469 4.34667 0
      vertex -0.599999 6.46077 0
      vertex -0.587367 4.4615 0
    endloop
  endfacet
  facet normal -0 0 -1
    outer loop
      vertex -0.599999 6.46077 0
      vertex -1.16469 4.34667 0
      vertex -0.730514 6.54798 0
    endloop
  endfacet
  facet normal -0 0 -1
    outer loop
      vertex -0.730514 6.54798 0
      vertex -1.16469 4.34667 0
      vertex -0.848528 6.65147 0
    endloop
  endfacet
  facet normal 0 0 -1
    outer loop
      vertex -1.72207 4.15746 0
      vertex -0.848528 6.65147 0
      vertex -1.16469 4.34667 0
    endloop
  endfacet
  facet normal -0 0 -1
    outer loop
      vertex -0.848528 6.65147 0
      vertex -1.72207 4.15746 0
      vertex -0.952024 6.76949 0
    endloop
  endfacet
  facet normal -0 0 -1
    outer loop
      vertex -0.952024 6.76949 0
      vertex -1.72207 4.15746 0
      vertex -1.03923 6.9 0
    endloop
  endfacet
  facet normal 0 0 -1
    outer loop
      vertex -2.25 3.89711 0
      vertex -1.03923 6.9 0
      vertex -1.72207 4.15746 0
    endloop
  endfacet
  facet normal -0 0 -1
    outer loop
      vertex -1.03923 6.9 0
      vertex -2.25 3.89711 0
      vertex -1.10865 7.04078 0
    endloop
  endfacet
  facet normal -0 0 -1
    outer loop
      vertex -1.10865 7.04078 0
      vertex -2.25 3.89711 0
      vertex -1.15911 7.18942 0
    endloop
  endfacet
  facet normal 0 0 -1
    outer loop
      vertex -2.73943 3.57009 0
      vertex -1.15911 7.18942 0
      vertex -2.25 3.89711 0
    endloop
  endfacet
  facet normal -0 0 -1
    outer loop
      vertex 33.7 11.5 0
      vertex 8.23051 0.952024 0
      vertex 33.7111 11.6697 0
    endloop
  endfacet
  facet normal 0 0 -1
    outer loop
      vertex 8.1 1.03923 0
      vertex 33.7111 11.6697 0
      vertex 8.23051 0.952024 0
    endloop
  endfacet
  facet normal -0 0 -1
    outer loop
      vertex 33.7111 11.6697 0
      vertex 8.1 1.03923 0
      vertex 33.7443 11.8365 0
    endloop
  endfacet
  facet normal 0 0 -1
    outer loop
      vertex 1.03923 8.1 0
      vertex 33.7443 11.8365 0
      vertex 8.1 1.03923 0
    endloop
  endfacet
  facet normal -0 0 -1
    outer loop
      vertex 33.7443 11.8365 0
      vertex 1.03923 8.1 0
      vertex 33.799 11.9975 0
    endloop
  endfacet
  facet normal 0 0 -1
    outer loop
      vertex 0.952024 8.23051 0
      vertex 33.799 11.9975 0
      vertex 1.03923 8.1 0
    endloop
  endfacet
  facet normal -0 0 -1
    outer loop
      vertex 33.8742 12.15 0
      vertex 0.848528 8.34853 0
      vertex 26 45.0333 0
    endloop
  endfacet
  facet normal -0 0 -1
    outer loop
      vertex 33.799 11.9975 0
      vertex 0.952024 8.23051 0
      vertex 33.8742 12.15 0
    endloop
  endfacet
  facet normal 0 0 -1
    outer loop
      vertex 1.03923 8.1 0
      vertex 8.1 1.03923 0
      vertex 7.95922 1.10865 0
    endloop
  endfacet
  facet normal 0 0 -1
    outer loop
      vertex 1.10865 7.95922 0
      vertex 7.95922 1.10865 0
      vertex 7.81058 1.15911 0
    endloop
  endfacet
  facet normal 0 0 -1
    outer loop
      vertex 1.15911 7.81058 0
      vertex 7.81058 1.15911 0
      vertex 7.65663 1.18973 0
    endloop
  endfacet
  facet normal 0 0 -1
    outer loop
      vertex 1.18973 7.65663 0
      vertex 7.65663 1.18973 0
      vertex 7.5 1.2 0
    endloop
  endfacet
  facet normal 0 0 -1
    outer loop
      vertex 3.57009 2.73943 0
      vertex 7.5 1.2 0
      vertex 7.34337 1.18973 0
    endloop
  endfacet
  facet normal 0 0 -1
    outer loop
      vertex 3.57009 2.73943 0
      vertex 7.34337 1.18973 0
      vertex 7.18942 1.15911 0
    endloop
  endfacet
  facet normal 0 0 -1
    outer loop
      vertex 3.89711 2.25 0
      vertex 7.18942 1.15911 0
      vertex 7.04078 1.10865 0
    endloop
  endfacet
  facet normal 0 0 -1
    outer loop
      vertex 3.89711 2.25 0
      vertex 7.04078 1.10865 0
      vertex 6.9 1.03923 0
    endloop
  endfacet
  facet normal 0 0 -1
    outer loop
      vertex 0.848528 8.34853 0
      vertex 33.8742 12.15 0
      vertex 0.952024 8.23051 0
    endloop
  endfacet
  facet normal 0 0 -1
    outer loop
      vertex 4.15746 1.72207 0
      vertex 6.9 1.03923 0
      vertex 6.76949 0.952024 0
    endloop
  endfacet
  facet normal 0 0 -1
    outer loop
      vertex 4.15746 1.72207 0
      vertex 6.76949 0.952024 0
      vertex 6.65147 0.848528 0
    endloop
  endfacet
  facet normal 0 0 -1
    outer loop
      vertex 4.34667 1.16469 0
      vertex 6.65147 0.848528 0
      vertex 6.54798 0.730514 0
    endloop
  endfacet
  facet normal 0 0 -1
    outer loop
      vertex 4.34667 1.16469 0
      vertex 6.54798 0.730514 0
      vertex 6.46077 0.599999 0
    endloop
  endfacet
  facet normal 0 0 -1
    outer loop
      vertex 4.4615 0.587367 0
      vertex 6.46077 0.599999 0
      vertex 6.39134 0.45922 0
    endloop
  endfacet
  facet normal 0 0 -1
    outer loop
      vertex 4.4615 0.587367 0
      vertex 6.39134 0.45922 0
      vertex 6.34089 0.310582 0
    endloop
  endfacet
  facet normal 0 0 -1
    outer loop
      vertex 4.4615 0.587367 0
      vertex 6.34089 0.310582 0
      vertex 6.31027 0.156631 0
    endloop
  endfacet
  facet normal 0 0 -1
    outer loop
      vertex 4.5 0 0
      vertex 6.31027 0.156631 0
      vertex 6.3 0 0
    endloop
  endfacet
  facet normal -0 0 -1
    outer loop
      vertex 6.31027 0.156631 0
      vertex 4.5 0 0
      vertex 4.4615 0.587367 0
    endloop
  endfacet
  facet normal -0 0 -1
    outer loop
      vertex 6.46077 0.599999 0
      vertex 4.4615 0.587367 0
      vertex 4.34667 1.16469 0
    endloop
  endfacet
  facet normal 0 0 -1
    outer loop
      vertex 6.65147 0.848528 0
      vertex 4.34667 1.16469 0
      vertex 4.15746 1.72207 0
    endloop
  endfacet
  facet normal 0 0 -1
    outer loop
      vertex 6.9 1.03923 0
      vertex 4.15746 1.72207 0
      vertex 3.89711 2.25 0
    endloop
  endfacet
  facet normal 0 0 -1
    outer loop
      vertex 7.18942 1.15911 0
      vertex 3.89711 2.25 0
      vertex 3.57009 2.73943 0
    endloop
  endfacet
  facet normal 0 0 -1
    outer loop
      vertex 7.5 1.2 0
      vertex 3.57009 2.73943 0
      vertex 3.18198 3.18198 0
    endloop
  endfacet
  facet normal 0 0 -1
    outer loop
      vertex 7.5 1.2 0
      vertex 3.18198 3.18198 0
      vertex 1.18973 7.65663 0
    endloop
  endfacet
  facet normal 0 0 -1
    outer loop
      vertex 1.2 7.5 0
      vertex 3.18198 3.18198 0
      vertex 2.73943 3.57009 0
    endloop
  endfacet
  facet normal 0 0 -1
    outer loop
      vertex 1.18973 7.34337 0
      vertex 2.73943 3.57009 0
      vertex 2.25 3.89711 0
    endloop
  endfacet
  facet normal 0 0 -1
    outer loop
      vertex 1.03923 6.9 0
      vertex 2.25 3.89711 0
      vertex 1.72207 4.15746 0
    endloop
  endfacet
  facet normal 0 0 -1
    outer loop
      vertex 3.18198 3.18198 0
      vertex 1.2 7.5 0
      vertex 1.18973 7.65663 0
    endloop
  endfacet
  facet normal 0 0 -1
    outer loop
      vertex 7.65663 1.18973 0
      vertex 1.18973 7.65663 0
      vertex 1.15911 7.81058 0
    endloop
  endfacet
  facet normal 0 0 -1
    outer loop
      vertex 7.81058 1.15911 0
      vertex 1.15911 7.81058 0
      vertex 1.10865 7.95922 0
    endloop
  endfacet
  facet normal 0 0 -1
    outer loop
      vertex 7.95922 1.10865 0
      vertex 1.10865 7.95922 0
      vertex 1.03923 8.1 0
    endloop
  endfacet
  facet normal 0 0 -1
    outer loop
      vertex 0.730514 8.45202 0
      vertex 26 45.0333 0
      vertex 0.848528 8.34853 0
    endloop
  endfacet
  facet normal -0 0 -1
    outer loop
      vertex 26 45.0333 0
      vertex 0.730514 8.45202 0
      vertex 19.8995 48.0417 0
    endloop
  endfacet
  facet normal 0 0 -1
    outer loop
      vertex 0.599999 8.53923 0
      vertex 19.8995 48.0417 0
      vertex 0.730514 8.45202 0
    endloop
  endfacet
  facet normal 0 0 -1
    outer loop
      vertex 0.45922 8.60865 0
      vertex 19.8995 48.0417 0
      vertex 0.599999 8.53923 0
    endloop
  endfacet
  facet normal -0 0 -1
    outer loop
      vertex 19.8995 48.0417 0
      vertex 0.45922 8.60865 0
      vertex 13.4586 50.2281 0
    endloop
  endfacet
  facet normal 0 0 -1
    outer loop
      vertex 0.310582 8.65911 0
      vertex 13.4586 50.2281 0
      vertex 0.45922 8.60865 0
    endloop
  endfacet
  facet normal -0 0 -1
    outer loop
      vertex 13.4586 50.2281 0
      vertex 0.310582 8.65911 0
      vertex 6.78736 51.5551 0
    endloop
  endfacet
  facet normal 0 0 -1
    outer loop
      vertex 0.156631 8.68973 0
      vertex 6.78736 51.5551 0
      vertex 0.310582 8.65911 0
    endloop
  endfacet
  facet normal 0 0 -1
    outer loop
      vertex 0 52 0
      vertex 0.156631 8.68973 0
      vertex 0 8.7 0
    endloop
  endfacet
  facet normal 0 0 -1
    outer loop
      vertex 0.156631 8.68973 0
      vertex 0 52 0
      vertex 6.78736 51.5551 0
    endloop
  endfacet
  facet normal 0 0 -1
    outer loop
      vertex -0.156631 8.68973 0
      vertex 0 52 0
      vertex 0 8.7 0
    endloop
  endfacet
  facet normal 0 0 -1
    outer loop
      vertex -6.78736 51.5551 0
      vertex -0.156631 8.68973 0
      vertex -0.310582 8.65911 0
    endloop
  endfacet
  facet normal 0 0 -1
    outer loop
      vertex -13.4586 50.2281 0
      vertex -0.310582 8.65911 0
      vertex -0.45922 8.60865 0
    endloop
  endfacet
  facet normal 0 0 -1
    outer loop
      vertex -19.8995 48.0417 0
      vertex -0.45922 8.60865 0
      vertex -0.599999 8.53923 0
    endloop
  endfacet
  facet normal 0 0 -1
    outer loop
      vertex -19.8995 48.0417 0
      vertex -0.599999 8.53923 0
      vertex -0.730514 8.45202 0
    endloop
  endfacet
  facet normal 0 0 -1
    outer loop
      vertex -26 45.0333 0
      vertex -0.730514 8.45202 0
      vertex -0.848528 8.34853 0
    endloop
  endfacet
  facet normal 0 0 -1
    outer loop
      vertex -8.1 1.03923 0
      vertex -33.7443 11.8365 0
      vertex -1.03923 8.1 0
    endloop
  endfacet
  facet normal 0 0 -1
    outer loop
      vertex -33.7443 11.8365 0
      vertex -8.1 1.03923 0
      vertex -33.7111 11.6697 0
    endloop
  endfacet
  facet normal 0 0 -1
    outer loop
      vertex -8.1 1.03923 0
      vertex -1.03923 8.1 0
      vertex -1.10865 7.95922 0
    endloop
  endfacet
  facet normal 0 0 -1
    outer loop
      vertex -7.95922 1.10865 0
      vertex -1.10865 7.95922 0
      vertex -1.15911 7.81058 0
    endloop
  endfacet
  facet normal 0 0 -1
    outer loop
      vertex -7.81058 1.15911 0
      vertex -1.15911 7.81058 0
      vertex -1.18973 7.65663 0
    endloop
  endfacet
  facet normal 0 0 -1
    outer loop
      vertex -7.65663 1.18973 0
      vertex -1.18973 7.65663 0
      vertex -1.2 7.5 0
    endloop
  endfacet
  facet normal -0 0 -1
    outer loop
      vertex -1.15911 7.18942 0
      vertex -2.73943 3.57009 0
      vertex -1.18973 7.34337 0
    endloop
  endfacet
  facet normal -0 0 -1
    outer loop
      vertex -1.18973 7.34337 0
      vertex -2.73943 3.57009 0
      vertex -1.2 7.5 0
    endloop
  endfacet
  facet normal 0 0 -1
    outer loop
      vertex -3.18198 3.18198 0
      vertex -1.2 7.5 0
      vertex -2.73943 3.57009 0
    endloop
  endfacet
  facet normal 0 0 -1
    outer loop
      vertex -1.2 7.5 0
      vertex -3.18198 3.18198 0
      vertex -7.65663 1.18973 0
    endloop
  endfacet
  facet normal 0 0 -1
    outer loop
      vertex -7.5 1.2 0
      vertex -3.18198 3.18198 0
      vertex -3.57009 2.73943 0
    endloop
  endfacet
  facet normal 0 0 -1
    outer loop
      vertex -7.18942 1.15911 0
      vertex -3.57009 2.73943 0
      vertex -3.89711 2.25 0
    endloop
  endfacet
  facet normal 0 0 -1
    outer loop
      vertex -6.9 1.03923 0
      vertex -3.89711 2.25 0
      vertex -4.15746 1.72207 0
    endloop
  endfacet
  facet normal 0 0 -1
    outer loop
      vertex -6.65147 0.848528 0
      vertex -4.15746 1.72207 0
      vertex -4.34667 1.16469 0
    endloop
  endfacet
  facet normal 0 0 -1
    outer loop
      vertex -6.46077 0.599999 0
      vertex -4.34667 1.16469 0
      vertex -4.4615 0.587367 0
    endloop
  endfacet
  facet normal 0 0 -1
    outer loop
      vertex -6.31027 0.156631 0
      vertex -4.5 0 0
      vertex -6.3 0 0
    endloop
  endfacet
  facet normal 0 0 -1
    outer loop
      vertex -4.5 0 0
      vertex -6.31027 0.156631 0
      vertex -4.4615 0.587367 0
    endloop
  endfacet
  facet normal 0 0 -1
    outer loop
      vertex -6.34089 0.310582 0
      vertex -4.4615 0.587367 0
      vertex -6.31027 0.156631 0
    endloop
  endfacet
  facet normal 0 0 -1
    outer loop
      vertex -6.39134 0.45922 0
      vertex -4.4615 0.587367 0
      vertex -6.34089 0.310582 0
    endloop
  endfacet
  facet normal 0 0 -1
    outer loop
      vertex -6.46077 0.599999 0
      vertex -4.4615 0.587367 0
      vertex -6.39134 0.45922 0
    endloop
  endfacet
  facet normal 0 0 -1
    outer loop
      vertex -4.34667 1.16469 0
      vertex -6.46077 0.599999 0
      vertex -6.54798 0.730514 0
    endloop
  endfacet
  facet normal 0 0 -1
    outer loop
      vertex -4.34667 1.16469 0
      vertex -6.54798 0.730514 0
      vertex -6.65147 0.848528 0
    endloop
  endfacet
  facet normal 0 0 -1
    outer loop
      vertex -4.15746 1.72207 0
      vertex -6.65147 0.848528 0
      vertex -6.76949 0.952024 0
    endloop
  endfacet
  facet normal 0 0 -1
    outer loop
      vertex -4.15746 1.72207 0
      vertex -6.76949 0.952024 0
      vertex -6.9 1.03923 0
    endloop
  endfacet
  facet normal 0 0 -1
    outer loop
      vertex -3.89711 2.25 0
      vertex -6.9 1.03923 0
      vertex -7.04078 1.10865 0
    endloop
  endfacet
  facet normal 0 0 -1
    outer loop
      vertex -3.89711 2.25 0
      vertex -7.04078 1.10865 0
      vertex -7.18942 1.15911 0
    endloop
  endfacet
  facet normal 0 0 -1
    outer loop
      vertex -3.57009 2.73943 0
      vertex -7.18942 1.15911 0
      vertex -7.34337 1.18973 0
    endloop
  endfacet
  facet normal 0 0 -1
    outer loop
      vertex -0.156631 8.68973 0
      vertex -6.78736 51.5551 0
      vertex 0 52 0
    endloop
  endfacet
  facet normal 0 0 -1
    outer loop
      vertex -3.57009 2.73943 0
      vertex -7.34337 1.18973 0
      vertex -7.5 1.2 0
    endloop
  endfacet
  facet normal 0 0 -1
    outer loop
      vertex -3.18198 3.18198 0
      vertex -7.5 1.2 0
      vertex -7.65663 1.18973 0
    endloop
  endfacet
  facet normal 0 0 -1
    outer loop
      vertex -1.18973 7.65663 0
      vertex -7.65663 1.18973 0
      vertex -7.81058 1.15911 0
    endloop
  endfacet
  facet normal 0 0 -1
    outer loop
      vertex -1.15911 7.81058 0
      vertex -7.81058 1.15911 0
      vertex -7.95922 1.10865 0
    endloop
  endfacet
  facet normal 0 0 -1
    outer loop
      vertex -1.10865 7.95922 0
      vertex -7.95922 1.10865 0
      vertex -8.1 1.03923 0
    endloop
  endfacet
  facet normal 0 0 -1
    outer loop
      vertex -8.23051 0.952024 0
      vertex -33.7111 11.6697 0
      vertex -8.1 1.03923 0
    endloop
  endfacet
  facet normal 0 0 -1
    outer loop
      vertex -33.7111 11.6697 0
      vertex -8.23051 0.952024 0
      vertex -33.7 11.5 0
    endloop
  endfacet
  facet normal 0 0 -1
    outer loop
      vertex -33.7 11.5 0
      vertex -8.23051 0.952024 0
      vertex -8.34853 0.848528 0
    endloop
  endfacet
  facet normal 0 0 -1
    outer loop
      vertex -33.7 11.5 0
      vertex -8.34853 0.848528 0
      vertex -8.45202 0.730514 0
    endloop
  endfacet
  facet normal 0 0 -1
    outer loop
      vertex -33.7 11.5 0
      vertex -8.45202 0.730514 0
      vertex -8.53923 0.599999 0
    endloop
  endfacet
  facet normal 0 0 -1
    outer loop
      vertex -8.65911 0.310582 0
      vertex -33.7 11.5 0
      vertex -8.60865 0.45922 0
    endloop
  endfacet
  facet normal 0 0 -1
    outer loop
      vertex -8.68973 0.156631 0
      vertex -33.7 11.5 0
      vertex -8.65911 0.310582 0
    endloop
  endfacet
  facet normal 0 0 -1
    outer loop
      vertex -8.7 0 0
      vertex -33.7 11.5 0
      vertex -8.68973 0.156631 0
    endloop
  endfacet
  facet normal -0 0 -1
    outer loop
      vertex -8.60865 -0.45922 0
      vertex -33.799 -11.0025 0
      vertex -8.65911 -0.310582 0
    endloop
  endfacet
  facet normal -0 0 -1
    outer loop
      vertex -8.23051 -0.952024 0
      vertex -33.7 -11.5 0
      vertex -8.34853 -0.848528 0
    endloop
  endfacet
  facet normal 0 0 -1
    outer loop
      vertex -8.60865 0.45922 0
      vertex -33.7 11.5 0
      vertex -8.53923 0.599999 0
    endloop
  endfacet
  facet normal -0 0 -1
    outer loop
      vertex -8.34853 -0.848528 0
      vertex -33.7 -11.5 0
      vertex -8.45202 -0.730514 0
    endloop
  endfacet
  facet normal 0 0 -1
    outer loop
      vertex -0.310582 8.65911 0
      vertex -13.4586 50.2281 0
      vertex -6.78736 51.5551 0
    endloop
  endfacet
  facet normal 0 0 -1
    outer loop
      vertex -33.7111 -11.3303 0
      vertex -8.45202 -0.730514 0
      vertex -33.7 -11.5 0
    endloop
  endfacet
  facet normal 0 0 -1
    outer loop
      vertex -0.45922 8.60865 0
      vertex -19.8995 48.0417 0
      vertex -13.4586 50.2281 0
    endloop
  endfacet
  facet normal 0 0 -1
    outer loop
      vertex -33.9686 -12.2914 0
      vertex -26 -45.0333 0
      vertex -31.6556 -41.2544 0
    endloop
  endfacet
  facet normal 0 0 -1
    outer loop
      vertex -0.730514 8.45202 0
      vertex -26 45.0333 0
      vertex -19.8995 48.0417 0
    endloop
  endfacet
  facet normal 0 0 -1
    outer loop
      vertex -33.799 11.9975 0
      vertex -1.03923 8.1 0
      vertex -33.7443 11.8365 0
    endloop
  endfacet
  facet normal 0 0 -1
    outer loop
      vertex -33.799 -11.0025 0
      vertex -8.60865 -0.45922 0
      vertex -33.7443 -11.1635 0
    endloop
  endfacet
  facet normal -0 0 -1
    outer loop
      vertex -8.53923 -0.599999 0
      vertex -33.7443 -11.1635 0
      vertex -8.60865 -0.45922 0
    endloop
  endfacet
  facet normal 0 0 -1
    outer loop
      vertex -33.7443 -11.1635 0
      vertex -8.53923 -0.599999 0
      vertex -33.7111 -11.3303 0
    endloop
  endfacet
  facet normal -0 0 -1
    outer loop
      vertex -8.45202 -0.730514 0
      vertex -33.7111 -11.3303 0
      vertex -8.53923 -0.599999 0
    endloop
  endfacet
  facet normal 0 0 -1
    outer loop
      vertex -26 -45.0333 0
      vertex -33.9686 -12.2914 0
      vertex -33.8742 -12.15 0
    endloop
  endfacet
  facet normal 0 0 -1
    outer loop
      vertex -31.6556 -41.2544 0
      vertex -34.0808 -12.4192 0
      vertex -33.9686 -12.2914 0
    endloop
  endfacet
  facet normal 0 0 -1
    outer loop
      vertex -31.6556 -41.2544 0
      vertex -34.2086 -12.5314 0
      vertex -34.0808 -12.4192 0
    endloop
  endfacet
  facet normal 0 0 -1
    outer loop
      vertex -36.7696 -36.7696 0
      vertex -34.2086 -12.5314 0
      vertex -31.6556 -41.2544 0
    endloop
  endfacet
  facet normal 0 0 -1
    outer loop
      vertex -34.2086 -12.5314 0
      vertex -36.7696 -36.7696 0
      vertex -34.35 -12.6258 0
    endloop
  endfacet
  facet normal 0 0 -1
    outer loop
      vertex -34.35 -12.6258 0
      vertex -36.7696 -36.7696 0
      vertex -34.5025 -12.701 0
    endloop
  endfacet
  facet normal 0 0 -1
    outer loop
      vertex -41.2544 -31.6556 0
      vertex -34.5025 -12.701 0
      vertex -36.7696 -36.7696 0
    endloop
  endfacet
  facet normal 0 0 -1
    outer loop
      vertex -34.5025 -12.701 0
      vertex -41.2544 -31.6556 0
      vertex -34.6635 -12.7557 0
    endloop
  endfacet
  facet normal 0 0 -1
    outer loop
      vertex -34.6635 -12.7557 0
      vertex -41.2544 -31.6556 0
      vertex -34.8303 -12.7889 0
    endloop
  endfacet
  facet normal 0 0 -1
    outer loop
      vertex -34.8303 -12.7889 0
      vertex -41.2544 -31.6556 0
      vertex -35 -12.8 0
    endloop
  endfacet
  facet normal 0 0 -1
    outer loop
      vertex -45.0333 -26 0
      vertex -35 -12.8 0
      vertex -41.2544 -31.6556 0
    endloop
  endfacet
  facet normal -0 0 -1
    outer loop
      vertex -35 -12.8 0
      vertex -45.0333 -26 0
      vertex -35.1697 -12.7889 0
    endloop
  endfacet
  facet normal -0 0 -1
    outer loop
      vertex -35.1697 -12.7889 0
      vertex -45.0333 -26 0
      vertex -35.3365 -12.7557 0
    endloop
  endfacet
  facet normal -0 0 -1
    outer loop
      vertex -35.3365 -12.7557 0
      vertex -45.0333 -26 0
      vertex -35.4975 -12.701 0
    endloop
  endfacet
  facet normal -0 0 -1
    outer loop
      vertex -35.4975 -12.701 0
      vertex -45.0333 -26 0
      vertex -35.65 -12.6258 0
    endloop
  endfacet
  facet normal 0 0 -1
    outer loop
      vertex -48.0417 -19.8995 0
      vertex -35.65 -12.6258 0
      vertex -45.0333 -26 0
    endloop
  endfacet
  facet normal -0 0 -1
    outer loop
      vertex -35.65 -12.6258 0
      vertex -48.0417 -19.8995 0
      vertex -35.7914 -12.5314 0
    endloop
  endfacet
  facet normal -0 0 -1
    outer loop
      vertex -35.7914 -12.5314 0
      vertex -48.0417 -19.8995 0
      vertex -35.9192 -12.4192 0
    endloop
  endfacet
  facet normal -0 0 -1
    outer loop
      vertex -35.9192 -12.4192 0
      vertex -48.0417 -19.8995 0
      vertex -36.0314 -12.2914 0
    endloop
  endfacet
  facet normal 0 0 -1
    outer loop
      vertex -50.2281 -13.4586 0
      vertex -36.201 -11.9975 0
      vertex -48.0417 -19.8995 0
    endloop
  endfacet
  facet normal -0 0 -1
    outer loop
      vertex -36.1258 -12.15 0
      vertex -48.0417 -19.8995 0
      vertex -36.201 -11.9975 0
    endloop
  endfacet
  facet normal -0 0 -1
    outer loop
      vertex -36.0314 -12.2914 0
      vertex -48.0417 -19.8995 0
      vertex -36.1258 -12.15 0
    endloop
  endfacet
  facet normal 0 0 -1
    outer loop
      vertex 2.73943 -3.57009 0
      vertex 1.15911 -7.18942 0
      vertex 2.25 -3.89711 0
    endloop
  endfacet
  facet normal 0 0 -1
    outer loop
      vertex 1.10865 -7.04078 0
      vertex 2.25 -3.89711 0
      vertex 1.15911 -7.18942 0
    endloop
  endfacet
  facet normal 0 0 -1
    outer loop
      vertex 1.03923 -6.9 0
      vertex 2.25 -3.89711 0
      vertex 1.10865 -7.04078 0
    endloop
  endfacet
  facet normal 0 0 -1
    outer loop
      vertex 2.25 -3.89711 0
      vertex 1.03923 -6.9 0
      vertex 1.72207 -4.15746 0
    endloop
  endfacet
  facet normal 0 0 -1
    outer loop
      vertex 0.952024 -6.76949 0
      vertex 1.72207 -4.15746 0
      vertex 1.03923 -6.9 0
    endloop
  endfacet
  facet normal 0 0 -1
    outer loop
      vertex 0.848528 -6.65147 0
      vertex 1.72207 -4.15746 0
      vertex 0.952024 -6.76949 0
    endloop
  endfacet
  facet normal 0 0 -1
    outer loop
      vertex 1.72207 -4.15746 0
      vertex 0.848528 -6.65147 0
      vertex 1.16469 -4.34667 0
    endloop
  endfacet
  facet normal 0 0 -1
    outer loop
      vertex 0.730514 -6.54798 0
      vertex 1.16469 -4.34667 0
      vertex 0.848528 -6.65147 0
    endloop
  endfacet
  facet normal 0 0 -1
    outer loop
      vertex 0.599999 -6.46077 0
      vertex 1.16469 -4.34667 0
      vertex 0.730514 -6.54798 0
    endloop
  endfacet
  facet normal 0 0 -1
    outer loop
      vertex 0.599999 -6.46077 0
      vertex 0.587367 -4.4615 0
      vertex 1.16469 -4.34667 0
    endloop
  endfacet
  facet normal 0 0 -1
    outer loop
      vertex 0.45922 -6.39134 0
      vertex 0.587367 -4.4615 0
      vertex 0.599999 -6.46077 0
    endloop
  endfacet
  facet normal 0 0 -1
    outer loop
      vertex 0.310582 -6.34089 0
      vertex 0.587367 -4.4615 0
      vertex 0.45922 -6.39134 0
    endloop
  endfacet
  facet normal 0 0 -1
    outer loop
      vertex 0.156631 -6.31027 0
      vertex 0.587367 -4.4615 0
      vertex 0.310582 -6.34089 0
    endloop
  endfacet
  facet normal 0 0 -1
    outer loop
      vertex 0 -4.5 0
      vertex 0.156631 -6.31027 0
      vertex 0 -6.3 0
    endloop
  endfacet
  facet normal 0 0 -1
    outer loop
      vertex 0.156631 -6.31027 0
      vertex 0 -4.5 0
      vertex 0.587367 -4.4615 0
    endloop
  endfacet
  facet normal 0 0 -1
    outer loop
      vertex -0.156631 -6.31027 0
      vertex 0 -4.5 0
      vertex 0 -6.3 0
    endloop
  endfacet
  facet normal 0 0 -1
    outer loop
      vertex -0.587367 -4.4615 0
      vertex -0.156631 -6.31027 0
      vertex -0.310582 -6.34089 0
    endloop
  endfacet
  facet normal 0 0 -1
    outer loop
      vertex -0.587367 -4.4615 0
      vertex -0.310582 -6.34089 0
      vertex -0.45922 -6.39134 0
    endloop
  endfacet
  facet normal 0 0 -1
    outer loop
      vertex -0.156631 -6.31027 0
      vertex -0.587367 -4.4615 0
      vertex 0 -4.5 0
    endloop
  endfacet
  facet normal 0 0 -1
    outer loop
      vertex -0.599999 -6.46077 0
      vertex -0.587367 -4.4615 0
      vertex -0.45922 -6.39134 0
    endloop
  endfacet
  facet normal 0 0 -1
    outer loop
      vertex -1.16469 -4.34667 0
      vertex -0.599999 -6.46077 0
      vertex -0.730514 -6.54798 0
    endloop
  endfacet
  facet normal 0 0 -1
    outer loop
      vertex -1.16469 -4.34667 0
      vertex -0.730514 -6.54798 0
      vertex -0.848528 -6.65147 0
    endloop
  endfacet
  facet normal 0 0 -1
    outer loop
      vertex -1.72207 -4.15746 0
      vertex -0.848528 -6.65147 0
      vertex -0.952024 -6.76949 0
    endloop
  endfacet
  facet normal 0 0 -1
    outer loop
      vertex -1.72207 -4.15746 0
      vertex -0.952024 -6.76949 0
      vertex -1.03923 -6.9 0
    endloop
  endfacet
  facet normal 0 0 -1
    outer loop
      vertex -2.25 -3.89711 0
      vertex -1.03923 -6.9 0
      vertex -1.10865 -7.04078 0
    endloop
  endfacet
  facet normal 0 0 -1
    outer loop
      vertex -2.25 -3.89711 0
      vertex -1.10865 -7.04078 0
      vertex -1.15911 -7.18942 0
    endloop
  endfacet
  facet normal 0 0 -1
    outer loop
      vertex -0.599999 -6.46077 0
      vertex -1.16469 -4.34667 0
      vertex -0.587367 -4.4615 0
    endloop
  endfacet
  facet normal 0 0 -1
    outer loop
      vertex -2.73943 -3.57009 0
      vertex -1.15911 -7.18942 0
      vertex -1.18973 -7.34337 0
    endloop
  endfacet
  facet normal 0 0 -1
    outer loop
      vertex -2.73943 -3.57009 0
      vertex -1.18973 -7.34337 0
      vertex -1.2 -7.5 0
    endloop
  endfacet
  facet normal 0 0 -1
    outer loop
      vertex -0.848528 -6.65147 0
      vertex -1.72207 -4.15746 0
      vertex -1.16469 -4.34667 0
    endloop
  endfacet
  facet normal 0 0 -1
    outer loop
      vertex 36.201 -11.0025 0
      vertex 51.5551 -6.78736 0
      vertex 36.2557 -11.1635 0
    endloop
  endfacet
  facet normal 0 0 -1
    outer loop
      vertex 52 0 0
      vertex 36.2889 11.3303 0
      vertex 36.3 11.5 0
    endloop
  endfacet
  facet normal 0 0 -1
    outer loop
      vertex 36.1258 -10.85 0
      vertex 51.5551 -6.78736 0
      vertex 36.201 -11.0025 0
    endloop
  endfacet
  facet normal 0 0 -1
    outer loop
      vertex 52 0 0
      vertex 36.2557 11.1635 0
      vertex 36.2889 11.3303 0
    endloop
  endfacet
  facet normal 0 0 -1
    outer loop
      vertex 36.0314 -10.7086 0
      vertex 51.5551 -6.78736 0
      vertex 36.1258 -10.85 0
    endloop
  endfacet
  facet normal 0 0 -1
    outer loop
      vertex 52 0 0
      vertex 36.201 11.0025 0
      vertex 36.2557 11.1635 0
    endloop
  endfacet
  facet normal 0 0 -1
    outer loop
      vertex 35.9192 -10.5808 0
      vertex 51.5551 -6.78736 0
      vertex 36.0314 -10.7086 0
    endloop
  endfacet
  facet normal 0 0 -1
    outer loop
      vertex 52 0 0
      vertex 36.1258 10.85 0
      vertex 36.201 11.0025 0
    endloop
  endfacet
  facet normal 0 0 -1
    outer loop
      vertex 35.7914 -10.4686 0
      vertex 51.5551 -6.78736 0
      vertex 35.9192 -10.5808 0
    endloop
  endfacet
  facet normal 0 0 -1
    outer loop
      vertex 52 0 0
      vertex 36.0314 10.7086 0
      vertex 36.1258 10.85 0
    endloop
  endfacet
  facet normal -0 0 -1
    outer loop
      vertex 51.5551 -6.78736 0
      vertex 35.7914 -10.4686 0
      vertex 52 0 0
    endloop
  endfacet
  facet normal 0 0 -1
    outer loop
      vertex 52 0 0
      vertex 35.9192 10.5808 0
      vertex 36.0314 10.7086 0
    endloop
  endfacet
  facet normal 0 0 -1
    outer loop
      vertex 35.65 -10.3742 0
      vertex 52 0 0
      vertex 35.7914 -10.4686 0
    endloop
  endfacet
  facet normal 0 0 -1
    outer loop
      vertex 52 0 0
      vertex 35.7914 10.4686 0
      vertex 35.9192 10.5808 0
    endloop
  endfacet
  facet normal 0 0 -1
    outer loop
      vertex 35.4975 -10.299 0
      vertex 52 0 0
      vertex 35.65 -10.3742 0
    endloop
  endfacet
  facet normal 0 0 -1
    outer loop
      vertex 52 0 0
      vertex 35.65 10.3742 0
      vertex 35.7914 10.4686 0
    endloop
  endfacet
  facet normal 0 0 -1
    outer loop
      vertex 35.4975 10.299 0
      vertex 52 0 0
      vertex 35.4975 -10.299 0
    endloop
  endfacet
  facet normal 0 0 -1
    outer loop
      vertex 52 0 0
      vertex 35.4975 10.299 0
      vertex 35.65 10.3742 0
    endloop
  endfacet
  facet normal 0 0 -1
    outer loop
      vertex 35.3365 -10.2443 0
      vertex 35.4975 10.299 0
      vertex 35.4975 -10.299 0
    endloop
  endfacet
  facet normal 0 0 -1
    outer loop
      vertex 35.3365 -10.2443 0
      vertex 35.3365 10.2443 0
      vertex 35.4975 10.299 0
    endloop
  endfacet
  facet normal 0 0 -1
    outer loop
      vertex 35.1697 -10.2111 0
      vertex 35.3365 10.2443 0
      vertex 35.3365 -10.2443 0
    endloop
  endfacet
  facet normal 0 0 -1
    outer loop
      vertex 35.1697 -10.2111 0
      vertex 35.1697 10.2111 0
      vertex 35.3365 10.2443 0
    endloop
  endfacet
  facet normal 0 0 -1
    outer loop
      vertex 35 -10.2 0
      vertex 35.1697 10.2111 0
      vertex 35.1697 -10.2111 0
    endloop
  endfacet
  facet normal 0 0 -1
    outer loop
      vertex 35 -10.2 0
      vertex 35 10.2 0
      vertex 35.1697 10.2111 0
    endloop
  endfacet
  facet normal 0 0 -1
    outer loop
      vertex 34.8303 -10.2111 0
      vertex 35 10.2 0
      vertex 35 -10.2 0
    endloop
  endfacet
  facet normal 0 0 -1
    outer loop
      vertex 34.8303 -10.2111 0
      vertex 34.8303 10.2111 0
      vertex 35 10.2 0
    endloop
  endfacet
  facet normal 0 0 -1
    outer loop
      vertex 34.6635 -10.2443 0
      vertex 34.8303 10.2111 0
      vertex 34.8303 -10.2111 0
    endloop
  endfacet
  facet normal 0 0 -1
    outer loop
      vertex 34.6635 -10.2443 0
      vertex 34.6635 10.2443 0
      vertex 34.8303 10.2111 0
    endloop
  endfacet
  facet normal 0 0 -1
    outer loop
      vertex 34.5025 -10.299 0
      vertex 34.6635 10.2443 0
      vertex 34.6635 -10.2443 0
    endloop
  endfacet
  facet normal 0 0 -1
    outer loop
      vertex 34.5025 -10.299 0
      vertex 34.5025 10.299 0
      vertex 34.6635 10.2443 0
    endloop
  endfacet
  facet normal 0 0 -1
    outer loop
      vertex 34.35 -10.3742 0
      vertex 34.5025 10.299 0
      vertex 34.5025 -10.299 0
    endloop
  endfacet
  facet normal 0 0 -1
    outer loop
      vertex 34.35 -10.3742 0
      vertex 34.35 10.3742 0
      vertex 34.5025 10.299 0
    endloop
  endfacet
  facet normal 0 0 -1
    outer loop
      vertex 34.2086 -10.4686 0
      vertex 34.35 10.3742 0
      vertex 34.35 -10.3742 0
    endloop
  endfacet
  facet normal 0 0 -1
    outer loop
      vertex 34.2086 -10.4686 0
      vertex 34.2086 10.4686 0
      vertex 34.35 10.3742 0
    endloop
  endfacet
  facet normal 0 0 -1
    outer loop
      vertex 34.0808 -10.5808 0
      vertex 34.2086 10.4686 0
      vertex 34.2086 -10.4686 0
    endloop
  endfacet
  facet normal 0 0 -1
    outer loop
      vertex 34.0808 -10.5808 0
      vertex 34.0808 10.5808 0
      vertex 34.2086 10.4686 0
    endloop
  endfacet
  facet normal 0 0 -1
    outer loop
      vertex 8.7 0 0
      vertex 34.0808 -10.5808 0
      vertex 33.9686 -10.7086 0
    endloop
  endfacet
  facet normal 0 0 -1
    outer loop
      vertex 34.0808 -10.5808 0
      vertex 8.7 0 0
      vertex 34.0808 10.5808 0
    endloop
  endfacet
  facet normal 0 0 -1
    outer loop
      vertex 8.68973 -0.156631 0
      vertex 33.9686 -10.7086 0
      vertex 33.8742 -10.85 0
    endloop
  endfacet
  facet normal -0 0 -1
    outer loop
      vertex 34.0808 10.5808 0
      vertex 8.7 0 0
      vertex 33.9686 10.7086 0
    endloop
  endfacet
  facet normal 0 0 -1
    outer loop
      vertex 8.65911 -0.310582 0
      vertex 33.8742 -10.85 0
      vertex 33.799 -11.0025 0
    endloop
  endfacet
  facet normal 0 0 -1
    outer loop
      vertex 8.68973 0.156631 0
      vertex 33.9686 10.7086 0
      vertex 8.7 0 0
    endloop
  endfacet
  facet normal 0 0 -1
    outer loop
      vertex 8.60865 -0.45922 0
      vertex 33.799 -11.0025 0
      vertex 33.7443 -11.1635 0
    endloop
  endfacet
  facet normal -0 0 -1
    outer loop
      vertex 33.9686 10.7086 0
      vertex 8.68973 0.156631 0
      vertex 33.8742 10.85 0
    endloop
  endfacet
  facet normal 0 0 -1
    outer loop
      vertex 8.53923 -0.599999 0
      vertex 33.7443 -11.1635 0
      vertex 33.7111 -11.3303 0
    endloop
  endfacet
  facet normal 0 0 -1
    outer loop
      vertex 8.65911 0.310582 0
      vertex 33.8742 10.85 0
      vertex 8.68973 0.156631 0
    endloop
  endfacet
  facet normal 0 0 -1
    outer loop
      vertex 8.45202 -0.730514 0
      vertex 33.7111 -11.3303 0
      vertex 33.7 -11.5 0
    endloop
  endfacet
  facet normal -0 0 -1
    outer loop
      vertex 33.8742 10.85 0
      vertex 8.65911 0.310582 0
      vertex 33.799 11.0025 0
    endloop
  endfacet
  facet normal 0 0 -1
    outer loop
      vertex 36.2557 -11.1635 0
      vertex 50.2281 -13.4586 0
      vertex 36.2889 -11.3303 0
    endloop
  endfacet
  facet normal 0 0 -1
    outer loop
      vertex 36.2889 -11.3303 0
      vertex 50.2281 -13.4586 0
      vertex 36.3 -11.5 0
    endloop
  endfacet
  facet normal 0 0 -1
    outer loop
      vertex 50.2281 -13.4586 0
      vertex 36.2557 -11.1635 0
      vertex 51.5551 -6.78736 0
    endloop
  endfacet
  facet normal 0 0 -1
    outer loop
      vertex 36.201 -11.9975 0
      vertex 50.2281 -13.4586 0
      vertex 48.0417 -19.8995 0
    endloop
  endfacet
  facet normal 0 0 -1
    outer loop
      vertex 52 0 0
      vertex 36.3 11.5 0
      vertex 51.5551 6.78736 0
    endloop
  endfacet
  facet normal 0 0 -1
    outer loop
      vertex 35.65 -12.6258 0
      vertex 48.0417 -19.8995 0
      vertex 45.0333 -26 0
    endloop
  endfacet
  facet normal 0 0 -1
    outer loop
      vertex 51.5551 6.78736 0
      vertex 36.3 11.5 0
      vertex 50.2281 13.4586 0
    endloop
  endfacet
  facet normal 0 0 -1
    outer loop
      vertex 35 -12.8 0
      vertex 45.0333 -26 0
      vertex 41.2544 -31.6556 0
    endloop
  endfacet
  facet normal 0 0 -1
    outer loop
      vertex 36.2889 11.6697 0
      vertex 50.2281 13.4586 0
      vertex 36.3 11.5 0
    endloop
  endfacet
  facet normal 0 0 -1
    outer loop
      vertex 34.5025 -12.701 0
      vertex 41.2544 -31.6556 0
      vertex 36.7696 -36.7696 0
    endloop
  endfacet
  facet normal 0 0 -1
    outer loop
      vertex 36.2557 11.8365 0
      vertex 50.2281 13.4586 0
      vertex 36.2889 11.6697 0
    endloop
  endfacet
  facet normal 0 0 -1
    outer loop
      vertex 36.201 11.9975 0
      vertex 50.2281 13.4586 0
      vertex 36.2557 11.8365 0
    endloop
  endfacet
  facet normal 0 0 -1
    outer loop
      vertex 50.2281 -13.4586 0
      vertex 36.2889 -11.6697 0
      vertex 36.3 -11.5 0
    endloop
  endfacet
  facet normal 0 0 -1
    outer loop
      vertex 50.2281 -13.4586 0
      vertex 36.2557 -11.8365 0
      vertex 36.2889 -11.6697 0
    endloop
  endfacet
  facet normal 0 0 -1
    outer loop
      vertex 50.2281 -13.4586 0
      vertex 36.201 -11.9975 0
      vertex 36.2557 -11.8365 0
    endloop
  endfacet
  facet normal 0 0 -1
    outer loop
      vertex 48.0417 -19.8995 0
      vertex 36.1258 -12.15 0
      vertex 36.201 -11.9975 0
    endloop
  endfacet
  facet normal 0 0 -1
    outer loop
      vertex 48.0417 -19.8995 0
      vertex 36.0314 -12.2914 0
      vertex 36.1258 -12.15 0
    endloop
  endfacet
  facet normal 0 0 -1
    outer loop
      vertex 48.0417 -19.8995 0
      vertex 35.9192 -12.4192 0
      vertex 36.0314 -12.2914 0
    endloop
  endfacet
  facet normal 0 0 -1
    outer loop
      vertex 48.0417 -19.8995 0
      vertex 35.7914 -12.5314 0
      vertex 35.9192 -12.4192 0
    endloop
  endfacet
  facet normal 0 0 -1
    outer loop
      vertex 48.0417 -19.8995 0
      vertex 35.65 -12.6258 0
      vertex 35.7914 -12.5314 0
    endloop
  endfacet
  facet normal 0 0 -1
    outer loop
      vertex 45.0333 -26 0
      vertex 35.4975 -12.701 0
      vertex 35.65 -12.6258 0
    endloop
  endfacet
  facet normal 0 0 -1
    outer loop
      vertex 45.0333 -26 0
      vertex 35.3365 -12.7557 0
      vertex 35.4975 -12.701 0
    endloop
  endfacet
  facet normal 0 0 -1
    outer loop
      vertex 45.0333 -26 0
      vertex 35.1697 -12.7889 0
      vertex 35.3365 -12.7557 0
    endloop
  endfacet
  facet normal 0 0 -1
    outer loop
      vertex 45.0333 -26 0
      vertex 35 -12.8 0
      vertex 35.1697 -12.7889 0
    endloop
  endfacet
  facet normal 0 0 -1
    outer loop
      vertex 41.2544 -31.6556 0
      vertex 34.8303 -12.7889 0
      vertex 35 -12.8 0
    endloop
  endfacet
  facet normal 0 0 -1
    outer loop
      vertex 41.2544 -31.6556 0
      vertex 34.6635 -12.7557 0
      vertex 34.8303 -12.7889 0
    endloop
  endfacet
  facet normal 0 0 -1
    outer loop
      vertex 41.2544 -31.6556 0
      vertex 34.5025 -12.701 0
      vertex 34.6635 -12.7557 0
    endloop
  endfacet
  facet normal 0 0 -1
    outer loop
      vertex 36.7696 -36.7696 0
      vertex 34.35 -12.6258 0
      vertex 34.5025 -12.701 0
    endloop
  endfacet
  facet normal 0 0 -1
    outer loop
      vertex 36.7696 -36.7696 0
      vertex 34.2086 -12.5314 0
      vertex 34.35 -12.6258 0
    endloop
  endfacet
  facet normal 0 0 -1
    outer loop
      vertex 31.6556 -41.2544 0
      vertex 34.2086 -12.5314 0
      vertex 36.7696 -36.7696 0
    endloop
  endfacet
  facet normal -0 0 -1
    outer loop
      vertex 34.2086 -12.5314 0
      vertex 31.6556 -41.2544 0
      vertex 34.0808 -12.4192 0
    endloop
  endfacet
  facet normal -0 0 -1
    outer loop
      vertex 34.0808 -12.4192 0
      vertex 31.6556 -41.2544 0
      vertex 33.9686 -12.2914 0
    endloop
  endfacet
  facet normal 0 0 -1
    outer loop
      vertex 26 -45.0333 0
      vertex 33.9686 -12.2914 0
      vertex 31.6556 -41.2544 0
    endloop
  endfacet
  facet normal 0 0 -1
    outer loop
      vertex 0.848528 -8.34853 0
      vertex 33.9686 -12.2914 0
      vertex 26 -45.0333 0
    endloop
  endfacet
  facet normal 0 0 -1
    outer loop
      vertex 33.9686 -12.2914 0
      vertex 0.848528 -8.34853 0
      vertex 33.8742 -12.15 0
    endloop
  endfacet
  facet normal 0 -0 -1
    outer loop
      vertex 1.03923 -8.1 0
      vertex 33.799 -11.9975 0
      vertex 0.952024 -8.23051 0
    endloop
  endfacet
  facet normal 0 0 -1
    outer loop
      vertex 33.8742 -12.15 0
      vertex 0.952024 -8.23051 0
      vertex 33.799 -11.9975 0
    endloop
  endfacet
  facet normal 0 -0 -1
    outer loop
      vertex 0.952024 -8.23051 0
      vertex 33.8742 -12.15 0
      vertex 0.848528 -8.34853 0
    endloop
  endfacet
  facet normal -0 0 -1
    outer loop
      vertex 50.2281 13.4586 0
      vertex 36.201 11.9975 0
      vertex 48.0417 19.8995 0
    endloop
  endfacet
  facet normal 0 0 -1
    outer loop
      vertex 36.1258 12.15 0
      vertex 48.0417 19.8995 0
      vertex 36.201 11.9975 0
    endloop
  endfacet
  facet normal 0 0 -1
    outer loop
      vertex 36.0314 12.2914 0
      vertex 48.0417 19.8995 0
      vertex 36.1258 12.15 0
    endloop
  endfacet
  facet normal 0 0 -1
    outer loop
      vertex 35.9192 12.4192 0
      vertex 48.0417 19.8995 0
      vertex 36.0314 12.2914 0
    endloop
  endfacet
  facet normal 0 0 -1
    outer loop
      vertex 35.7914 12.5314 0
      vertex 48.0417 19.8995 0
      vertex 35.9192 12.4192 0
    endloop
  endfacet
  facet normal 0 0 -1
    outer loop
      vertex 35.65 12.6258 0
      vertex 48.0417 19.8995 0
      vertex 35.7914 12.5314 0
    endloop
  endfacet
  facet normal -0 0 -1
    outer loop
      vertex 48.0417 19.8995 0
      vertex 35.65 12.6258 0
      vertex 45.0333 26 0
    endloop
  endfacet
  facet normal 0 0 -1
    outer loop
      vertex 35.4975 12.701 0
      vertex 45.0333 26 0
      vertex 35.65 12.6258 0
    endloop
  endfacet
  facet normal 0 0 -1
    outer loop
      vertex 35.3365 12.7557 0
      vertex 45.0333 26 0
      vertex 35.4975 12.701 0
    endloop
  endfacet
  facet normal 0 0 -1
    outer loop
      vertex 35.1697 12.7889 0
      vertex 45.0333 26 0
      vertex 35.3365 12.7557 0
    endloop
  endfacet
  facet normal 0 0 -1
    outer loop
      vertex 35 12.8 0
      vertex 45.0333 26 0
      vertex 35.1697 12.7889 0
    endloop
  endfacet
  facet normal -0 0 -1
    outer loop
      vertex 45.0333 26 0
      vertex 35 12.8 0
      vertex 41.2544 31.6556 0
    endloop
  endfacet
  facet normal 0 0 -1
    outer loop
      vertex 34.8303 12.7889 0
      vertex 41.2544 31.6556 0
      vertex 35 12.8 0
    endloop
  endfacet
  facet normal 0 0 -1
    outer loop
      vertex 34.6635 12.7557 0
      vertex 41.2544 31.6556 0
      vertex 34.8303 12.7889 0
    endloop
  endfacet
  facet normal 0 0 -1
    outer loop
      vertex 34.5025 12.701 0
      vertex 41.2544 31.6556 0
      vertex 34.6635 12.7557 0
    endloop
  endfacet
  facet normal -0 0 -1
    outer loop
      vertex 41.2544 31.6556 0
      vertex 34.5025 12.701 0
      vertex 36.7696 36.7696 0
    endloop
  endfacet
  facet normal 0 0 -1
    outer loop
      vertex 34.35 12.6258 0
      vertex 36.7696 36.7696 0
      vertex 34.5025 12.701 0
    endloop
  endfacet
  facet normal 0 0 -1
    outer loop
      vertex 34.2086 12.5314 0
      vertex 36.7696 36.7696 0
      vertex 34.35 12.6258 0
    endloop
  endfacet
  facet normal 0 0 -1
    outer loop
      vertex 31.6556 41.2544 0
      vertex 34.2086 12.5314 0
      vertex 34.0808 12.4192 0
    endloop
  endfacet
  facet normal 0 0 -1
    outer loop
      vertex 31.6556 41.2544 0
      vertex 34.0808 12.4192 0
      vertex 33.9686 12.2914 0
    endloop
  endfacet
  facet normal 0 0 -1
    outer loop
      vertex 26 45.0333 0
      vertex 33.9686 12.2914 0
      vertex 33.8742 12.15 0
    endloop
  endfacet
  facet normal 0 0 -1
    outer loop
      vertex 8.45202 0.730514 0
      vertex 33.7111 11.3303 0
      vertex 8.53923 0.599999 0
    endloop
  endfacet
  facet normal -0 0 -1
    outer loop
      vertex 33.7443 11.1635 0
      vertex 8.53923 0.599999 0
      vertex 33.7111 11.3303 0
    endloop
  endfacet
  facet normal 0 0 -1
    outer loop
      vertex 8.53923 0.599999 0
      vertex 33.7443 11.1635 0
      vertex 8.60865 0.45922 0
    endloop
  endfacet
  facet normal 0 0 -1
    outer loop
      vertex 34.2086 12.5314 0
      vertex 31.6556 41.2544 0
      vertex 36.7696 36.7696 0
    endloop
  endfacet
  facet normal -0 0 -1
    outer loop
      vertex 33.799 11.0025 0
      vertex 8.60865 0.45922 0
      vertex 33.7443 11.1635 0
    endloop
  endfacet
  facet normal 0 0 -1
    outer loop
      vertex 33.7443 -11.1635 0
      vertex 8.53923 -0.599999 0
      vertex 8.60865 -0.45922 0
    endloop
  endfacet
  facet normal 0 0 -1
    outer loop
      vertex 33.799 -11.9975 0
      vertex 1.03923 -8.1 0
      vertex 33.7443 -11.8365 0
    endloop
  endfacet
  facet normal -0 0 -1
    outer loop
      vertex 33.7111 11.3303 0
      vertex 8.45202 0.730514 0
      vertex 33.7 11.5 0
    endloop
  endfacet
  facet normal 0 0 -1
    outer loop
      vertex 0.730514 -8.45202 0
      vertex 26 -45.0333 0
      vertex 19.8995 -48.0417 0
    endloop
  endfacet
  facet normal 0 0 -1
    outer loop
      vertex 33.9686 12.2914 0
      vertex 26 45.0333 0
      vertex 31.6556 41.2544 0
    endloop
  endfacet
  facet normal 0 0 -1
    outer loop
      vertex 0.45922 -8.60865 0
      vertex 19.8995 -48.0417 0
      vertex 13.4586 -50.2281 0
    endloop
  endfacet
  facet normal 0 0 -1
    outer loop
      vertex 8.34853 0.848528 0
      vertex 33.7 11.5 0
      vertex 8.45202 0.730514 0
    endloop
  endfacet
  facet normal 0 0 -1
    outer loop
      vertex 8.23051 0.952024 0
      vertex 33.7 11.5 0
      vertex 8.34853 0.848528 0
    endloop
  endfacet
  facet normal 0 0 -1
    outer loop
      vertex 8.60865 0.45922 0
      vertex 33.799 11.0025 0
      vertex 8.65911 0.310582 0
    endloop
  endfacet
  facet normal 0 0 -1
    outer loop
      vertex 33.9686 -10.7086 0
      vertex 8.68973 -0.156631 0
      vertex 8.7 0 0
    endloop
  endfacet
  facet normal 0 0 -1
    outer loop
      vertex 33.8742 -10.85 0
      vertex 8.65911 -0.310582 0
      vertex 8.68973 -0.156631 0
    endloop
  endfacet
  facet normal 0 0 -1
    outer loop
      vertex 33.799 -11.0025 0
      vertex 8.60865 -0.45922 0
      vertex 8.65911 -0.310582 0
    endloop
  endfacet
  facet normal 0 0 -1
    outer loop
      vertex 33.7111 -11.3303 0
      vertex 8.45202 -0.730514 0
      vertex 8.53923 -0.599999 0
    endloop
  endfacet
  facet normal 0 0 -1
    outer loop
      vertex 33.7 -11.5 0
      vertex 8.34853 -0.848528 0
      vertex 8.45202 -0.730514 0
    endloop
  endfacet
  facet normal 0 0 -1
    outer loop
      vertex 33.7 -11.5 0
      vertex 8.23051 -0.952024 0
      vertex 8.34853 -0.848528 0
    endloop
  endfacet
  facet normal 0 0 -1
    outer loop
      vertex 33.7443 -11.8365 0
      vertex 8.1 -1.03923 0
      vertex 33.7111 -11.6697 0
    endloop
  endfacet
  facet normal 0 0 -1
    outer loop
      vertex 33.7111 -11.6697 0
      vertex 8.23051 -0.952024 0
      vertex 33.7 -11.5 0
    endloop
  endfacet
  facet normal 0 -0 -1
    outer loop
      vertex 8.23051 -0.952024 0
      vertex 33.7111 -11.6697 0
      vertex 8.1 -1.03923 0
    endloop
  endfacet
  facet normal 0 -0 -1
    outer loop
      vertex 1.10865 -7.95922 0
      vertex 7.95922 -1.10865 0
      vertex 1.03923 -8.1 0
    endloop
  endfacet
  facet normal 0 0 -1
    outer loop
      vertex 7.95922 -1.10865 0
      vertex 1.10865 -7.95922 0
      vertex 7.81058 -1.15911 0
    endloop
  endfacet
  facet normal 0 -0 -1
    outer loop
      vertex 1.15911 -7.81058 0
      vertex 7.81058 -1.15911 0
      vertex 1.10865 -7.95922 0
    endloop
  endfacet
  facet normal 0 0 -1
    outer loop
      vertex 7.81058 -1.15911 0
      vertex 1.15911 -7.81058 0
      vertex 7.65663 -1.18973 0
    endloop
  endfacet
  facet normal 0 -0 -1
    outer loop
      vertex 1.18973 -7.65663 0
      vertex 7.65663 -1.18973 0
      vertex 1.15911 -7.81058 0
    endloop
  endfacet
  facet normal 0 0 -1
    outer loop
      vertex 7.65663 -1.18973 0
      vertex 1.18973 -7.65663 0
      vertex 7.5 -1.2 0
    endloop
  endfacet
  facet normal 0 0 -1
    outer loop
      vertex 0.310582 -8.65911 0
      vertex 13.4586 -50.2281 0
      vertex 6.78736 -51.5551 0
    endloop
  endfacet
  facet normal 0 -0 -1
    outer loop
      vertex 3.18198 -3.18198 0
      vertex 7.5 -1.2 0
      vertex 1.18973 -7.65663 0
    endloop
  endfacet
  facet normal 0 -0 -1
    outer loop
      vertex 3.57009 -2.73943 0
      vertex 7.5 -1.2 0
      vertex 3.18198 -3.18198 0
    endloop
  endfacet
  facet normal -0 0 -1
    outer loop
      vertex 7.5 -1.2 0
      vertex 3.57009 -2.73943 0
      vertex 7.34337 -1.18973 0
    endloop
  endfacet
  facet normal -0 0 -1
    outer loop
      vertex 7.34337 -1.18973 0
      vertex 3.57009 -2.73943 0
      vertex 7.18942 -1.15911 0
    endloop
  endfacet
  facet normal 0 -0 -1
    outer loop
      vertex 3.89711 -2.25 0
      vertex 7.18942 -1.15911 0
      vertex 3.57009 -2.73943 0
    endloop
  endfacet
  facet normal -0 0 -1
    outer loop
      vertex 7.18942 -1.15911 0
      vertex 3.89711 -2.25 0
      vertex 7.04078 -1.10865 0
    endloop
  endfacet
  facet normal -0 0 -1
    outer loop
      vertex 7.04078 -1.10865 0
      vertex 3.89711 -2.25 0
      vertex 6.9 -1.03923 0
    endloop
  endfacet
  facet normal -0 0 -1
    outer loop
      vertex 6.76949 -0.952024 0
      vertex 4.15746 -1.72207 0
      vertex 6.65147 -0.848528 0
    endloop
  endfacet
  facet normal -0 0 -1
    outer loop
      vertex 6.65147 -0.848528 0
      vertex 4.34667 -1.16469 0
      vertex 6.54798 -0.730514 0
    endloop
  endfacet
  facet normal 0 0 -1
    outer loop
      vertex 6.31027 -0.156631 0
      vertex 4.5 0 0
      vertex 6.3 0 0
    endloop
  endfacet
  facet normal 0 -0 -1
    outer loop
      vertex 4.5 0 0
      vertex 6.31027 -0.156631 0
      vertex 4.4615 -0.587367 0
    endloop
  endfacet
  facet normal -0 0 -1
    outer loop
      vertex 6.34089 -0.310582 0
      vertex 4.4615 -0.587367 0
      vertex 6.31027 -0.156631 0
    endloop
  endfacet
  facet normal -0 0 -1
    outer loop
      vertex 6.39134 -0.45922 0
      vertex 4.4615 -0.587367 0
      vertex 6.34089 -0.310582 0
    endloop
  endfacet
  facet normal -0 0 -1
    outer loop
      vertex 6.54798 -0.730514 0
      vertex 4.34667 -1.16469 0
      vertex 6.46077 -0.599999 0
    endloop
  endfacet
  facet normal 0 -0 -1
    outer loop
      vertex 4.4615 -0.587367 0
      vertex 6.46077 -0.599999 0
      vertex 4.34667 -1.16469 0
    endloop
  endfacet
  facet normal 0 0 -1
    outer loop
      vertex 6.46077 -0.599999 0
      vertex 4.4615 -0.587367 0
      vertex 6.39134 -0.45922 0
    endloop
  endfacet
  facet normal -0 0 -1
    outer loop
      vertex 6.9 -1.03923 0
      vertex 4.15746 -1.72207 0
      vertex 6.76949 -0.952024 0
    endloop
  endfacet
  facet normal 0 -0 -1
    outer loop
      vertex 1.2 -7.5 0
      vertex 3.18198 -3.18198 0
      vertex 1.18973 -7.65663 0
    endloop
  endfacet
  facet normal 0 0 -1
    outer loop
      vertex 1.18973 -7.34337 0
      vertex 2.73943 -3.57009 0
      vertex 1.2 -7.5 0
    endloop
  endfacet
  facet normal 0 0 -1
    outer loop
      vertex 1.15911 -7.18942 0
      vertex 2.73943 -3.57009 0
      vertex 1.18973 -7.34337 0
    endloop
  endfacet
  facet normal 0 0 -1
    outer loop
      vertex 3.18198 -3.18198 0
      vertex 1.2 -7.5 0
      vertex 2.73943 -3.57009 0
    endloop
  endfacet
  facet normal 0 -0 -1
    outer loop
      vertex 4.34667 -1.16469 0
      vertex 6.65147 -0.848528 0
      vertex 4.15746 -1.72207 0
    endloop
  endfacet
  facet normal 0 -0 -1
    outer loop
      vertex 4.15746 -1.72207 0
      vertex 6.9 -1.03923 0
      vertex 3.89711 -2.25 0
    endloop
  endfacet
  facet normal 0 0 -1
    outer loop
      vertex 8.1 -1.03923 0
      vertex 1.03923 -8.1 0
      vertex 7.95922 -1.10865 0
    endloop
  endfacet
  facet normal 0 -0 -1
    outer loop
      vertex 8.1 -1.03923 0
      vertex 33.7443 -11.8365 0
      vertex 1.03923 -8.1 0
    endloop
  endfacet
  facet normal 0 0 -1
    outer loop
      vertex 26 -45.0333 0
      vertex 0.730514 -8.45202 0
      vertex 0.848528 -8.34853 0
    endloop
  endfacet
  facet normal 0 0 -1
    outer loop
      vertex 19.8995 -48.0417 0
      vertex 0.599999 -8.53923 0
      vertex 0.730514 -8.45202 0
    endloop
  endfacet
  facet normal 0 0 -1
    outer loop
      vertex 19.8995 -48.0417 0
      vertex 0.45922 -8.60865 0
      vertex 0.599999 -8.53923 0
    endloop
  endfacet
  facet normal 0 0 -1
    outer loop
      vertex 13.4586 -50.2281 0
      vertex 0.310582 -8.65911 0
      vertex 0.45922 -8.60865 0
    endloop
  endfacet
  facet normal 0 0 -1
    outer loop
      vertex 6.78736 -51.5551 0
      vertex 0.156631 -8.68973 0
      vertex 0.310582 -8.65911 0
    endloop
  endfacet
  facet normal 0 0 -1
    outer loop
      vertex 0 -52 0
      vertex 0.156631 -8.68973 0
      vertex 6.78736 -51.5551 0
    endloop
  endfacet
  facet normal 0 0 -1
    outer loop
      vertex 0 -52 0
      vertex 0 -8.7 0
      vertex 0.156631 -8.68973 0
    endloop
  endfacet
  facet normal 0 0 -1
    outer loop
      vertex 0 -52 0
      vertex -0.156631 -8.68973 0
      vertex 0 -8.7 0
    endloop
  endfacet
  facet normal 0 0 -1
    outer loop
      vertex -6.78736 -51.5551 0
      vertex -0.156631 -8.68973 0
      vertex 0 -52 0
    endloop
  endfacet
  facet normal -0 0 -1
    outer loop
      vertex -0.156631 -8.68973 0
      vertex -6.78736 -51.5551 0
      vertex -0.310582 -8.65911 0
    endloop
  endfacet
  facet normal 0 0 -1
    outer loop
      vertex -13.4586 -50.2281 0
      vertex -0.310582 -8.65911 0
      vertex -6.78736 -51.5551 0
    endloop
  endfacet
  facet normal -0 0 -1
    outer loop
      vertex -0.310582 -8.65911 0
      vertex -13.4586 -50.2281 0
      vertex -0.45922 -8.60865 0
    endloop
  endfacet
  facet normal 0 0 -1
    outer loop
      vertex -19.8995 -48.0417 0
      vertex -0.45922 -8.60865 0
      vertex -13.4586 -50.2281 0
    endloop
  endfacet
  facet normal -0 0 -1
    outer loop
      vertex -0.45922 -8.60865 0
      vertex -19.8995 -48.0417 0
      vertex -0.599999 -8.53923 0
    endloop
  endfacet
  facet normal -0 0 -1
    outer loop
      vertex -0.599999 -8.53923 0
      vertex -19.8995 -48.0417 0
      vertex -0.730514 -8.45202 0
    endloop
  endfacet
  facet normal 0 0 -1
    outer loop
      vertex -26 -45.0333 0
      vertex -0.730514 -8.45202 0
      vertex -19.8995 -48.0417 0
    endloop
  endfacet
  facet normal -0 0 -1
    outer loop
      vertex -0.730514 -8.45202 0
      vertex -26 -45.0333 0
      vertex -0.848528 -8.34853 0
    endloop
  endfacet
  facet normal -0 0 -1
    outer loop
      vertex -0.848528 -8.34853 0
      vertex -33.8742 -12.15 0
      vertex -0.952024 -8.23051 0
    endloop
  endfacet
  facet normal 0 -0 -1
    outer loop
      vertex -33.799 -11.9975 0
      vertex -0.952024 -8.23051 0
      vertex -33.8742 -12.15 0
    endloop
  endfacet
  facet normal -0 -0 -1
    outer loop
      vertex -7.95922 -1.10865 0
      vertex -1.10865 -7.95922 0
      vertex -8.1 -1.03923 0
    endloop
  endfacet
  facet normal 0 0 -1
    outer loop
      vertex -1.10865 -7.95922 0
      vertex -7.95922 -1.10865 0
      vertex -1.15911 -7.81058 0
    endloop
  endfacet
  facet normal -0 -0 -1
    outer loop
      vertex -7.81058 -1.15911 0
      vertex -1.15911 -7.81058 0
      vertex -7.95922 -1.10865 0
    endloop
  endfacet
  facet normal 0 0 -1
    outer loop
      vertex -1.03923 -6.9 0
      vertex -2.25 -3.89711 0
      vertex -1.72207 -4.15746 0
    endloop
  endfacet
  facet normal 0 0 -1
    outer loop
      vertex -1.18973 -7.65663 0
      vertex -7.65663 -1.18973 0
      vertex -1.2 -7.5 0
    endloop
  endfacet
  facet normal 0 0 -1
    outer loop
      vertex -1.15911 -7.18942 0
      vertex -2.73943 -3.57009 0
      vertex -2.25 -3.89711 0
    endloop
  endfacet
  facet normal -0 -0 -1
    outer loop
      vertex -3.18198 -3.18198 0
      vertex -1.2 -7.5 0
      vertex -7.65663 -1.18973 0
    endloop
  endfacet
  facet normal 0 0 -1
    outer loop
      vertex -1.2 -7.5 0
      vertex -3.18198 -3.18198 0
      vertex -2.73943 -3.57009 0
    endloop
  endfacet
  facet normal 0 0 -1
    outer loop
      vertex -3.18198 -3.18198 0
      vertex -7.5 -1.2 0
      vertex -3.57009 -2.73943 0
    endloop
  endfacet
  facet normal 0 0 -1
    outer loop
      vertex -6.31027 -0.156631 0
      vertex -4.5 0 0
      vertex -4.4615 -0.587367 0
    endloop
  endfacet
  facet normal 0 0 -1
    outer loop
      vertex -3.89711 -2.25 0
      vertex -6.9 -1.03923 0
      vertex -4.15746 -1.72207 0
    endloop
  endfacet
  facet normal -0 0 -1
    outer loop
      vertex -4.5 0 0
      vertex -6.31027 -0.156631 0
      vertex -6.3 0 0
    endloop
  endfacet
  facet normal 0 0 -1
    outer loop
      vertex -4.4615 -0.587367 0
      vertex -6.34089 -0.310582 0
      vertex -6.31027 -0.156631 0
    endloop
  endfacet
  facet normal 0 0 -1
    outer loop
      vertex -4.4615 -0.587367 0
      vertex -6.39134 -0.45922 0
      vertex -6.34089 -0.310582 0
    endloop
  endfacet
  facet normal -0 0 -1
    outer loop
      vertex -4.4615 -0.587367 0
      vertex -6.46077 -0.599999 0
      vertex -6.39134 -0.45922 0
    endloop
  endfacet
  facet normal 0 0 -1
    outer loop
      vertex -4.34667 -1.16469 0
      vertex -6.46077 -0.599999 0
      vertex -4.4615 -0.587367 0
    endloop
  endfacet
  facet normal 0 -0 -1
    outer loop
      vertex -6.46077 -0.599999 0
      vertex -4.34667 -1.16469 0
      vertex -6.54798 -0.730514 0
    endloop
  endfacet
  facet normal 0 -0 -1
    outer loop
      vertex -6.54798 -0.730514 0
      vertex -4.34667 -1.16469 0
      vertex -6.65147 -0.848528 0
    endloop
  endfacet
  facet normal 0 -0 -1
    outer loop
      vertex -7.34337 -1.18973 0
      vertex -3.57009 -2.73943 0
      vertex -7.5 -1.2 0
    endloop
  endfacet
  facet normal 0 0 -1
    outer loop
      vertex -4.15746 -1.72207 0
      vertex -6.65147 -0.848528 0
      vertex -4.34667 -1.16469 0
    endloop
  endfacet
  facet normal 0 -0 -1
    outer loop
      vertex -6.65147 -0.848528 0
      vertex -4.15746 -1.72207 0
      vertex -6.76949 -0.952024 0
    endloop
  endfacet
  facet normal 0 -0 -1
    outer loop
      vertex -6.76949 -0.952024 0
      vertex -4.15746 -1.72207 0
      vertex -6.9 -1.03923 0
    endloop
  endfacet
  facet normal 0 -0 -1
    outer loop
      vertex -6.9 -1.03923 0
      vertex -3.89711 -2.25 0
      vertex -7.04078 -1.10865 0
    endloop
  endfacet
  facet normal 0 -0 -1
    outer loop
      vertex -7.04078 -1.10865 0
      vertex -3.89711 -2.25 0
      vertex -7.18942 -1.15911 0
    endloop
  endfacet
  facet normal 0 0 -1
    outer loop
      vertex -3.57009 -2.73943 0
      vertex -7.18942 -1.15911 0
      vertex -3.89711 -2.25 0
    endloop
  endfacet
  facet normal 0 -0 -1
    outer loop
      vertex -7.18942 -1.15911 0
      vertex -3.57009 -2.73943 0
      vertex -7.34337 -1.18973 0
    endloop
  endfacet
  facet normal -0 -0 -1
    outer loop
      vertex -7.5 -1.2 0
      vertex -3.18198 -3.18198 0
      vertex -7.65663 -1.18973 0
    endloop
  endfacet
  facet normal -0 -0 -1
    outer loop
      vertex -7.65663 -1.18973 0
      vertex -1.18973 -7.65663 0
      vertex -7.81058 -1.15911 0
    endloop
  endfacet
  facet normal 0 0 -1
    outer loop
      vertex -1.15911 -7.81058 0
      vertex -7.81058 -1.15911 0
      vertex -1.18973 -7.65663 0
    endloop
  endfacet
  facet normal 0 0 -1
    outer loop
      vertex -1.03923 -8.1 0
      vertex -8.1 -1.03923 0
      vertex -1.10865 -7.95922 0
    endloop
  endfacet
  facet normal 0 0 -1
    outer loop
      vertex -33.8742 -12.15 0
      vertex -0.848528 -8.34853 0
      vertex -26 -45.0333 0
    endloop
  endfacet
  facet normal -0 0 -1
    outer loop
      vertex -0.952024 -8.23051 0
      vertex -33.799 -11.9975 0
      vertex -1.03923 -8.1 0
    endloop
  endfacet
  facet normal 0 -0 -1
    outer loop
      vertex -33.7443 -11.8365 0
      vertex -1.03923 -8.1 0
      vertex -33.799 -11.9975 0
    endloop
  endfacet
  facet normal -0 0 -1
    outer loop
      vertex -1.03923 -8.1 0
      vertex -33.7443 -11.8365 0
      vertex -8.1 -1.03923 0
    endloop
  endfacet
  facet normal 0 -0 -1
    outer loop
      vertex -33.7111 -11.6697 0
      vertex -8.1 -1.03923 0
      vertex -33.7443 -11.8365 0
    endloop
  endfacet
  facet normal -0 0 -1
    outer loop
      vertex -8.1 -1.03923 0
      vertex -33.7111 -11.6697 0
      vertex -8.23051 -0.952024 0
    endloop
  endfacet
  facet normal 0 -0 -1
    outer loop
      vertex -33.7 -11.5 0
      vertex -8.23051 -0.952024 0
      vertex -33.7111 -11.6697 0
    endloop
  endfacet
  facet normal -0.555565 -0.831473 0
    outer loop
      vertex -31.6556 -41.2544 0
      vertex -26 -45.0333 6
      vertex -31.6556 -41.2544 6
    endloop
  endfacet
  facet normal -0.555565 -0.831473 -0
    outer loop
      vertex -26 -45.0333 6
      vertex -31.6556 -41.2544 0
      vertex -26 -45.0333 0
    endloop
  endfacet
  facet normal -0 0 1
    outer loop
      vertex -33.8742 10.85 6
      vertex -8.65911 0.310582 6
      vertex -33.799 11.0025 6
    endloop
  endfacet
  facet normal 0 0 1
    outer loop
      vertex -8.7 0 6
      vertex -33.7111 -11.3303 6
      vertex -33.7 -11.5 6
    endloop
  endfacet
  facet normal 0 0 1
    outer loop
      vertex -8.65911 0.310582 6
      vertex -33.8742 10.85 6
      vertex -8.68973 0.156631 6
    endloop
  endfacet
  facet normal 0 0 1
    outer loop
      vertex -8.7 0 6
      vertex -33.7443 -11.1635 6
      vertex -33.7111 -11.3303 6
    endloop
  endfacet
  facet normal -0 0 1
    outer loop
      vertex -33.9686 10.7086 6
      vertex -8.68973 0.156631 6
      vertex -33.8742 10.85 6
    endloop
  endfacet
  facet normal 0 0 1
    outer loop
      vertex -8.7 0 6
      vertex -33.799 -11.0025 6
      vertex -33.7443 -11.1635 6
    endloop
  endfacet
  facet normal 0 0 1
    outer loop
      vertex -8.68973 0.156631 6
      vertex -33.9686 10.7086 6
      vertex -8.7 0 6
    endloop
  endfacet
  facet normal 0 0 1
    outer loop
      vertex -8.7 0 6
      vertex -33.8742 -10.85 6
      vertex -33.799 -11.0025 6
    endloop
  endfacet
  facet normal -0 0 1
    outer loop
      vertex -34.0808 10.5808 6
      vertex -8.7 0 6
      vertex -33.9686 10.7086 6
    endloop
  endfacet
  facet normal 0 0 1
    outer loop
      vertex -8.7 0 6
      vertex -33.9686 -10.7086 6
      vertex -33.8742 -10.85 6
    endloop
  endfacet
  facet normal 0 0 1
    outer loop
      vertex -34.0808 -10.5808 6
      vertex -8.7 0 6
      vertex -34.0808 10.5808 6
    endloop
  endfacet
  facet normal 0 0 1
    outer loop
      vertex -8.7 0 6
      vertex -34.0808 -10.5808 6
      vertex -33.9686 -10.7086 6
    endloop
  endfacet
  facet normal -0 0 1
    outer loop
      vertex -34.2086 10.4686 6
      vertex -34.0808 -10.5808 6
      vertex -34.0808 10.5808 6
    endloop
  endfacet
  facet normal 0 0 1
    outer loop
      vertex -34.2086 10.4686 6
      vertex -34.2086 -10.4686 6
      vertex -34.0808 -10.5808 6
    endloop
  endfacet
  facet normal -0 0 1
    outer loop
      vertex -34.35 10.3742 6
      vertex -34.2086 -10.4686 6
      vertex -34.2086 10.4686 6
    endloop
  endfacet
  facet normal 0 0 1
    outer loop
      vertex -34.35 10.3742 6
      vertex -34.35 -10.3742 6
      vertex -34.2086 -10.4686 6
    endloop
  endfacet
  facet normal -0 0 1
    outer loop
      vertex -34.5025 10.299 6
      vertex -34.35 -10.3742 6
      vertex -34.35 10.3742 6
    endloop
  endfacet
  facet normal 0 0 1
    outer loop
      vertex -34.5025 10.299 6
      vertex -34.5025 -10.299 6
      vertex -34.35 -10.3742 6
    endloop
  endfacet
  facet normal -0 0 1
    outer loop
      vertex -34.6635 10.2443 6
      vertex -34.5025 -10.299 6
      vertex -34.5025 10.299 6
    endloop
  endfacet
  facet normal 0 0 1
    outer loop
      vertex -34.6635 10.2443 6
      vertex -34.6635 -10.2443 6
      vertex -34.5025 -10.299 6
    endloop
  endfacet
  facet normal -0 0 1
    outer loop
      vertex -34.8303 10.2111 6
      vertex -34.6635 -10.2443 6
      vertex -34.6635 10.2443 6
    endloop
  endfacet
  facet normal 0 0 1
    outer loop
      vertex -34.8303 10.2111 6
      vertex -34.8303 -10.2111 6
      vertex -34.6635 -10.2443 6
    endloop
  endfacet
  facet normal -0 0 1
    outer loop
      vertex -35 10.2 6
      vertex -34.8303 -10.2111 6
      vertex -34.8303 10.2111 6
    endloop
  endfacet
  facet normal 0 0 1
    outer loop
      vertex -35 10.2 6
      vertex -35 -10.2 6
      vertex -34.8303 -10.2111 6
    endloop
  endfacet
  facet normal 0 0 1
    outer loop
      vertex -35.1697 10.2111 6
      vertex -35 -10.2 6
      vertex -35 10.2 6
    endloop
  endfacet
  facet normal 0 0 1
    outer loop
      vertex -35.1697 10.2111 6
      vertex -35.1697 -10.2111 6
      vertex -35 -10.2 6
    endloop
  endfacet
  facet normal 0 0 1
    outer loop
      vertex -35.3365 10.2443 6
      vertex -35.1697 -10.2111 6
      vertex -35.1697 10.2111 6
    endloop
  endfacet
  facet normal 0 0 1
    outer loop
      vertex -35.3365 10.2443 6
      vertex -35.3365 -10.2443 6
      vertex -35.1697 -10.2111 6
    endloop
  endfacet
  facet normal 0 0 1
    outer loop
      vertex -35.4975 10.299 6
      vertex -35.3365 -10.2443 6
      vertex -35.3365 10.2443 6
    endloop
  endfacet
  facet normal 0 0 1
    outer loop
      vertex -35.4975 10.299 6
      vertex -35.4975 -10.299 6
      vertex -35.3365 -10.2443 6
    endloop
  endfacet
  facet normal 0 0 1
    outer loop
      vertex -52 0 6
      vertex -35.4975 10.299 6
      vertex -35.65 10.3742 6
    endloop
  endfacet
  facet normal 0 0 1
    outer loop
      vertex -35.4975 10.299 6
      vertex -52 0 6
      vertex -35.4975 -10.299 6
    endloop
  endfacet
  facet normal 0 0 1
    outer loop
      vertex -52 0 6
      vertex -35.65 10.3742 6
      vertex -35.7914 10.4686 6
    endloop
  endfacet
  facet normal 0 0 1
    outer loop
      vertex -35.4975 -10.299 6
      vertex -52 0 6
      vertex -35.65 -10.3742 6
    endloop
  endfacet
  facet normal 0 0 1
    outer loop
      vertex -51.5551 6.78736 6
      vertex -35.7914 10.4686 6
      vertex -35.9192 10.5808 6
    endloop
  endfacet
  facet normal 0 0 1
    outer loop
      vertex -35.65 -10.3742 6
      vertex -52 0 6
      vertex -35.7914 -10.4686 6
    endloop
  endfacet
  facet normal 0 0 1
    outer loop
      vertex -51.5551 6.78736 6
      vertex -35.9192 10.5808 6
      vertex -36.0314 10.7086 6
    endloop
  endfacet
  facet normal -0 -0 1
    outer loop
      vertex -51.5551 -6.78736 6
      vertex -35.7914 -10.4686 6
      vertex -52 0 6
    endloop
  endfacet
  facet normal 0 0 1
    outer loop
      vertex -51.5551 6.78736 6
      vertex -36.0314 10.7086 6
      vertex -36.1258 10.85 6
    endloop
  endfacet
  facet normal 0 0 1
    outer loop
      vertex -35.7914 -10.4686 6
      vertex -51.5551 -6.78736 6
      vertex -35.9192 -10.5808 6
    endloop
  endfacet
  facet normal 0 0 1
    outer loop
      vertex -51.5551 6.78736 6
      vertex -36.1258 10.85 6
      vertex -36.201 11.0025 6
    endloop
  endfacet
  facet normal 0 0 1
    outer loop
      vertex -35.9192 -10.5808 6
      vertex -51.5551 -6.78736 6
      vertex -36.0314 -10.7086 6
    endloop
  endfacet
  facet normal 0 0 1
    outer loop
      vertex -51.5551 6.78736 6
      vertex -36.201 11.0025 6
      vertex -36.2557 11.1635 6
    endloop
  endfacet
  facet normal 0 0 1
    outer loop
      vertex -36.0314 -10.7086 6
      vertex -51.5551 -6.78736 6
      vertex -36.1258 -10.85 6
    endloop
  endfacet
  facet normal 0 0 1
    outer loop
      vertex -50.2281 13.4586 6
      vertex -36.2557 11.1635 6
      vertex -36.2889 11.3303 6
    endloop
  endfacet
  facet normal 0 0 1
    outer loop
      vertex -36.1258 -10.85 6
      vertex -51.5551 -6.78736 6
      vertex -36.201 -11.0025 6
    endloop
  endfacet
  facet normal 0 0 1
    outer loop
      vertex -50.2281 13.4586 6
      vertex -36.2889 11.3303 6
      vertex -36.3 11.5 6
    endloop
  endfacet
  facet normal 0 0 1
    outer loop
      vertex -36.201 -11.0025 6
      vertex -51.5551 -6.78736 6
      vertex -36.2557 -11.1635 6
    endloop
  endfacet
  facet normal 0 0 1
    outer loop
      vertex -1.03923 -8.1 6
      vertex -33.799 -11.9975 6
      vertex -0.952024 -8.23051 6
    endloop
  endfacet
  facet normal 0 0 1
    outer loop
      vertex -33.8742 -12.15 6
      vertex -0.952024 -8.23051 6
      vertex -33.799 -11.9975 6
    endloop
  endfacet
  facet normal 0 0 1
    outer loop
      vertex -0.952024 -8.23051 6
      vertex -33.8742 -12.15 6
      vertex -0.848528 -8.34853 6
    endloop
  endfacet
  facet normal 0 0 1
    outer loop
      vertex -33.9686 -12.2914 6
      vertex -0.848528 -8.34853 6
      vertex -33.8742 -12.15 6
    endloop
  endfacet
  facet normal 0 0 1
    outer loop
      vertex -0.848528 -8.34853 6
      vertex -33.9686 -12.2914 6
      vertex -26 -45.0333 6
    endloop
  endfacet
  facet normal 0 0 1
    outer loop
      vertex -26 -45.0333 6
      vertex -33.9686 -12.2914 6
      vertex -31.6556 -41.2544 6
    endloop
  endfacet
  facet normal -0 0 1
    outer loop
      vertex -34.0808 -12.4192 6
      vertex -31.6556 -41.2544 6
      vertex -33.9686 -12.2914 6
    endloop
  endfacet
  facet normal -0 0 1
    outer loop
      vertex -34.2086 -12.5314 6
      vertex -31.6556 -41.2544 6
      vertex -34.0808 -12.4192 6
    endloop
  endfacet
  facet normal 0 0 1
    outer loop
      vertex -36.7696 -36.7696 6
      vertex -34.2086 -12.5314 6
      vertex -34.35 -12.6258 6
    endloop
  endfacet
  facet normal 0 0 1
    outer loop
      vertex -36.7696 -36.7696 6
      vertex -34.35 -12.6258 6
      vertex -34.5025 -12.701 6
    endloop
  endfacet
  facet normal 0 0 1
    outer loop
      vertex -41.2544 -31.6556 6
      vertex -34.5025 -12.701 6
      vertex -34.6635 -12.7557 6
    endloop
  endfacet
  facet normal 0 0 1
    outer loop
      vertex -41.2544 -31.6556 6
      vertex -34.6635 -12.7557 6
      vertex -34.8303 -12.7889 6
    endloop
  endfacet
  facet normal 0 0 1
    outer loop
      vertex -41.2544 -31.6556 6
      vertex -34.8303 -12.7889 6
      vertex -35 -12.8 6
    endloop
  endfacet
  facet normal 0 0 1
    outer loop
      vertex -45.0333 -26 6
      vertex -35 -12.8 6
      vertex -35.1697 -12.7889 6
    endloop
  endfacet
  facet normal 0 0 1
    outer loop
      vertex -45.0333 -26 6
      vertex -35.1697 -12.7889 6
      vertex -35.3365 -12.7557 6
    endloop
  endfacet
  facet normal 0 0 1
    outer loop
      vertex -45.0333 -26 6
      vertex -35.3365 -12.7557 6
      vertex -35.4975 -12.701 6
    endloop
  endfacet
  facet normal 0 0 1
    outer loop
      vertex -45.0333 -26 6
      vertex -35.4975 -12.701 6
      vertex -35.65 -12.6258 6
    endloop
  endfacet
  facet normal 0 0 1
    outer loop
      vertex -48.0417 -19.8995 6
      vertex -35.65 -12.6258 6
      vertex -35.7914 -12.5314 6
    endloop
  endfacet
  facet normal 0 0 1
    outer loop
      vertex -48.0417 -19.8995 6
      vertex -35.7914 -12.5314 6
      vertex -35.9192 -12.4192 6
    endloop
  endfacet
  facet normal 0 0 1
    outer loop
      vertex -48.0417 -19.8995 6
      vertex -35.9192 -12.4192 6
      vertex -36.0314 -12.2914 6
    endloop
  endfacet
  facet normal 0 0 1
    outer loop
      vertex -48.0417 -19.8995 6
      vertex -36.0314 -12.2914 6
      vertex -36.1258 -12.15 6
    endloop
  endfacet
  facet normal 0 0 1
    outer loop
      vertex -48.0417 -19.8995 6
      vertex -36.1258 -12.15 6
      vertex -36.201 -11.9975 6
    endloop
  endfacet
  facet normal 0 0 1
    outer loop
      vertex -50.2281 -13.4586 6
      vertex -36.201 -11.9975 6
      vertex -36.2557 -11.8365 6
    endloop
  endfacet
  facet normal 0 0 1
    outer loop
      vertex -50.2281 -13.4586 6
      vertex -36.2557 -11.8365 6
      vertex -36.2889 -11.6697 6
    endloop
  endfacet
  facet normal 0 0 1
    outer loop
      vertex -34.2086 -12.5314 6
      vertex -36.7696 -36.7696 6
      vertex -31.6556 -41.2544 6
    endloop
  endfacet
  facet normal 0 0 1
    outer loop
      vertex -50.2281 -13.4586 6
      vertex -36.2889 -11.6697 6
      vertex -36.3 -11.5 6
    endloop
  endfacet
  facet normal 0 0 1
    outer loop
      vertex -36.201 11.9975 6
      vertex -50.2281 13.4586 6
      vertex -36.2557 11.8365 6
    endloop
  endfacet
  facet normal 0 0 1
    outer loop
      vertex -36.2557 11.8365 6
      vertex -50.2281 13.4586 6
      vertex -36.2889 11.6697 6
    endloop
  endfacet
  facet normal 0 0 1
    outer loop
      vertex -34.5025 -12.701 6
      vertex -41.2544 -31.6556 6
      vertex -36.7696 -36.7696 6
    endloop
  endfacet
  facet normal 0 0 1
    outer loop
      vertex -36.2889 11.6697 6
      vertex -50.2281 13.4586 6
      vertex -36.3 11.5 6
    endloop
  endfacet
  facet normal 0 0 1
    outer loop
      vertex -35 -12.8 6
      vertex -45.0333 -26 6
      vertex -41.2544 -31.6556 6
    endloop
  endfacet
  facet normal 0 0 1
    outer loop
      vertex -36.2557 11.1635 6
      vertex -50.2281 13.4586 6
      vertex -51.5551 6.78736 6
    endloop
  endfacet
  facet normal 0 0 1
    outer loop
      vertex -35.65 -12.6258 6
      vertex -48.0417 -19.8995 6
      vertex -45.0333 -26 6
    endloop
  endfacet
  facet normal 0 0 1
    outer loop
      vertex -35.7914 10.4686 6
      vertex -51.5551 6.78736 6
      vertex -52 0 6
    endloop
  endfacet
  facet normal 0 0 1
    outer loop
      vertex -36.201 -11.9975 6
      vertex -50.2281 -13.4586 6
      vertex -48.0417 -19.8995 6
    endloop
  endfacet
  facet normal 0 -0 1
    outer loop
      vertex -50.2281 -13.4586 6
      vertex -36.2557 -11.1635 6
      vertex -51.5551 -6.78736 6
    endloop
  endfacet
  facet normal 0 0 1
    outer loop
      vertex -36.2889 -11.3303 6
      vertex -50.2281 -13.4586 6
      vertex -36.3 -11.5 6
    endloop
  endfacet
  facet normal 0 0 1
    outer loop
      vertex -36.2557 -11.1635 6
      vertex -50.2281 -13.4586 6
      vertex -36.2889 -11.3303 6
    endloop
  endfacet
  facet normal 0 0 1
    outer loop
      vertex 2.73943 -3.57009 6
      vertex 1.18973 -7.34337 6
      vertex 1.2 -7.5 6
    endloop
  endfacet
  facet normal 0 0 1
    outer loop
      vertex 0.848528 -6.65147 6
      vertex 1.72207 -4.15746 6
      vertex 1.16469 -4.34667 6
    endloop
  endfacet
  facet normal 0 0 1
    outer loop
      vertex 2.25 -3.89711 6
      vertex 1.15911 -7.18942 6
      vertex 1.18973 -7.34337 6
    endloop
  endfacet
  facet normal 0 0 1
    outer loop
      vertex 2.25 -3.89711 6
      vertex 1.10865 -7.04078 6
      vertex 1.15911 -7.18942 6
    endloop
  endfacet
  facet normal 0 0 1
    outer loop
      vertex 2.25 -3.89711 6
      vertex 1.03923 -6.9 6
      vertex 1.10865 -7.04078 6
    endloop
  endfacet
  facet normal 0 0 1
    outer loop
      vertex 1.72207 -4.15746 6
      vertex 0.952024 -6.76949 6
      vertex 1.03923 -6.9 6
    endloop
  endfacet
  facet normal 0 0 1
    outer loop
      vertex 1.72207 -4.15746 6
      vertex 0.848528 -6.65147 6
      vertex 0.952024 -6.76949 6
    endloop
  endfacet
  facet normal 0 0 1
    outer loop
      vertex 1.16469 -4.34667 6
      vertex 0.730514 -6.54798 6
      vertex 0.848528 -6.65147 6
    endloop
  endfacet
  facet normal 0 0 1
    outer loop
      vertex 1.16469 -4.34667 6
      vertex 0.599999 -6.46077 6
      vertex 0.730514 -6.54798 6
    endloop
  endfacet
  facet normal -0 0 1
    outer loop
      vertex 0.587367 -4.4615 6
      vertex 0.599999 -6.46077 6
      vertex 1.16469 -4.34667 6
    endloop
  endfacet
  facet normal 0 0 1
    outer loop
      vertex 0.587367 -4.4615 6
      vertex 0.45922 -6.39134 6
      vertex 0.599999 -6.46077 6
    endloop
  endfacet
  facet normal 0 0 1
    outer loop
      vertex 0.587367 -4.4615 6
      vertex 0.310582 -6.34089 6
      vertex 0.45922 -6.39134 6
    endloop
  endfacet
  facet normal 0 0 1
    outer loop
      vertex 0.587367 -4.4615 6
      vertex 0.156631 -6.31027 6
      vertex 0.310582 -6.34089 6
    endloop
  endfacet
  facet normal -0 0 1
    outer loop
      vertex 0 -4.5 6
      vertex 0.156631 -6.31027 6
      vertex 0.587367 -4.4615 6
    endloop
  endfacet
  facet normal 0 0 1
    outer loop
      vertex 0 -4.5 6
      vertex 0 -6.3 6
      vertex 0.156631 -6.31027 6
    endloop
  endfacet
  facet normal 0 0 1
    outer loop
      vertex 0 -4.5 6
      vertex -0.156631 -6.31027 6
      vertex 0 -6.3 6
    endloop
  endfacet
  facet normal 0 0 1
    outer loop
      vertex -0.587367 -4.4615 6
      vertex -0.156631 -6.31027 6
      vertex 0 -4.5 6
    endloop
  endfacet
  facet normal 0 0 1
    outer loop
      vertex -0.156631 -6.31027 6
      vertex -0.587367 -4.4615 6
      vertex -0.310582 -6.34089 6
    endloop
  endfacet
  facet normal 0 0 1
    outer loop
      vertex -0.310582 -6.34089 6
      vertex -0.587367 -4.4615 6
      vertex -0.45922 -6.39134 6
    endloop
  endfacet
  facet normal 0 0 1
    outer loop
      vertex -0.587367 -4.4615 6
      vertex -0.599999 -6.46077 6
      vertex -0.45922 -6.39134 6
    endloop
  endfacet
  facet normal 0 0 1
    outer loop
      vertex -1.16469 -4.34667 6
      vertex -0.599999 -6.46077 6
      vertex -0.587367 -4.4615 6
    endloop
  endfacet
  facet normal 0 0 1
    outer loop
      vertex -0.599999 -6.46077 6
      vertex -1.16469 -4.34667 6
      vertex -0.730514 -6.54798 6
    endloop
  endfacet
  facet normal 0 0 1
    outer loop
      vertex -0.730514 -6.54798 6
      vertex -1.16469 -4.34667 6
      vertex -0.848528 -6.65147 6
    endloop
  endfacet
  facet normal 0 0 1
    outer loop
      vertex -1.72207 -4.15746 6
      vertex -0.848528 -6.65147 6
      vertex -1.16469 -4.34667 6
    endloop
  endfacet
  facet normal 0 0 1
    outer loop
      vertex -0.848528 -6.65147 6
      vertex -1.72207 -4.15746 6
      vertex -0.952024 -6.76949 6
    endloop
  endfacet
  facet normal 0 0 1
    outer loop
      vertex -0.952024 -6.76949 6
      vertex -1.72207 -4.15746 6
      vertex -1.03923 -6.9 6
    endloop
  endfacet
  facet normal 0 0 1
    outer loop
      vertex -2.25 -3.89711 6
      vertex -1.03923 -6.9 6
      vertex -1.72207 -4.15746 6
    endloop
  endfacet
  facet normal 0 0 1
    outer loop
      vertex -1.03923 -6.9 6
      vertex -2.25 -3.89711 6
      vertex -1.10865 -7.04078 6
    endloop
  endfacet
  facet normal 0 0 1
    outer loop
      vertex -1.10865 -7.04078 6
      vertex -2.25 -3.89711 6
      vertex -1.15911 -7.18942 6
    endloop
  endfacet
  facet normal 0 0 1
    outer loop
      vertex -2.73943 -3.57009 6
      vertex -1.15911 -7.18942 6
      vertex -2.25 -3.89711 6
    endloop
  endfacet
  facet normal 0 0 1
    outer loop
      vertex 33.7 -11.5 6
      vertex 8.23051 -0.952024 6
      vertex 33.7111 -11.6697 6
    endloop
  endfacet
  facet normal -0 0 1
    outer loop
      vertex 8.1 -1.03923 6
      vertex 33.7111 -11.6697 6
      vertex 8.23051 -0.952024 6
    endloop
  endfacet
  facet normal 0 0 1
    outer loop
      vertex 33.7111 -11.6697 6
      vertex 8.1 -1.03923 6
      vertex 33.7443 -11.8365 6
    endloop
  endfacet
  facet normal -0 0 1
    outer loop
      vertex 1.03923 -8.1 6
      vertex 33.7443 -11.8365 6
      vertex 8.1 -1.03923 6
    endloop
  endfacet
  facet normal 0 0 1
    outer loop
      vertex 33.7443 -11.8365 6
      vertex 1.03923 -8.1 6
      vertex 33.799 -11.9975 6
    endloop
  endfacet
  facet normal -0 0 1
    outer loop
      vertex 0.952024 -8.23051 6
      vertex 33.799 -11.9975 6
      vertex 1.03923 -8.1 6
    endloop
  endfacet
  facet normal 0 0 1
    outer loop
      vertex 33.8742 -12.15 6
      vertex 0.848528 -8.34853 6
      vertex 26 -45.0333 6
    endloop
  endfacet
  facet normal 0 0 1
    outer loop
      vertex 33.799 -11.9975 6
      vertex 0.952024 -8.23051 6
      vertex 33.8742 -12.15 6
    endloop
  endfacet
  facet normal 0 0 1
    outer loop
      vertex 1.03923 -8.1 6
      vertex 8.1 -1.03923 6
      vertex 7.95922 -1.10865 6
    endloop
  endfacet
  facet normal 0 0 1
    outer loop
      vertex 1.10865 -7.95922 6
      vertex 7.95922 -1.10865 6
      vertex 7.81058 -1.15911 6
    endloop
  endfacet
  facet normal 0 0 1
    outer loop
      vertex 1.15911 -7.81058 6
      vertex 7.81058 -1.15911 6
      vertex 7.65663 -1.18973 6
    endloop
  endfacet
  facet normal 0 0 1
    outer loop
      vertex 1.18973 -7.65663 6
      vertex 7.65663 -1.18973 6
      vertex 7.5 -1.2 6
    endloop
  endfacet
  facet normal 0 0 1
    outer loop
      vertex 3.57009 -2.73943 6
      vertex 7.5 -1.2 6
      vertex 7.34337 -1.18973 6
    endloop
  endfacet
  facet normal 0 0 1
    outer loop
      vertex 3.57009 -2.73943 6
      vertex 7.34337 -1.18973 6
      vertex 7.18942 -1.15911 6
    endloop
  endfacet
  facet normal 0 0 1
    outer loop
      vertex 3.89711 -2.25 6
      vertex 7.18942 -1.15911 6
      vertex 7.04078 -1.10865 6
    endloop
  endfacet
  facet normal 0 0 1
    outer loop
      vertex 3.89711 -2.25 6
      vertex 7.04078 -1.10865 6
      vertex 6.9 -1.03923 6
    endloop
  endfacet
  facet normal -0 0 1
    outer loop
      vertex 0.848528 -8.34853 6
      vertex 33.8742 -12.15 6
      vertex 0.952024 -8.23051 6
    endloop
  endfacet
  facet normal 0 0 1
    outer loop
      vertex 4.15746 -1.72207 6
      vertex 6.9 -1.03923 6
      vertex 6.76949 -0.952024 6
    endloop
  endfacet
  facet normal 0 0 1
    outer loop
      vertex 4.15746 -1.72207 6
      vertex 6.76949 -0.952024 6
      vertex 6.65147 -0.848528 6
    endloop
  endfacet
  facet normal 0 0 1
    outer loop
      vertex 4.34667 -1.16469 6
      vertex 6.65147 -0.848528 6
      vertex 6.54798 -0.730514 6
    endloop
  endfacet
  facet normal 0 0 1
    outer loop
      vertex 4.34667 -1.16469 6
      vertex 6.54798 -0.730514 6
      vertex 6.46077 -0.599999 6
    endloop
  endfacet
  facet normal -0 0 1
    outer loop
      vertex 4.4615 -0.587367 6
      vertex 6.46077 -0.599999 6
      vertex 6.39134 -0.45922 6
    endloop
  endfacet
  facet normal 0 0 1
    outer loop
      vertex 4.4615 -0.587367 6
      vertex 6.39134 -0.45922 6
      vertex 6.34089 -0.310582 6
    endloop
  endfacet
  facet normal 0 0 1
    outer loop
      vertex 4.4615 -0.587367 6
      vertex 6.34089 -0.310582 6
      vertex 6.31027 -0.156631 6
    endloop
  endfacet
  facet normal -0 0 1
    outer loop
      vertex 4.5 0 6
      vertex 6.31027 -0.156631 6
      vertex 6.3 0 6
    endloop
  endfacet
  facet normal 0 0 1
    outer loop
      vertex 6.31027 -0.156631 6
      vertex 4.5 0 6
      vertex 4.4615 -0.587367 6
    endloop
  endfacet
  facet normal 0 0 1
    outer loop
      vertex 6.46077 -0.599999 6
      vertex 4.4615 -0.587367 6
      vertex 4.34667 -1.16469 6
    endloop
  endfacet
  facet normal 0 0 1
    outer loop
      vertex 6.65147 -0.848528 6
      vertex 4.34667 -1.16469 6
      vertex 4.15746 -1.72207 6
    endloop
  endfacet
  facet normal 0 0 1
    outer loop
      vertex 6.9 -1.03923 6
      vertex 4.15746 -1.72207 6
      vertex 3.89711 -2.25 6
    endloop
  endfacet
  facet normal 0 0 1
    outer loop
      vertex 7.18942 -1.15911 6
      vertex 3.89711 -2.25 6
      vertex 3.57009 -2.73943 6
    endloop
  endfacet
  facet normal 0 0 1
    outer loop
      vertex 7.5 -1.2 6
      vertex 3.57009 -2.73943 6
      vertex 3.18198 -3.18198 6
    endloop
  endfacet
  facet normal 0 0 1
    outer loop
      vertex 7.5 -1.2 6
      vertex 3.18198 -3.18198 6
      vertex 1.18973 -7.65663 6
    endloop
  endfacet
  facet normal 0 0 1
    outer loop
      vertex 1.2 -7.5 6
      vertex 3.18198 -3.18198 6
      vertex 2.73943 -3.57009 6
    endloop
  endfacet
  facet normal 0 0 1
    outer loop
      vertex 1.18973 -7.34337 6
      vertex 2.73943 -3.57009 6
      vertex 2.25 -3.89711 6
    endloop
  endfacet
  facet normal 0 0 1
    outer loop
      vertex 1.03923 -6.9 6
      vertex 2.25 -3.89711 6
      vertex 1.72207 -4.15746 6
    endloop
  endfacet
  facet normal 0 0 1
    outer loop
      vertex 3.18198 -3.18198 6
      vertex 1.2 -7.5 6
      vertex 1.18973 -7.65663 6
    endloop
  endfacet
  facet normal 0 0 1
    outer loop
      vertex 7.65663 -1.18973 6
      vertex 1.18973 -7.65663 6
      vertex 1.15911 -7.81058 6
    endloop
  endfacet
  facet normal 0 0 1
    outer loop
      vertex 7.81058 -1.15911 6
      vertex 1.15911 -7.81058 6
      vertex 1.10865 -7.95922 6
    endloop
  endfacet
  facet normal 0 0 1
    outer loop
      vertex 7.95922 -1.10865 6
      vertex 1.10865 -7.95922 6
      vertex 1.03923 -8.1 6
    endloop
  endfacet
  facet normal -0 0 1
    outer loop
      vertex 0.730514 -8.45202 6
      vertex 26 -45.0333 6
      vertex 0.848528 -8.34853 6
    endloop
  endfacet
  facet normal 0 0 1
    outer loop
      vertex 26 -45.0333 6
      vertex 0.730514 -8.45202 6
      vertex 19.8995 -48.0417 6
    endloop
  endfacet
  facet normal -0 0 1
    outer loop
      vertex 0.599999 -8.53923 6
      vertex 19.8995 -48.0417 6
      vertex 0.730514 -8.45202 6
    endloop
  endfacet
  facet normal -0 0 1
    outer loop
      vertex 0.45922 -8.60865 6
      vertex 19.8995 -48.0417 6
      vertex 0.599999 -8.53923 6
    endloop
  endfacet
  facet normal 0 0 1
    outer loop
      vertex 19.8995 -48.0417 6
      vertex 0.45922 -8.60865 6
      vertex 13.4586 -50.2281 6
    endloop
  endfacet
  facet normal -0 0 1
    outer loop
      vertex 0.310582 -8.65911 6
      vertex 13.4586 -50.2281 6
      vertex 0.45922 -8.60865 6
    endloop
  endfacet
  facet normal 0 0 1
    outer loop
      vertex 13.4586 -50.2281 6
      vertex 0.310582 -8.65911 6
      vertex 6.78736 -51.5551 6
    endloop
  endfacet
  facet normal -0 0 1
    outer loop
      vertex 0.156631 -8.68973 6
      vertex 6.78736 -51.5551 6
      vertex 0.310582 -8.65911 6
    endloop
  endfacet
  facet normal 0 0 1
    outer loop
      vertex 0 -52 6
      vertex 0.156631 -8.68973 6
      vertex 0 -8.7 6
    endloop
  endfacet
  facet normal 0 0 1
    outer loop
      vertex 0.156631 -8.68973 6
      vertex 0 -52 6
      vertex 6.78736 -51.5551 6
    endloop
  endfacet
  facet normal 0 0 1
    outer loop
      vertex -0.156631 -8.68973 6
      vertex 0 -52 6
      vertex 0 -8.7 6
    endloop
  endfacet
  facet normal 0 0 1
    outer loop
      vertex -6.78736 -51.5551 6
      vertex -0.156631 -8.68973 6
      vertex -0.310582 -8.65911 6
    endloop
  endfacet
  facet normal 0 0 1
    outer loop
      vertex -13.4586 -50.2281 6
      vertex -0.310582 -8.65911 6
      vertex -0.45922 -8.60865 6
    endloop
  endfacet
  facet normal 0 0 1
    outer loop
      vertex -19.8995 -48.0417 6
      vertex -0.45922 -8.60865 6
      vertex -0.599999 -8.53923 6
    endloop
  endfacet
  facet normal 0 0 1
    outer loop
      vertex -19.8995 -48.0417 6
      vertex -0.599999 -8.53923 6
      vertex -0.730514 -8.45202 6
    endloop
  endfacet
  facet normal 0 0 1
    outer loop
      vertex -26 -45.0333 6
      vertex -0.730514 -8.45202 6
      vertex -0.848528 -8.34853 6
    endloop
  endfacet
  facet normal 0 0 1
    outer loop
      vertex -8.1 -1.03923 6
      vertex -33.7443 -11.8365 6
      vertex -1.03923 -8.1 6
    endloop
  endfacet
  facet normal 0 0 1
    outer loop
      vertex -33.7443 -11.8365 6
      vertex -8.1 -1.03923 6
      vertex -33.7111 -11.6697 6
    endloop
  endfacet
  facet normal 0 0 1
    outer loop
      vertex -8.1 -1.03923 6
      vertex -1.03923 -8.1 6
      vertex -1.10865 -7.95922 6
    endloop
  endfacet
  facet normal 0 0 1
    outer loop
      vertex -7.95922 -1.10865 6
      vertex -1.10865 -7.95922 6
      vertex -1.15911 -7.81058 6
    endloop
  endfacet
  facet normal 0 0 1
    outer loop
      vertex -7.81058 -1.15911 6
      vertex -1.15911 -7.81058 6
      vertex -1.18973 -7.65663 6
    endloop
  endfacet
  facet normal 0 0 1
    outer loop
      vertex -7.65663 -1.18973 6
      vertex -1.18973 -7.65663 6
      vertex -1.2 -7.5 6
    endloop
  endfacet
  facet normal 0 0 1
    outer loop
      vertex -1.15911 -7.18942 6
      vertex -2.73943 -3.57009 6
      vertex -1.18973 -7.34337 6
    endloop
  endfacet
  facet normal 0 0 1
    outer loop
      vertex -1.18973 -7.34337 6
      vertex -2.73943 -3.57009 6
      vertex -1.2 -7.5 6
    endloop
  endfacet
  facet normal 0 0 1
    outer loop
      vertex -3.18198 -3.18198 6
      vertex -1.2 -7.5 6
      vertex -2.73943 -3.57009 6
    endloop
  endfacet
  facet normal 0 0 1
    outer loop
      vertex -1.2 -7.5 6
      vertex -3.18198 -3.18198 6
      vertex -7.65663 -1.18973 6
    endloop
  endfacet
  facet normal 0 0 1
    outer loop
      vertex -7.5 -1.2 6
      vertex -3.18198 -3.18198 6
      vertex -3.57009 -2.73943 6
    endloop
  endfacet
  facet normal 0 0 1
    outer loop
      vertex -7.18942 -1.15911 6
      vertex -3.57009 -2.73943 6
      vertex -3.89711 -2.25 6
    endloop
  endfacet
  facet normal 0 0 1
    outer loop
      vertex -6.9 -1.03923 6
      vertex -3.89711 -2.25 6
      vertex -4.15746 -1.72207 6
    endloop
  endfacet
  facet normal 0 0 1
    outer loop
      vertex -6.65147 -0.848528 6
      vertex -4.15746 -1.72207 6
      vertex -4.34667 -1.16469 6
    endloop
  endfacet
  facet normal -0 0 1
    outer loop
      vertex -6.46077 -0.599999 6
      vertex -4.34667 -1.16469 6
      vertex -4.4615 -0.587367 6
    endloop
  endfacet
  facet normal 0 0 1
    outer loop
      vertex -6.31027 -0.156631 6
      vertex -4.5 0 6
      vertex -6.3 0 6
    endloop
  endfacet
  facet normal 0 0 1
    outer loop
      vertex -4.5 0 6
      vertex -6.31027 -0.156631 6
      vertex -4.4615 -0.587367 6
    endloop
  endfacet
  facet normal -0 0 1
    outer loop
      vertex -6.34089 -0.310582 6
      vertex -4.4615 -0.587367 6
      vertex -6.31027 -0.156631 6
    endloop
  endfacet
  facet normal -0 0 1
    outer loop
      vertex -6.39134 -0.45922 6
      vertex -4.4615 -0.587367 6
      vertex -6.34089 -0.310582 6
    endloop
  endfacet
  facet normal 0 0 1
    outer loop
      vertex -6.46077 -0.599999 6
      vertex -4.4615 -0.587367 6
      vertex -6.39134 -0.45922 6
    endloop
  endfacet
  facet normal 0 0 1
    outer loop
      vertex -4.34667 -1.16469 6
      vertex -6.46077 -0.599999 6
      vertex -6.54798 -0.730514 6
    endloop
  endfacet
  facet normal 0 0 1
    outer loop
      vertex -4.34667 -1.16469 6
      vertex -6.54798 -0.730514 6
      vertex -6.65147 -0.848528 6
    endloop
  endfacet
  facet normal 0 0 1
    outer loop
      vertex -4.15746 -1.72207 6
      vertex -6.65147 -0.848528 6
      vertex -6.76949 -0.952024 6
    endloop
  endfacet
  facet normal 0 0 1
    outer loop
      vertex -4.15746 -1.72207 6
      vertex -6.76949 -0.952024 6
      vertex -6.9 -1.03923 6
    endloop
  endfacet
  facet normal 0 0 1
    outer loop
      vertex -3.89711 -2.25 6
      vertex -6.9 -1.03923 6
      vertex -7.04078 -1.10865 6
    endloop
  endfacet
  facet normal 0 0 1
    outer loop
      vertex -3.89711 -2.25 6
      vertex -7.04078 -1.10865 6
      vertex -7.18942 -1.15911 6
    endloop
  endfacet
  facet normal 0 0 1
    outer loop
      vertex -3.57009 -2.73943 6
      vertex -7.18942 -1.15911 6
      vertex -7.34337 -1.18973 6
    endloop
  endfacet
  facet normal 0 0 1
    outer loop
      vertex -0.156631 -8.68973 6
      vertex -6.78736 -51.5551 6
      vertex 0 -52 6
    endloop
  endfacet
  facet normal 0 0 1
    outer loop
      vertex -3.57009 -2.73943 6
      vertex -7.34337 -1.18973 6
      vertex -7.5 -1.2 6
    endloop
  endfacet
  facet normal 0 0 1
    outer loop
      vertex -3.18198 -3.18198 6
      vertex -7.5 -1.2 6
      vertex -7.65663 -1.18973 6
    endloop
  endfacet
  facet normal 0 0 1
    outer loop
      vertex -1.18973 -7.65663 6
      vertex -7.65663 -1.18973 6
      vertex -7.81058 -1.15911 6
    endloop
  endfacet
  facet normal 0 0 1
    outer loop
      vertex -1.15911 -7.81058 6
      vertex -7.81058 -1.15911 6
      vertex -7.95922 -1.10865 6
    endloop
  endfacet
  facet normal 0 0 1
    outer loop
      vertex -1.10865 -7.95922 6
      vertex -7.95922 -1.10865 6
      vertex -8.1 -1.03923 6
    endloop
  endfacet
  facet normal 0 0 1
    outer loop
      vertex -8.23051 -0.952024 6
      vertex -33.7111 -11.6697 6
      vertex -8.1 -1.03923 6
    endloop
  endfacet
  facet normal 0 0 1
    outer loop
      vertex -33.7111 -11.6697 6
      vertex -8.23051 -0.952024 6
      vertex -33.7 -11.5 6
    endloop
  endfacet
  facet normal 0 0 1
    outer loop
      vertex -33.7 -11.5 6
      vertex -8.23051 -0.952024 6
      vertex -8.34853 -0.848528 6
    endloop
  endfacet
  facet normal 0 0 1
    outer loop
      vertex -33.7 -11.5 6
      vertex -8.34853 -0.848528 6
      vertex -8.45202 -0.730514 6
    endloop
  endfacet
  facet normal 0 0 1
    outer loop
      vertex -33.7 -11.5 6
      vertex -8.45202 -0.730514 6
      vertex -8.53923 -0.599999 6
    endloop
  endfacet
  facet normal 0 0 1
    outer loop
      vertex -8.65911 -0.310582 6
      vertex -33.7 -11.5 6
      vertex -8.60865 -0.45922 6
    endloop
  endfacet
  facet normal 0 0 1
    outer loop
      vertex -8.68973 -0.156631 6
      vertex -33.7 -11.5 6
      vertex -8.65911 -0.310582 6
    endloop
  endfacet
  facet normal 0 0 1
    outer loop
      vertex -8.7 0 6
      vertex -33.7 -11.5 6
      vertex -8.68973 -0.156631 6
    endloop
  endfacet
  facet normal 0 0 1
    outer loop
      vertex -8.60865 0.45922 6
      vertex -33.799 11.0025 6
      vertex -8.65911 0.310582 6
    endloop
  endfacet
  facet normal 0 0 1
    outer loop
      vertex -8.23051 0.952024 6
      vertex -33.7 11.5 6
      vertex -8.34853 0.848528 6
    endloop
  endfacet
  facet normal 0 0 1
    outer loop
      vertex -8.60865 -0.45922 6
      vertex -33.7 -11.5 6
      vertex -8.53923 -0.599999 6
    endloop
  endfacet
  facet normal 0 0 1
    outer loop
      vertex -8.34853 0.848528 6
      vertex -33.7 11.5 6
      vertex -8.45202 0.730514 6
    endloop
  endfacet
  facet normal 0 0 1
    outer loop
      vertex -0.310582 -8.65911 6
      vertex -13.4586 -50.2281 6
      vertex -6.78736 -51.5551 6
    endloop
  endfacet
  facet normal -0 0 1
    outer loop
      vertex -33.7111 11.3303 6
      vertex -8.45202 0.730514 6
      vertex -33.7 11.5 6
    endloop
  endfacet
  facet normal 0 0 1
    outer loop
      vertex -0.45922 -8.60865 6
      vertex -19.8995 -48.0417 6
      vertex -13.4586 -50.2281 6
    endloop
  endfacet
  facet normal 0 0 1
    outer loop
      vertex -33.9686 12.2914 6
      vertex -26 45.0333 6
      vertex -31.6556 41.2544 6
    endloop
  endfacet
  facet normal 0 0 1
    outer loop
      vertex -0.730514 -8.45202 6
      vertex -26 -45.0333 6
      vertex -19.8995 -48.0417 6
    endloop
  endfacet
  facet normal 0 0 1
    outer loop
      vertex -33.799 -11.9975 6
      vertex -1.03923 -8.1 6
      vertex -33.7443 -11.8365 6
    endloop
  endfacet
  facet normal -0 0 1
    outer loop
      vertex -33.799 11.0025 6
      vertex -8.60865 0.45922 6
      vertex -33.7443 11.1635 6
    endloop
  endfacet
  facet normal 0 0 1
    outer loop
      vertex -8.53923 0.599999 6
      vertex -33.7443 11.1635 6
      vertex -8.60865 0.45922 6
    endloop
  endfacet
  facet normal -0 0 1
    outer loop
      vertex -33.7443 11.1635 6
      vertex -8.53923 0.599999 6
      vertex -33.7111 11.3303 6
    endloop
  endfacet
  facet normal 0 0 1
    outer loop
      vertex -8.45202 0.730514 6
      vertex -33.7111 11.3303 6
      vertex -8.53923 0.599999 6
    endloop
  endfacet
  facet normal 0 0 1
    outer loop
      vertex -26 45.0333 6
      vertex -33.9686 12.2914 6
      vertex -33.8742 12.15 6
    endloop
  endfacet
  facet normal 0 0 1
    outer loop
      vertex -31.6556 41.2544 6
      vertex -34.0808 12.4192 6
      vertex -33.9686 12.2914 6
    endloop
  endfacet
  facet normal 0 0 1
    outer loop
      vertex -31.6556 41.2544 6
      vertex -34.2086 12.5314 6
      vertex -34.0808 12.4192 6
    endloop
  endfacet
  facet normal -0 0 1
    outer loop
      vertex -36.7696 36.7696 6
      vertex -34.2086 12.5314 6
      vertex -31.6556 41.2544 6
    endloop
  endfacet
  facet normal 0 0 1
    outer loop
      vertex -34.2086 12.5314 6
      vertex -36.7696 36.7696 6
      vertex -34.35 12.6258 6
    endloop
  endfacet
  facet normal 0 0 1
    outer loop
      vertex -34.35 12.6258 6
      vertex -36.7696 36.7696 6
      vertex -34.5025 12.701 6
    endloop
  endfacet
  facet normal -0 0 1
    outer loop
      vertex -41.2544 31.6556 6
      vertex -34.5025 12.701 6
      vertex -36.7696 36.7696 6
    endloop
  endfacet
  facet normal 0 0 1
    outer loop
      vertex -34.5025 12.701 6
      vertex -41.2544 31.6556 6
      vertex -34.6635 12.7557 6
    endloop
  endfacet
  facet normal 0 0 1
    outer loop
      vertex -34.6635 12.7557 6
      vertex -41.2544 31.6556 6
      vertex -34.8303 12.7889 6
    endloop
  endfacet
  facet normal 0 0 1
    outer loop
      vertex -34.8303 12.7889 6
      vertex -41.2544 31.6556 6
      vertex -35 12.8 6
    endloop
  endfacet
  facet normal -0 0 1
    outer loop
      vertex -45.0333 26 6
      vertex -35 12.8 6
      vertex -41.2544 31.6556 6
    endloop
  endfacet
  facet normal 0 0 1
    outer loop
      vertex -35 12.8 6
      vertex -45.0333 26 6
      vertex -35.1697 12.7889 6
    endloop
  endfacet
  facet normal 0 0 1
    outer loop
      vertex -35.1697 12.7889 6
      vertex -45.0333 26 6
      vertex -35.3365 12.7557 6
    endloop
  endfacet
  facet normal 0 0 1
    outer loop
      vertex -35.3365 12.7557 6
      vertex -45.0333 26 6
      vertex -35.4975 12.701 6
    endloop
  endfacet
  facet normal 0 0 1
    outer loop
      vertex -35.4975 12.701 6
      vertex -45.0333 26 6
      vertex -35.65 12.6258 6
    endloop
  endfacet
  facet normal -0 0 1
    outer loop
      vertex -48.0417 19.8995 6
      vertex -35.65 12.6258 6
      vertex -45.0333 26 6
    endloop
  endfacet
  facet normal 0 0 1
    outer loop
      vertex -35.65 12.6258 6
      vertex -48.0417 19.8995 6
      vertex -35.7914 12.5314 6
    endloop
  endfacet
  facet normal 0 0 1
    outer loop
      vertex -35.7914 12.5314 6
      vertex -48.0417 19.8995 6
      vertex -35.9192 12.4192 6
    endloop
  endfacet
  facet normal 0 0 1
    outer loop
      vertex -35.9192 12.4192 6
      vertex -48.0417 19.8995 6
      vertex -36.0314 12.2914 6
    endloop
  endfacet
  facet normal -0 0 1
    outer loop
      vertex -50.2281 13.4586 6
      vertex -36.201 11.9975 6
      vertex -48.0417 19.8995 6
    endloop
  endfacet
  facet normal 0 0 1
    outer loop
      vertex -36.1258 12.15 6
      vertex -48.0417 19.8995 6
      vertex -36.201 11.9975 6
    endloop
  endfacet
  facet normal 0 0 1
    outer loop
      vertex -36.0314 12.2914 6
      vertex -48.0417 19.8995 6
      vertex -36.1258 12.15 6
    endloop
  endfacet
  facet normal 0 0 1
    outer loop
      vertex 2.73943 3.57009 6
      vertex 1.15911 7.18942 6
      vertex 2.25 3.89711 6
    endloop
  endfacet
  facet normal -0 0 1
    outer loop
      vertex 1.10865 7.04078 6
      vertex 2.25 3.89711 6
      vertex 1.15911 7.18942 6
    endloop
  endfacet
  facet normal -0 0 1
    outer loop
      vertex 1.03923 6.9 6
      vertex 2.25 3.89711 6
      vertex 1.10865 7.04078 6
    endloop
  endfacet
  facet normal 0 0 1
    outer loop
      vertex 2.25 3.89711 6
      vertex 1.03923 6.9 6
      vertex 1.72207 4.15746 6
    endloop
  endfacet
  facet normal -0 0 1
    outer loop
      vertex 0.952024 6.76949 6
      vertex 1.72207 4.15746 6
      vertex 1.03923 6.9 6
    endloop
  endfacet
  facet normal -0 0 1
    outer loop
      vertex 0.848528 6.65147 6
      vertex 1.72207 4.15746 6
      vertex 0.952024 6.76949 6
    endloop
  endfacet
  facet normal 0 0 1
    outer loop
      vertex 1.72207 4.15746 6
      vertex 0.848528 6.65147 6
      vertex 1.16469 4.34667 6
    endloop
  endfacet
  facet normal -0 0 1
    outer loop
      vertex 0.730514 6.54798 6
      vertex 1.16469 4.34667 6
      vertex 0.848528 6.65147 6
    endloop
  endfacet
  facet normal -0 0 1
    outer loop
      vertex 0.599999 6.46077 6
      vertex 1.16469 4.34667 6
      vertex 0.730514 6.54798 6
    endloop
  endfacet
  facet normal 0 0 1
    outer loop
      vertex 0.599999 6.46077 6
      vertex 0.587367 4.4615 6
      vertex 1.16469 4.34667 6
    endloop
  endfacet
  facet normal -0 0 1
    outer loop
      vertex 0.45922 6.39134 6
      vertex 0.587367 4.4615 6
      vertex 0.599999 6.46077 6
    endloop
  endfacet
  facet normal -0 0 1
    outer loop
      vertex 0.310582 6.34089 6
      vertex 0.587367 4.4615 6
      vertex 0.45922 6.39134 6
    endloop
  endfacet
  facet normal -0 0 1
    outer loop
      vertex 0.156631 6.31027 6
      vertex 0.587367 4.4615 6
      vertex 0.310582 6.34089 6
    endloop
  endfacet
  facet normal 0 0 1
    outer loop
      vertex 0 4.5 6
      vertex 0.156631 6.31027 6
      vertex 0 6.3 6
    endloop
  endfacet
  facet normal 0 0 1
    outer loop
      vertex 0.156631 6.31027 6
      vertex 0 4.5 6
      vertex 0.587367 4.4615 6
    endloop
  endfacet
  facet normal 0 0 1
    outer loop
      vertex -0.156631 6.31027 6
      vertex 0 4.5 6
      vertex 0 6.3 6
    endloop
  endfacet
  facet normal 0 0 1
    outer loop
      vertex -0.587367 4.4615 6
      vertex -0.156631 6.31027 6
      vertex -0.310582 6.34089 6
    endloop
  endfacet
  facet normal 0 0 1
    outer loop
      vertex -0.587367 4.4615 6
      vertex -0.310582 6.34089 6
      vertex -0.45922 6.39134 6
    endloop
  endfacet
  facet normal 0 0 1
    outer loop
      vertex -0.156631 6.31027 6
      vertex -0.587367 4.4615 6
      vertex 0 4.5 6
    endloop
  endfacet
  facet normal 0 0 1
    outer loop
      vertex -0.599999 6.46077 6
      vertex -0.587367 4.4615 6
      vertex -0.45922 6.39134 6
    endloop
  endfacet
  facet normal 0 0 1
    outer loop
      vertex -1.16469 4.34667 6
      vertex -0.599999 6.46077 6
      vertex -0.730514 6.54798 6
    endloop
  endfacet
  facet normal 0 0 1
    outer loop
      vertex -1.16469 4.34667 6
      vertex -0.730514 6.54798 6
      vertex -0.848528 6.65147 6
    endloop
  endfacet
  facet normal 0 0 1
    outer loop
      vertex -1.72207 4.15746 6
      vertex -0.848528 6.65147 6
      vertex -0.952024 6.76949 6
    endloop
  endfacet
  facet normal 0 0 1
    outer loop
      vertex -1.72207 4.15746 6
      vertex -0.952024 6.76949 6
      vertex -1.03923 6.9 6
    endloop
  endfacet
  facet normal 0 0 1
    outer loop
      vertex -2.25 3.89711 6
      vertex -1.03923 6.9 6
      vertex -1.10865 7.04078 6
    endloop
  endfacet
  facet normal 0 0 1
    outer loop
      vertex -2.25 3.89711 6
      vertex -1.10865 7.04078 6
      vertex -1.15911 7.18942 6
    endloop
  endfacet
  facet normal 0 0 1
    outer loop
      vertex -0.599999 6.46077 6
      vertex -1.16469 4.34667 6
      vertex -0.587367 4.4615 6
    endloop
  endfacet
  facet normal 0 0 1
    outer loop
      vertex -2.73943 3.57009 6
      vertex -1.15911 7.18942 6
      vertex -1.18973 7.34337 6
    endloop
  endfacet
  facet normal 0 0 1
    outer loop
      vertex -2.73943 3.57009 6
      vertex -1.18973 7.34337 6
      vertex -1.2 7.5 6
    endloop
  endfacet
  facet normal 0 0 1
    outer loop
      vertex -0.848528 6.65147 6
      vertex -1.72207 4.15746 6
      vertex -1.16469 4.34667 6
    endloop
  endfacet
  facet normal -0 0 1
    outer loop
      vertex 36.201 11.0025 6
      vertex 51.5551 6.78736 6
      vertex 36.2557 11.1635 6
    endloop
  endfacet
  facet normal 0 0 1
    outer loop
      vertex 52 0 6
      vertex 36.2889 -11.3303 6
      vertex 36.3 -11.5 6
    endloop
  endfacet
  facet normal -0 0 1
    outer loop
      vertex 36.1258 10.85 6
      vertex 51.5551 6.78736 6
      vertex 36.201 11.0025 6
    endloop
  endfacet
  facet normal 0 0 1
    outer loop
      vertex 52 0 6
      vertex 36.2557 -11.1635 6
      vertex 36.2889 -11.3303 6
    endloop
  endfacet
  facet normal -0 0 1
    outer loop
      vertex 36.0314 10.7086 6
      vertex 51.5551 6.78736 6
      vertex 36.1258 10.85 6
    endloop
  endfacet
  facet normal 0 0 1
    outer loop
      vertex 52 0 6
      vertex 36.201 -11.0025 6
      vertex 36.2557 -11.1635 6
    endloop
  endfacet
  facet normal -0 0 1
    outer loop
      vertex 35.9192 10.5808 6
      vertex 51.5551 6.78736 6
      vertex 36.0314 10.7086 6
    endloop
  endfacet
  facet normal 0 0 1
    outer loop
      vertex 52 0 6
      vertex 36.1258 -10.85 6
      vertex 36.201 -11.0025 6
    endloop
  endfacet
  facet normal -0 0 1
    outer loop
      vertex 35.7914 10.4686 6
      vertex 51.5551 6.78736 6
      vertex 35.9192 10.5808 6
    endloop
  endfacet
  facet normal 0 0 1
    outer loop
      vertex 52 0 6
      vertex 36.0314 -10.7086 6
      vertex 36.1258 -10.85 6
    endloop
  endfacet
  facet normal 0 0 1
    outer loop
      vertex 51.5551 6.78736 6
      vertex 35.7914 10.4686 6
      vertex 52 0 6
    endloop
  endfacet
  facet normal 0 0 1
    outer loop
      vertex 52 0 6
      vertex 35.9192 -10.5808 6
      vertex 36.0314 -10.7086 6
    endloop
  endfacet
  facet normal -0 0 1
    outer loop
      vertex 35.65 10.3742 6
      vertex 52 0 6
      vertex 35.7914 10.4686 6
    endloop
  endfacet
  facet normal 0 0 1
    outer loop
      vertex 52 0 6
      vertex 35.7914 -10.4686 6
      vertex 35.9192 -10.5808 6
    endloop
  endfacet
  facet normal -0 0 1
    outer loop
      vertex 35.4975 10.299 6
      vertex 52 0 6
      vertex 35.65 10.3742 6
    endloop
  endfacet
  facet normal 0 0 1
    outer loop
      vertex 52 0 6
      vertex 35.65 -10.3742 6
      vertex 35.7914 -10.4686 6
    endloop
  endfacet
  facet normal 0 0 1
    outer loop
      vertex 35.4975 -10.299 6
      vertex 52 0 6
      vertex 35.4975 10.299 6
    endloop
  endfacet
  facet normal 0 0 1
    outer loop
      vertex 52 0 6
      vertex 35.4975 -10.299 6
      vertex 35.65 -10.3742 6
    endloop
  endfacet
  facet normal -0 0 1
    outer loop
      vertex 35.3365 10.2443 6
      vertex 35.4975 -10.299 6
      vertex 35.4975 10.299 6
    endloop
  endfacet
  facet normal 0 0 1
    outer loop
      vertex 35.3365 10.2443 6
      vertex 35.3365 -10.2443 6
      vertex 35.4975 -10.299 6
    endloop
  endfacet
  facet normal -0 0 1
    outer loop
      vertex 35.1697 10.2111 6
      vertex 35.3365 -10.2443 6
      vertex 35.3365 10.2443 6
    endloop
  endfacet
  facet normal 0 0 1
    outer loop
      vertex 35.1697 10.2111 6
      vertex 35.1697 -10.2111 6
      vertex 35.3365 -10.2443 6
    endloop
  endfacet
  facet normal -0 0 1
    outer loop
      vertex 35 10.2 6
      vertex 35.1697 -10.2111 6
      vertex 35.1697 10.2111 6
    endloop
  endfacet
  facet normal 0 0 1
    outer loop
      vertex 35 10.2 6
      vertex 35 -10.2 6
      vertex 35.1697 -10.2111 6
    endloop
  endfacet
  facet normal 0 0 1
    outer loop
      vertex 34.8303 10.2111 6
      vertex 35 -10.2 6
      vertex 35 10.2 6
    endloop
  endfacet
  facet normal 0 0 1
    outer loop
      vertex 34.8303 10.2111 6
      vertex 34.8303 -10.2111 6
      vertex 35 -10.2 6
    endloop
  endfacet
  facet normal 0 0 1
    outer loop
      vertex 34.6635 10.2443 6
      vertex 34.8303 -10.2111 6
      vertex 34.8303 10.2111 6
    endloop
  endfacet
  facet normal 0 0 1
    outer loop
      vertex 34.6635 10.2443 6
      vertex 34.6635 -10.2443 6
      vertex 34.8303 -10.2111 6
    endloop
  endfacet
  facet normal 0 0 1
    outer loop
      vertex 34.5025 10.299 6
      vertex 34.6635 -10.2443 6
      vertex 34.6635 10.2443 6
    endloop
  endfacet
  facet normal 0 0 1
    outer loop
      vertex 34.5025 10.299 6
      vertex 34.5025 -10.299 6
      vertex 34.6635 -10.2443 6
    endloop
  endfacet
  facet normal 0 0 1
    outer loop
      vertex 34.35 10.3742 6
      vertex 34.5025 -10.299 6
      vertex 34.5025 10.299 6
    endloop
  endfacet
  facet normal 0 0 1
    outer loop
      vertex 34.35 10.3742 6
      vertex 34.35 -10.3742 6
      vertex 34.5025 -10.299 6
    endloop
  endfacet
  facet normal 0 0 1
    outer loop
      vertex 34.2086 10.4686 6
      vertex 34.35 -10.3742 6
      vertex 34.35 10.3742 6
    endloop
  endfacet
  facet normal 0 0 1
    outer loop
      vertex 34.2086 10.4686 6
      vertex 34.2086 -10.4686 6
      vertex 34.35 -10.3742 6
    endloop
  endfacet
  facet normal 0 0 1
    outer loop
      vertex 34.0808 10.5808 6
      vertex 34.2086 -10.4686 6
      vertex 34.2086 10.4686 6
    endloop
  endfacet
  facet normal 0 0 1
    outer loop
      vertex 34.0808 10.5808 6
      vertex 34.0808 -10.5808 6
      vertex 34.2086 -10.4686 6
    endloop
  endfacet
  facet normal 0 0 1
    outer loop
      vertex 8.7 0 6
      vertex 34.0808 10.5808 6
      vertex 33.9686 10.7086 6
    endloop
  endfacet
  facet normal 0 0 1
    outer loop
      vertex 34.0808 10.5808 6
      vertex 8.7 0 6
      vertex 34.0808 -10.5808 6
    endloop
  endfacet
  facet normal 0 0 1
    outer loop
      vertex 8.68973 0.156631 6
      vertex 33.9686 10.7086 6
      vertex 33.8742 10.85 6
    endloop
  endfacet
  facet normal 0 0 1
    outer loop
      vertex 34.0808 -10.5808 6
      vertex 8.7 0 6
      vertex 33.9686 -10.7086 6
    endloop
  endfacet
  facet normal 0 0 1
    outer loop
      vertex 8.65911 0.310582 6
      vertex 33.8742 10.85 6
      vertex 33.799 11.0025 6
    endloop
  endfacet
  facet normal -0 0 1
    outer loop
      vertex 8.68973 -0.156631 6
      vertex 33.9686 -10.7086 6
      vertex 8.7 0 6
    endloop
  endfacet
  facet normal 0 0 1
    outer loop
      vertex 8.60865 0.45922 6
      vertex 33.799 11.0025 6
      vertex 33.7443 11.1635 6
    endloop
  endfacet
  facet normal 0 0 1
    outer loop
      vertex 33.9686 -10.7086 6
      vertex 8.68973 -0.156631 6
      vertex 33.8742 -10.85 6
    endloop
  endfacet
  facet normal 0 0 1
    outer loop
      vertex 8.53923 0.599999 6
      vertex 33.7443 11.1635 6
      vertex 33.7111 11.3303 6
    endloop
  endfacet
  facet normal -0 0 1
    outer loop
      vertex 8.65911 -0.310582 6
      vertex 33.8742 -10.85 6
      vertex 8.68973 -0.156631 6
    endloop
  endfacet
  facet normal 0 0 1
    outer loop
      vertex 8.45202 0.730514 6
      vertex 33.7111 11.3303 6
      vertex 33.7 11.5 6
    endloop
  endfacet
  facet normal 0 0 1
    outer loop
      vertex 33.8742 -10.85 6
      vertex 8.65911 -0.310582 6
      vertex 33.799 -11.0025 6
    endloop
  endfacet
  facet normal 0 0 1
    outer loop
      vertex 36.2557 11.1635 6
      vertex 50.2281 13.4586 6
      vertex 36.2889 11.3303 6
    endloop
  endfacet
  facet normal 0 0 1
    outer loop
      vertex 36.2889 11.3303 6
      vertex 50.2281 13.4586 6
      vertex 36.3 11.5 6
    endloop
  endfacet
  facet normal 0 0 1
    outer loop
      vertex 50.2281 13.4586 6
      vertex 36.2557 11.1635 6
      vertex 51.5551 6.78736 6
    endloop
  endfacet
  facet normal 0 0 1
    outer loop
      vertex 36.201 11.9975 6
      vertex 50.2281 13.4586 6
      vertex 48.0417 19.8995 6
    endloop
  endfacet
  facet normal 0 0 1
    outer loop
      vertex 52 0 6
      vertex 36.3 -11.5 6
      vertex 51.5551 -6.78736 6
    endloop
  endfacet
  facet normal 0 0 1
    outer loop
      vertex 35.65 12.6258 6
      vertex 48.0417 19.8995 6
      vertex 45.0333 26 6
    endloop
  endfacet
  facet normal 0 0 1
    outer loop
      vertex 51.5551 -6.78736 6
      vertex 36.3 -11.5 6
      vertex 50.2281 -13.4586 6
    endloop
  endfacet
  facet normal 0 0 1
    outer loop
      vertex 35 12.8 6
      vertex 45.0333 26 6
      vertex 41.2544 31.6556 6
    endloop
  endfacet
  facet normal -0 0 1
    outer loop
      vertex 36.2889 -11.6697 6
      vertex 50.2281 -13.4586 6
      vertex 36.3 -11.5 6
    endloop
  endfacet
  facet normal 0 0 1
    outer loop
      vertex 34.5025 12.701 6
      vertex 41.2544 31.6556 6
      vertex 36.7696 36.7696 6
    endloop
  endfacet
  facet normal -0 0 1
    outer loop
      vertex 36.2557 -11.8365 6
      vertex 50.2281 -13.4586 6
      vertex 36.2889 -11.6697 6
    endloop
  endfacet
  facet normal -0 0 1
    outer loop
      vertex 36.201 -11.9975 6
      vertex 50.2281 -13.4586 6
      vertex 36.2557 -11.8365 6
    endloop
  endfacet
  facet normal 0 0 1
    outer loop
      vertex 50.2281 13.4586 6
      vertex 36.2889 11.6697 6
      vertex 36.3 11.5 6
    endloop
  endfacet
  facet normal 0 0 1
    outer loop
      vertex 50.2281 13.4586 6
      vertex 36.2557 11.8365 6
      vertex 36.2889 11.6697 6
    endloop
  endfacet
  facet normal 0 0 1
    outer loop
      vertex 50.2281 13.4586 6
      vertex 36.201 11.9975 6
      vertex 36.2557 11.8365 6
    endloop
  endfacet
  facet normal 0 0 1
    outer loop
      vertex 48.0417 19.8995 6
      vertex 36.1258 12.15 6
      vertex 36.201 11.9975 6
    endloop
  endfacet
  facet normal 0 0 1
    outer loop
      vertex 48.0417 19.8995 6
      vertex 36.0314 12.2914 6
      vertex 36.1258 12.15 6
    endloop
  endfacet
  facet normal 0 0 1
    outer loop
      vertex 48.0417 19.8995 6
      vertex 35.9192 12.4192 6
      vertex 36.0314 12.2914 6
    endloop
  endfacet
  facet normal 0 0 1
    outer loop
      vertex 48.0417 19.8995 6
      vertex 35.7914 12.5314 6
      vertex 35.9192 12.4192 6
    endloop
  endfacet
  facet normal 0 0 1
    outer loop
      vertex 48.0417 19.8995 6
      vertex 35.65 12.6258 6
      vertex 35.7914 12.5314 6
    endloop
  endfacet
  facet normal 0 0 1
    outer loop
      vertex 45.0333 26 6
      vertex 35.4975 12.701 6
      vertex 35.65 12.6258 6
    endloop
  endfacet
  facet normal 0 0 1
    outer loop
      vertex 45.0333 26 6
      vertex 35.3365 12.7557 6
      vertex 35.4975 12.701 6
    endloop
  endfacet
  facet normal 0 0 1
    outer loop
      vertex 45.0333 26 6
      vertex 35.1697 12.7889 6
      vertex 35.3365 12.7557 6
    endloop
  endfacet
  facet normal 0 0 1
    outer loop
      vertex 45.0333 26 6
      vertex 35 12.8 6
      vertex 35.1697 12.7889 6
    endloop
  endfacet
  facet normal 0 0 1
    outer loop
      vertex 41.2544 31.6556 6
      vertex 34.8303 12.7889 6
      vertex 35 12.8 6
    endloop
  endfacet
  facet normal 0 0 1
    outer loop
      vertex 41.2544 31.6556 6
      vertex 34.6635 12.7557 6
      vertex 34.8303 12.7889 6
    endloop
  endfacet
  facet normal 0 0 1
    outer loop
      vertex 41.2544 31.6556 6
      vertex 34.5025 12.701 6
      vertex 34.6635 12.7557 6
    endloop
  endfacet
  facet normal 0 0 1
    outer loop
      vertex 36.7696 36.7696 6
      vertex 34.35 12.6258 6
      vertex 34.5025 12.701 6
    endloop
  endfacet
  facet normal 0 0 1
    outer loop
      vertex 36.7696 36.7696 6
      vertex 34.2086 12.5314 6
      vertex 34.35 12.6258 6
    endloop
  endfacet
  facet normal 0 0 1
    outer loop
      vertex 31.6556 41.2544 6
      vertex 34.2086 12.5314 6
      vertex 36.7696 36.7696 6
    endloop
  endfacet
  facet normal 0 0 1
    outer loop
      vertex 34.2086 12.5314 6
      vertex 31.6556 41.2544 6
      vertex 34.0808 12.4192 6
    endloop
  endfacet
  facet normal 0 0 1
    outer loop
      vertex 34.0808 12.4192 6
      vertex 31.6556 41.2544 6
      vertex 33.9686 12.2914 6
    endloop
  endfacet
  facet normal 0 0 1
    outer loop
      vertex 26 45.0333 6
      vertex 33.9686 12.2914 6
      vertex 31.6556 41.2544 6
    endloop
  endfacet
  facet normal 0 0 1
    outer loop
      vertex 0.848528 8.34853 6
      vertex 33.9686 12.2914 6
      vertex 26 45.0333 6
    endloop
  endfacet
  facet normal 0 0 1
    outer loop
      vertex 33.9686 12.2914 6
      vertex 0.848528 8.34853 6
      vertex 33.8742 12.15 6
    endloop
  endfacet
  facet normal 0 -0 1
    outer loop
      vertex 1.03923 8.1 6
      vertex 33.799 11.9975 6
      vertex 0.952024 8.23051 6
    endloop
  endfacet
  facet normal 0 0 1
    outer loop
      vertex 33.8742 12.15 6
      vertex 0.952024 8.23051 6
      vertex 33.799 11.9975 6
    endloop
  endfacet
  facet normal 0 -0 1
    outer loop
      vertex 0.952024 8.23051 6
      vertex 33.8742 12.15 6
      vertex 0.848528 8.34853 6
    endloop
  endfacet
  facet normal 0 0 1
    outer loop
      vertex 50.2281 -13.4586 6
      vertex 36.201 -11.9975 6
      vertex 48.0417 -19.8995 6
    endloop
  endfacet
  facet normal -0 0 1
    outer loop
      vertex 36.1258 -12.15 6
      vertex 48.0417 -19.8995 6
      vertex 36.201 -11.9975 6
    endloop
  endfacet
  facet normal -0 0 1
    outer loop
      vertex 36.0314 -12.2914 6
      vertex 48.0417 -19.8995 6
      vertex 36.1258 -12.15 6
    endloop
  endfacet
  facet normal -0 0 1
    outer loop
      vertex 35.9192 -12.4192 6
      vertex 48.0417 -19.8995 6
      vertex 36.0314 -12.2914 6
    endloop
  endfacet
  facet normal -0 0 1
    outer loop
      vertex 35.7914 -12.5314 6
      vertex 48.0417 -19.8995 6
      vertex 35.9192 -12.4192 6
    endloop
  endfacet
  facet normal -0 0 1
    outer loop
      vertex 35.65 -12.6258 6
      vertex 48.0417 -19.8995 6
      vertex 35.7914 -12.5314 6
    endloop
  endfacet
  facet normal 0 0 1
    outer loop
      vertex 48.0417 -19.8995 6
      vertex 35.65 -12.6258 6
      vertex 45.0333 -26 6
    endloop
  endfacet
  facet normal -0 0 1
    outer loop
      vertex 35.4975 -12.701 6
      vertex 45.0333 -26 6
      vertex 35.65 -12.6258 6
    endloop
  endfacet
  facet normal -0 0 1
    outer loop
      vertex 35.3365 -12.7557 6
      vertex 45.0333 -26 6
      vertex 35.4975 -12.701 6
    endloop
  endfacet
  facet normal -0 0 1
    outer loop
      vertex 35.1697 -12.7889 6
      vertex 45.0333 -26 6
      vertex 35.3365 -12.7557 6
    endloop
  endfacet
  facet normal -0 0 1
    outer loop
      vertex 35 -12.8 6
      vertex 45.0333 -26 6
      vertex 35.1697 -12.7889 6
    endloop
  endfacet
  facet normal 0 0 1
    outer loop
      vertex 45.0333 -26 6
      vertex 35 -12.8 6
      vertex 41.2544 -31.6556 6
    endloop
  endfacet
  facet normal 0 0 1
    outer loop
      vertex 34.8303 -12.7889 6
      vertex 41.2544 -31.6556 6
      vertex 35 -12.8 6
    endloop
  endfacet
  facet normal 0 0 1
    outer loop
      vertex 34.6635 -12.7557 6
      vertex 41.2544 -31.6556 6
      vertex 34.8303 -12.7889 6
    endloop
  endfacet
  facet normal 0 0 1
    outer loop
      vertex 34.5025 -12.701 6
      vertex 41.2544 -31.6556 6
      vertex 34.6635 -12.7557 6
    endloop
  endfacet
  facet normal 0 0 1
    outer loop
      vertex 41.2544 -31.6556 6
      vertex 34.5025 -12.701 6
      vertex 36.7696 -36.7696 6
    endloop
  endfacet
  facet normal 0 0 1
    outer loop
      vertex 34.35 -12.6258 6
      vertex 36.7696 -36.7696 6
      vertex 34.5025 -12.701 6
    endloop
  endfacet
  facet normal 0 0 1
    outer loop
      vertex 34.2086 -12.5314 6
      vertex 36.7696 -36.7696 6
      vertex 34.35 -12.6258 6
    endloop
  endfacet
  facet normal 0 0 1
    outer loop
      vertex 31.6556 -41.2544 6
      vertex 34.2086 -12.5314 6
      vertex 34.0808 -12.4192 6
    endloop
  endfacet
  facet normal 0 0 1
    outer loop
      vertex 31.6556 -41.2544 6
      vertex 34.0808 -12.4192 6
      vertex 33.9686 -12.2914 6
    endloop
  endfacet
  facet normal 0 0 1
    outer loop
      vertex 26 -45.0333 6
      vertex 33.9686 -12.2914 6
      vertex 33.8742 -12.15 6
    endloop
  endfacet
  facet normal -0 0 1
    outer loop
      vertex 8.45202 -0.730514 6
      vertex 33.7111 -11.3303 6
      vertex 8.53923 -0.599999 6
    endloop
  endfacet
  facet normal 0 0 1
    outer loop
      vertex 33.7443 -11.1635 6
      vertex 8.53923 -0.599999 6
      vertex 33.7111 -11.3303 6
    endloop
  endfacet
  facet normal -0 0 1
    outer loop
      vertex 8.53923 -0.599999 6
      vertex 33.7443 -11.1635 6
      vertex 8.60865 -0.45922 6
    endloop
  endfacet
  facet normal 0 0 1
    outer loop
      vertex 34.2086 -12.5314 6
      vertex 31.6556 -41.2544 6
      vertex 36.7696 -36.7696 6
    endloop
  endfacet
  facet normal 0 0 1
    outer loop
      vertex 33.799 -11.0025 6
      vertex 8.60865 -0.45922 6
      vertex 33.7443 -11.1635 6
    endloop
  endfacet
  facet normal 0 0 1
    outer loop
      vertex 33.7443 11.1635 6
      vertex 8.53923 0.599999 6
      vertex 8.60865 0.45922 6
    endloop
  endfacet
  facet normal 0 0 1
    outer loop
      vertex 33.799 11.9975 6
      vertex 1.03923 8.1 6
      vertex 33.7443 11.8365 6
    endloop
  endfacet
  facet normal 0 0 1
    outer loop
      vertex 33.7111 -11.3303 6
      vertex 8.45202 -0.730514 6
      vertex 33.7 -11.5 6
    endloop
  endfacet
  facet normal 0 0 1
    outer loop
      vertex 0.730514 8.45202 6
      vertex 26 45.0333 6
      vertex 19.8995 48.0417 6
    endloop
  endfacet
  facet normal 0 0 1
    outer loop
      vertex 33.9686 -12.2914 6
      vertex 26 -45.0333 6
      vertex 31.6556 -41.2544 6
    endloop
  endfacet
  facet normal 0 0 1
    outer loop
      vertex 0.45922 8.60865 6
      vertex 19.8995 48.0417 6
      vertex 13.4586 50.2281 6
    endloop
  endfacet
  facet normal -0 0 1
    outer loop
      vertex 8.34853 -0.848528 6
      vertex 33.7 -11.5 6
      vertex 8.45202 -0.730514 6
    endloop
  endfacet
  facet normal -0 0 1
    outer loop
      vertex 8.23051 -0.952024 6
      vertex 33.7 -11.5 6
      vertex 8.34853 -0.848528 6
    endloop
  endfacet
  facet normal -0 0 1
    outer loop
      vertex 8.60865 -0.45922 6
      vertex 33.799 -11.0025 6
      vertex 8.65911 -0.310582 6
    endloop
  endfacet
  facet normal 0 0 1
    outer loop
      vertex 33.9686 10.7086 6
      vertex 8.68973 0.156631 6
      vertex 8.7 0 6
    endloop
  endfacet
  facet normal 0 0 1
    outer loop
      vertex 33.8742 10.85 6
      vertex 8.65911 0.310582 6
      vertex 8.68973 0.156631 6
    endloop
  endfacet
  facet normal 0 0 1
    outer loop
      vertex 33.799 11.0025 6
      vertex 8.60865 0.45922 6
      vertex 8.65911 0.310582 6
    endloop
  endfacet
  facet normal 0 0 1
    outer loop
      vertex 33.7111 11.3303 6
      vertex 8.45202 0.730514 6
      vertex 8.53923 0.599999 6
    endloop
  endfacet
  facet normal 0 0 1
    outer loop
      vertex 33.7 11.5 6
      vertex 8.34853 0.848528 6
      vertex 8.45202 0.730514 6
    endloop
  endfacet
  facet normal 0 0 1
    outer loop
      vertex 33.7 11.5 6
      vertex 8.23051 0.952024 6
      vertex 8.34853 0.848528 6
    endloop
  endfacet
  facet normal 0 0 1
    outer loop
      vertex 33.7443 11.8365 6
      vertex 8.1 1.03923 6
      vertex 33.7111 11.6697 6
    endloop
  endfacet
  facet normal 0 0 1
    outer loop
      vertex 33.7111 11.6697 6
      vertex 8.23051 0.952024 6
      vertex 33.7 11.5 6
    endloop
  endfacet
  facet normal 0 -0 1
    outer loop
      vertex 8.23051 0.952024 6
      vertex 33.7111 11.6697 6
      vertex 8.1 1.03923 6
    endloop
  endfacet
  facet normal -0 -0 1
    outer loop
      vertex 1.10865 7.95922 6
      vertex 7.95922 1.10865 6
      vertex 1.03923 8.1 6
    endloop
  endfacet
  facet normal 0 0 1
    outer loop
      vertex 7.95922 1.10865 6
      vertex 1.10865 7.95922 6
      vertex 7.81058 1.15911 6
    endloop
  endfacet
  facet normal -0 -0 1
    outer loop
      vertex 1.15911 7.81058 6
      vertex 7.81058 1.15911 6
      vertex 1.10865 7.95922 6
    endloop
  endfacet
  facet normal 0 0 1
    outer loop
      vertex 7.81058 1.15911 6
      vertex 1.15911 7.81058 6
      vertex 7.65663 1.18973 6
    endloop
  endfacet
  facet normal -0 -0 1
    outer loop
      vertex 1.18973 7.65663 6
      vertex 7.65663 1.18973 6
      vertex 1.15911 7.81058 6
    endloop
  endfacet
  facet normal 0 0 1
    outer loop
      vertex 7.65663 1.18973 6
      vertex 1.18973 7.65663 6
      vertex 7.5 1.2 6
    endloop
  endfacet
  facet normal 0 0 1
    outer loop
      vertex 0.310582 8.65911 6
      vertex 13.4586 50.2281 6
      vertex 6.78736 51.5551 6
    endloop
  endfacet
  facet normal -0 -0 1
    outer loop
      vertex 3.18198 3.18198 6
      vertex 7.5 1.2 6
      vertex 1.18973 7.65663 6
    endloop
  endfacet
  facet normal -0 -0 1
    outer loop
      vertex 3.57009 2.73943 6
      vertex 7.5 1.2 6
      vertex 3.18198 3.18198 6
    endloop
  endfacet
  facet normal 0 0 1
    outer loop
      vertex 7.5 1.2 6
      vertex 3.57009 2.73943 6
      vertex 7.34337 1.18973 6
    endloop
  endfacet
  facet normal 0 0 1
    outer loop
      vertex 7.34337 1.18973 6
      vertex 3.57009 2.73943 6
      vertex 7.18942 1.15911 6
    endloop
  endfacet
  facet normal -0 -0 1
    outer loop
      vertex 3.89711 2.25 6
      vertex 7.18942 1.15911 6
      vertex 3.57009 2.73943 6
    endloop
  endfacet
  facet normal 0 0 1
    outer loop
      vertex 7.18942 1.15911 6
      vertex 3.89711 2.25 6
      vertex 7.04078 1.10865 6
    endloop
  endfacet
  facet normal 0 0 1
    outer loop
      vertex 7.04078 1.10865 6
      vertex 3.89711 2.25 6
      vertex 6.9 1.03923 6
    endloop
  endfacet
  facet normal 0 0 1
    outer loop
      vertex 6.76949 0.952024 6
      vertex 4.15746 1.72207 6
      vertex 6.65147 0.848528 6
    endloop
  endfacet
  facet normal 0 0 1
    outer loop
      vertex 6.65147 0.848528 6
      vertex 4.34667 1.16469 6
      vertex 6.54798 0.730514 6
    endloop
  endfacet
  facet normal 0 0 1
    outer loop
      vertex 6.31027 0.156631 6
      vertex 4.5 0 6
      vertex 6.3 0 6
    endloop
  endfacet
  facet normal 0 -0 1
    outer loop
      vertex 4.5 0 6
      vertex 6.31027 0.156631 6
      vertex 4.4615 0.587367 6
    endloop
  endfacet
  facet normal 0 0 1
    outer loop
      vertex 6.34089 0.310582 6
      vertex 4.4615 0.587367 6
      vertex 6.31027 0.156631 6
    endloop
  endfacet
  facet normal 0 0 1
    outer loop
      vertex 6.39134 0.45922 6
      vertex 4.4615 0.587367 6
      vertex 6.34089 0.310582 6
    endloop
  endfacet
  facet normal 0 0 1
    outer loop
      vertex 6.54798 0.730514 6
      vertex 4.34667 1.16469 6
      vertex 6.46077 0.599999 6
    endloop
  endfacet
  facet normal 0 -0 1
    outer loop
      vertex 4.4615 0.587367 6
      vertex 6.46077 0.599999 6
      vertex 4.34667 1.16469 6
    endloop
  endfacet
  facet normal 0 0 1
    outer loop
      vertex 6.46077 0.599999 6
      vertex 4.4615 0.587367 6
      vertex 6.39134 0.45922 6
    endloop
  endfacet
  facet normal 0 0 1
    outer loop
      vertex 6.9 1.03923 6
      vertex 4.15746 1.72207 6
      vertex 6.76949 0.952024 6
    endloop
  endfacet
  facet normal -0 -0 1
    outer loop
      vertex 1.2 7.5 6
      vertex 3.18198 3.18198 6
      vertex 1.18973 7.65663 6
    endloop
  endfacet
  facet normal -0 0 1
    outer loop
      vertex 1.18973 7.34337 6
      vertex 2.73943 3.57009 6
      vertex 1.2 7.5 6
    endloop
  endfacet
  facet normal -0 0 1
    outer loop
      vertex 1.15911 7.18942 6
      vertex 2.73943 3.57009 6
      vertex 1.18973 7.34337 6
    endloop
  endfacet
  facet normal 0 0 1
    outer loop
      vertex 3.18198 3.18198 6
      vertex 1.2 7.5 6
      vertex 2.73943 3.57009 6
    endloop
  endfacet
  facet normal -0 -0 1
    outer loop
      vertex 4.34667 1.16469 6
      vertex 6.65147 0.848528 6
      vertex 4.15746 1.72207 6
    endloop
  endfacet
  facet normal -0 -0 1
    outer loop
      vertex 4.15746 1.72207 6
      vertex 6.9 1.03923 6
      vertex 3.89711 2.25 6
    endloop
  endfacet
  facet normal 0 0 1
    outer loop
      vertex 8.1 1.03923 6
      vertex 1.03923 8.1 6
      vertex 7.95922 1.10865 6
    endloop
  endfacet
  facet normal 0 -0 1
    outer loop
      vertex 8.1 1.03923 6
      vertex 33.7443 11.8365 6
      vertex 1.03923 8.1 6
    endloop
  endfacet
  facet normal 0 0 1
    outer loop
      vertex 26 45.0333 6
      vertex 0.730514 8.45202 6
      vertex 0.848528 8.34853 6
    endloop
  endfacet
  facet normal 0 0 1
    outer loop
      vertex 19.8995 48.0417 6
      vertex 0.599999 8.53923 6
      vertex 0.730514 8.45202 6
    endloop
  endfacet
  facet normal 0 0 1
    outer loop
      vertex 19.8995 48.0417 6
      vertex 0.45922 8.60865 6
      vertex 0.599999 8.53923 6
    endloop
  endfacet
  facet normal 0 0 1
    outer loop
      vertex 13.4586 50.2281 6
      vertex 0.310582 8.65911 6
      vertex 0.45922 8.60865 6
    endloop
  endfacet
  facet normal 0 0 1
    outer loop
      vertex 6.78736 51.5551 6
      vertex 0.156631 8.68973 6
      vertex 0.310582 8.65911 6
    endloop
  endfacet
  facet normal 0 0 1
    outer loop
      vertex 0 52 6
      vertex 0.156631 8.68973 6
      vertex 6.78736 51.5551 6
    endloop
  endfacet
  facet normal 0 0 1
    outer loop
      vertex 0 52 6
      vertex 0 8.7 6
      vertex 0.156631 8.68973 6
    endloop
  endfacet
  facet normal 0 0 1
    outer loop
      vertex 0 52 6
      vertex -0.156631 8.68973 6
      vertex 0 8.7 6
    endloop
  endfacet
  facet normal -0 0 1
    outer loop
      vertex -6.78736 51.5551 6
      vertex -0.156631 8.68973 6
      vertex 0 52 6
    endloop
  endfacet
  facet normal 0 0 1
    outer loop
      vertex -0.156631 8.68973 6
      vertex -6.78736 51.5551 6
      vertex -0.310582 8.65911 6
    endloop
  endfacet
  facet normal -0 0 1
    outer loop
      vertex -13.4586 50.2281 6
      vertex -0.310582 8.65911 6
      vertex -6.78736 51.5551 6
    endloop
  endfacet
  facet normal 0 0 1
    outer loop
      vertex -0.310582 8.65911 6
      vertex -13.4586 50.2281 6
      vertex -0.45922 8.60865 6
    endloop
  endfacet
  facet normal -0 0 1
    outer loop
      vertex -19.8995 48.0417 6
      vertex -0.45922 8.60865 6
      vertex -13.4586 50.2281 6
    endloop
  endfacet
  facet normal 0 0 1
    outer loop
      vertex -0.45922 8.60865 6
      vertex -19.8995 48.0417 6
      vertex -0.599999 8.53923 6
    endloop
  endfacet
  facet normal 0 0 1
    outer loop
      vertex -0.599999 8.53923 6
      vertex -19.8995 48.0417 6
      vertex -0.730514 8.45202 6
    endloop
  endfacet
  facet normal -0 0 1
    outer loop
      vertex -26 45.0333 6
      vertex -0.730514 8.45202 6
      vertex -19.8995 48.0417 6
    endloop
  endfacet
  facet normal 0 0 1
    outer loop
      vertex -0.730514 8.45202 6
      vertex -26 45.0333 6
      vertex -0.848528 8.34853 6
    endloop
  endfacet
  facet normal 0 0 1
    outer loop
      vertex -0.848528 8.34853 6
      vertex -33.8742 12.15 6
      vertex -0.952024 8.23051 6
    endloop
  endfacet
  facet normal -0 -0 1
    outer loop
      vertex -33.799 11.9975 6
      vertex -0.952024 8.23051 6
      vertex -33.8742 12.15 6
    endloop
  endfacet
  facet normal 0 -0 1
    outer loop
      vertex -7.95922 1.10865 6
      vertex -1.10865 7.95922 6
      vertex -8.1 1.03923 6
    endloop
  endfacet
  facet normal 0 0 1
    outer loop
      vertex -1.10865 7.95922 6
      vertex -7.95922 1.10865 6
      vertex -1.15911 7.81058 6
    endloop
  endfacet
  facet normal 0 -0 1
    outer loop
      vertex -7.81058 1.15911 6
      vertex -1.15911 7.81058 6
      vertex -7.95922 1.10865 6
    endloop
  endfacet
  facet normal 0 0 1
    outer loop
      vertex -1.03923 6.9 6
      vertex -2.25 3.89711 6
      vertex -1.72207 4.15746 6
    endloop
  endfacet
  facet normal 0 0 1
    outer loop
      vertex -1.18973 7.65663 6
      vertex -7.65663 1.18973 6
      vertex -1.2 7.5 6
    endloop
  endfacet
  facet normal 0 0 1
    outer loop
      vertex -1.15911 7.18942 6
      vertex -2.73943 3.57009 6
      vertex -2.25 3.89711 6
    endloop
  endfacet
  facet normal 0 -0 1
    outer loop
      vertex -3.18198 3.18198 6
      vertex -1.2 7.5 6
      vertex -7.65663 1.18973 6
    endloop
  endfacet
  facet normal 0 0 1
    outer loop
      vertex -1.2 7.5 6
      vertex -3.18198 3.18198 6
      vertex -2.73943 3.57009 6
    endloop
  endfacet
  facet normal 0 0 1
    outer loop
      vertex -3.18198 3.18198 6
      vertex -7.5 1.2 6
      vertex -3.57009 2.73943 6
    endloop
  endfacet
  facet normal -0 0 1
    outer loop
      vertex -6.31027 0.156631 6
      vertex -4.5 0 6
      vertex -4.4615 0.587367 6
    endloop
  endfacet
  facet normal 0 0 1
    outer loop
      vertex -3.89711 2.25 6
      vertex -6.9 1.03923 6
      vertex -4.15746 1.72207 6
    endloop
  endfacet
  facet normal 0 0 1
    outer loop
      vertex -4.5 0 6
      vertex -6.31027 0.156631 6
      vertex -6.3 0 6
    endloop
  endfacet
  facet normal 0 0 1
    outer loop
      vertex -4.4615 0.587367 6
      vertex -6.34089 0.310582 6
      vertex -6.31027 0.156631 6
    endloop
  endfacet
  facet normal 0 0 1
    outer loop
      vertex -4.4615 0.587367 6
      vertex -6.39134 0.45922 6
      vertex -6.34089 0.310582 6
    endloop
  endfacet
  facet normal 0 0 1
    outer loop
      vertex -4.4615 0.587367 6
      vertex -6.46077 0.599999 6
      vertex -6.39134 0.45922 6
    endloop
  endfacet
  facet normal 0 0 1
    outer loop
      vertex -4.34667 1.16469 6
      vertex -6.46077 0.599999 6
      vertex -4.4615 0.587367 6
    endloop
  endfacet
  facet normal 0 -0 1
    outer loop
      vertex -6.46077 0.599999 6
      vertex -4.34667 1.16469 6
      vertex -6.54798 0.730514 6
    endloop
  endfacet
  facet normal 0 -0 1
    outer loop
      vertex -6.54798 0.730514 6
      vertex -4.34667 1.16469 6
      vertex -6.65147 0.848528 6
    endloop
  endfacet
  facet normal 0 -0 1
    outer loop
      vertex -7.34337 1.18973 6
      vertex -3.57009 2.73943 6
      vertex -7.5 1.2 6
    endloop
  endfacet
  facet normal 0 0 1
    outer loop
      vertex -4.15746 1.72207 6
      vertex -6.65147 0.848528 6
      vertex -4.34667 1.16469 6
    endloop
  endfacet
  facet normal 0 -0 1
    outer loop
      vertex -6.65147 0.848528 6
      vertex -4.15746 1.72207 6
      vertex -6.76949 0.952024 6
    endloop
  endfacet
  facet normal 0 -0 1
    outer loop
      vertex -6.76949 0.952024 6
      vertex -4.15746 1.72207 6
      vertex -6.9 1.03923 6
    endloop
  endfacet
  facet normal 0 -0 1
    outer loop
      vertex -6.9 1.03923 6
      vertex -3.89711 2.25 6
      vertex -7.04078 1.10865 6
    endloop
  endfacet
  facet normal 0 -0 1
    outer loop
      vertex -7.04078 1.10865 6
      vertex -3.89711 2.25 6
      vertex -7.18942 1.15911 6
    endloop
  endfacet
  facet normal 0 0 1
    outer loop
      vertex -3.57009 2.73943 6
      vertex -7.18942 1.15911 6
      vertex -3.89711 2.25 6
    endloop
  endfacet
  facet normal 0 -0 1
    outer loop
      vertex -7.18942 1.15911 6
      vertex -3.57009 2.73943 6
      vertex -7.34337 1.18973 6
    endloop
  endfacet
  facet normal 0 -0 1
    outer loop
      vertex -7.5 1.2 6
      vertex -3.18198 3.18198 6
      vertex -7.65663 1.18973 6
    endloop
  endfacet
  facet normal 0 -0 1
    outer loop
      vertex -7.65663 1.18973 6
      vertex -1.18973 7.65663 6
      vertex -7.81058 1.15911 6
    endloop
  endfacet
  facet normal 0 0 1
    outer loop
      vertex -1.15911 7.81058 6
      vertex -7.81058 1.15911 6
      vertex -1.18973 7.65663 6
    endloop
  endfacet
  facet normal 0 0 1
    outer loop
      vertex -1.03923 8.1 6
      vertex -8.1 1.03923 6
      vertex -1.10865 7.95922 6
    endloop
  endfacet
  facet normal -0 0 1
    outer loop
      vertex -33.8742 12.15 6
      vertex -0.848528 8.34853 6
      vertex -26 45.0333 6
    endloop
  endfacet
  facet normal 0 0 1
    outer loop
      vertex -0.952024 8.23051 6
      vertex -33.799 11.9975 6
      vertex -1.03923 8.1 6
    endloop
  endfacet
  facet normal -0 -0 1
    outer loop
      vertex -33.7443 11.8365 6
      vertex -1.03923 8.1 6
      vertex -33.799 11.9975 6
    endloop
  endfacet
  facet normal 0 0 1
    outer loop
      vertex -1.03923 8.1 6
      vertex -33.7443 11.8365 6
      vertex -8.1 1.03923 6
    endloop
  endfacet
  facet normal -0 -0 1
    outer loop
      vertex -33.7111 11.6697 6
      vertex -8.1 1.03923 6
      vertex -33.7443 11.8365 6
    endloop
  endfacet
  facet normal 0 0 1
    outer loop
      vertex -8.1 1.03923 6
      vertex -33.7111 11.6697 6
      vertex -8.23051 0.952024 6
    endloop
  endfacet
  facet normal -0 -0 1
    outer loop
      vertex -33.7 11.5 6
      vertex -8.23051 0.952024 6
      vertex -33.7111 11.6697 6
    endloop
  endfacet
endsolid OpenSCAD_Model
